ID,DOMAIN,TYPE,RUNTIME_REPRESENTATION,ENTRY_PATH,REACHABLE,RENDERED,INTERACTION_CHECKED,RESULT,DEFECT,NOTES
"MASTER_TODAY","MASTER","ROUTER_ALIAS","COMPOSE_SCREEN","app/src/main/java/com/movefuel/mufil2/ui/master/TodayMasterDashboard.kt","YES","YES","YES","PASS","NONE","Runtime route rendered and representative interaction checked on Android emulator."
"MASTER_FUEL","MASTER","ROUTER_ALIAS","COMPOSE_SCREEN","app/src/main/java/com/movefuel/mufil2/ui/master/FuelMasterDashboard.kt","YES","YES","YES","PASS","NONE","Runtime route rendered and representative interaction checked on Android emulator."
"MASTER_TRAIN","MASTER","ROUTER_ALIAS","COMPOSE_SCREEN","app/src/main/java/com/movefuel/mufil2/ui/master/TrainMasterDashboard.kt","NO","STATIC","STATIC","NOT_RUNTIME_APPLICABLE","NONE","Bottom navigation resolves Train by persisted TrainState (TRS001/TRS002/TRS020/TRN001); direct master alias is not a reachable runtime destination."
"MASTER_PROGRESS","MASTER","ROUTER_ALIAS","COMPOSE_SCREEN","app/src/main/java/com/movefuel/mufil2/ui/master/ProgressMasterDashboard.kt","YES","YES","YES","PASS","NONE","Runtime route rendered and representative interaction checked on Android emulator."
"AUTH_001","AUTH","ROUTE","COMPOSE_SCREEN","app/src/main/java/com/movefuel/mufil2/ui/screens/auth/AUTH_001_SecureRestore.kt","YES","YES","YES","PASS","NONE","Runtime route rendered and representative interaction checked on Android emulator."
"AUTH_002","AUTH","ROUTE","COMPOSE_SCREEN","app/src/main/java/com/movefuel/mufil2/ui/screens/auth/AUTH_002_SignIn.kt","YES","YES","YES","PASS","NONE","Runtime route rendered and representative interaction checked on Android emulator."
"AUTH_003","AUTH","ROUTE","COMPOSE_SCREEN","app/src/main/java/com/movefuel/mufil2/ui/screens/auth/AUTH_003_CreateAccount.kt","NO","STATIC","STATIC","STATIC_ONLY","NOT_RUNTIME_TESTED","Registry/source verified; runtime route not exercised in this QA pass."
"AUTH_004","AUTH","ROUTE","COMPOSE_SCREEN","app/src/main/java/com/movefuel/mufil2/ui/screens/auth/AUTH_004_VerifyEmail.kt","NO","STATIC","STATIC","STATIC_ONLY","NOT_RUNTIME_TESTED","Registry/source verified; runtime route not exercised in this QA pass."
"AUTH_005","AUTH","ROUTE","COMPOSE_SCREEN","app/src/main/java/com/movefuel/mufil2/ui/screens/auth/AUTH_005_ResendVerification.kt","NO","STATIC","STATIC","STATIC_ONLY","NOT_RUNTIME_TESTED","Registry/source verified; runtime route not exercised in this QA pass."
"AUTH_006","AUTH","ROUTE","COMPOSE_SCREEN","app/src/main/java/com/movefuel/mufil2/ui/screens/auth/AUTH_006_VerificationSuccess.kt","NO","STATIC","STATIC","STATIC_ONLY","NOT_RUNTIME_TESTED","Registry/source verified; runtime route not exercised in this QA pass."
"AUTH_007","AUTH","ROUTE","COMPOSE_SCREEN","app/src/main/java/com/movefuel/mufil2/ui/screens/auth/AUTH_007_VerificationExpired.kt","NO","STATIC","STATIC","STATIC_ONLY","NOT_RUNTIME_TESTED","Registry/source verified; runtime route not exercised in this QA pass."
"AUTH_008","AUTH","ROUTE","COMPOSE_SCREEN","app/src/main/java/com/movefuel/mufil2/ui/screens/auth/AUTH_008_ForgotPassword.kt","NO","STATIC","STATIC","STATIC_ONLY","NOT_RUNTIME_TESTED","Registry/source verified; runtime route not exercised in this QA pass."
"AUTH_009","AUTH","ROUTE","COMPOSE_SCREEN","app/src/main/java/com/movefuel/mufil2/ui/screens/auth/AUTH_009_ResetPassword.kt","NO","STATIC","STATIC","STATIC_ONLY","NOT_RUNTIME_TESTED","Registry/source verified; runtime route not exercised in this QA pass."
"AUTH_010","AUTH","ROUTE","COMPOSE_SCREEN","app/src/main/java/com/movefuel/mufil2/ui/screens/auth/AUTH_010_PasswordResetSuccess.kt","NO","STATIC","STATIC","STATIC_ONLY","NOT_RUNTIME_TESTED","Registry/source verified; runtime route not exercised in this QA pass."
"AUTH_011","AUTH","ROUTE","COMPOSE_SCREEN","app/src/main/java/com/movefuel/mufil2/ui/screens/auth/AUTH_011_OfflineAccountState.kt","NO","STATIC","STATIC","STATIC_ONLY","NOT_RUNTIME_TESTED","Registry/source verified; runtime route not exercised in this QA pass."
"AUTH_012","AUTH","ROUTE","COMPOSE_SCREEN","app/src/main/java/com/movefuel/mufil2/ui/screens/auth/AUTH_012_SessionExpired.kt","NO","STATIC","STATIC","STATIC_ONLY","NOT_RUNTIME_TESTED","Registry/source verified; runtime route not exercised in this QA pass."
"ONB_001","ONB","ROUTE","COMPOSE_SCREEN","app/src/main/java/com/movefuel/mufil2/ui/screens/onb/ONB_001_Welcome.kt","NO","STATIC","STATIC","STATIC_ONLY","NOT_RUNTIME_TESTED","Registry/source verified; runtime route not exercised in this QA pass."
"ONB_002","ONB","ROUTE","COMPOSE_SCREEN","app/src/main/java/com/movefuel/mufil2/ui/screens/onb/ONB_002_SetupChoice.kt","NO","STATIC","STATIC","STATIC_ONLY","NOT_RUNTIME_TESTED","Registry/source verified; runtime route not exercised in this QA pass."
"ONB_003","ONB","ROUTE","COMPOSE_SCREEN","app/src/main/java/com/movefuel/mufil2/ui/screens/onb/ONB_003_Name.kt","NO","STATIC","STATIC","STATIC_ONLY","NOT_RUNTIME_TESTED","Registry/source verified; runtime route not exercised in this QA pass."
"ONB_004","ONB","ROUTE","COMPOSE_SCREEN","app/src/main/java/com/movefuel/mufil2/ui/screens/onb/ONB_004_DateOfBirth.kt","NO","STATIC","STATIC","STATIC_ONLY","NOT_RUNTIME_TESTED","Registry/source verified; runtime route not exercised in this QA pass."
"ONB_005","ONB","ROUTE","COMPOSE_SCREEN","app/src/main/java/com/movefuel/mufil2/ui/screens/onb/ONB_005_CountryLanguageTimezone.kt","NO","STATIC","STATIC","STATIC_ONLY","NOT_RUNTIME_TESTED","Registry/source verified; runtime route not exercised in this QA pass."
"ONB_006","ONB","ROUTE","COMPOSE_SCREEN","app/src/main/java/com/movefuel/mufil2/ui/screens/onb/ONB_006_Units.kt","NO","STATIC","STATIC","STATIC_ONLY","NOT_RUNTIME_TESTED","Registry/source verified; runtime route not exercised in this QA pass."
"ONB_007","ONB","ROUTE","COMPOSE_SCREEN","app/src/main/java/com/movefuel/mufil2/ui/screens/onb/ONB_007_Height.kt","NO","STATIC","STATIC","STATIC_ONLY","NOT_RUNTIME_TESTED","Registry/source verified; runtime route not exercised in this QA pass."
"ONB_008","ONB","ROUTE","COMPOSE_SCREEN","app/src/main/java/com/movefuel/mufil2/ui/screens/onb/ONB_008_CurrentWeight.kt","NO","STATIC","STATIC","STATIC_ONLY","NOT_RUNTIME_TESTED","Registry/source verified; runtime route not exercised in this QA pass."
"ONB_009","ONB","ROUTE","COMPOSE_SCREEN","app/src/main/java/com/movefuel/mufil2/ui/screens/onb/ONB_009_EnergyEstimationSetting.kt","NO","STATIC","STATIC","STATIC_ONLY","NOT_RUNTIME_TESTED","Registry/source verified; runtime route not exercised in this QA pass."
"ONB_010","ONB","ROUTE","COMPOSE_SCREEN","app/src/main/java/com/movefuel/mufil2/ui/screens/onb/ONB_010_DailyActivity.kt","NO","STATIC","STATIC","STATIC_ONLY","NOT_RUNTIME_TESTED","Registry/source verified; runtime route not exercised in this QA pass."
"ONB_011","ONB","ROUTE","COMPOSE_SCREEN","app/src/main/java/com/movefuel/mufil2/ui/screens/onb/ONB_011_OptionalBodyComposition.kt","NO","STATIC","STATIC","STATIC_ONLY","NOT_RUNTIME_TESTED","Registry/source verified; runtime route not exercised in this QA pass."
"ONB_012","ONB","ROUTE","COMPOSE_SCREEN","app/src/main/java/com/movefuel/mufil2/ui/screens/onb/ONB_012_PrimaryGoal.kt","NO","STATIC","STATIC","STATIC_ONLY","NOT_RUNTIME_TESTED","Registry/source verified; runtime route not exercised in this QA pass."
"ONB_013","ONB","ROUTE","COMPOSE_SCREEN","app/src/main/java/com/movefuel/mufil2/ui/screens/onb/ONB_013_TargetContext.kt","NO","STATIC","STATIC","STATIC_ONLY","NOT_RUNTIME_TESTED","Registry/source verified; runtime route not exercised in this QA pass."
"ONB_014","ONB","ROUTE","COMPOSE_SCREEN","app/src/main/java/com/movefuel/mufil2/ui/screens/onb/ONB_014_TrainingFrequency.kt","NO","STATIC","STATIC","STATIC_ONLY","NOT_RUNTIME_TESTED","Registry/source verified; runtime route not exercised in this QA pass."
"ONB_015","ONB","ROUTE","COMPOSE_SCREEN","app/src/main/java/com/movefuel/mufil2/ui/screens/onb/ONB_015_SessionDuration.kt","NO","STATIC","STATIC","STATIC_ONLY","NOT_RUNTIME_TESTED","Registry/source verified; runtime route not exercised in this QA pass."
"ONB_016","ONB","ROUTE","COMPOSE_SCREEN","app/src/main/java/com/movefuel/mufil2/ui/screens/onb/ONB_016_DietaryPreferences.kt","NO","STATIC","STATIC","STATIC_ONLY","NOT_RUNTIME_TESTED","Registry/source verified; runtime route not exercised in this QA pass."
"ONB_017","ONB","ROUTE","COMPOSE_SCREEN","app/src/main/java/com/movefuel/mufil2/ui/screens/onb/ONB_017_AllergiesAndExclusions.kt","NO","STATIC","STATIC","STATIC_ONLY","NOT_RUNTIME_TESTED","Registry/source verified; runtime route not exercised in this QA pass."
"ONB_018","ONB","ROUTE","COMPOSE_SCREEN","app/src/main/java/com/movefuel/mufil2/ui/screens/onb/ONB_018_TargetReviewAndFinish.kt","NO","STATIC","STATIC","STATIC_ONLY","NOT_RUNTIME_TESTED","Registry/source verified; runtime route not exercised in this QA pass."
"TOD_001","TOD","ROUTE","COMPOSE_SCREEN","app/src/main/java/com/movefuel/mufil2/ui/screens/tod/TOD_001_TodayDashboard.kt","NO","STATIC","STATIC","STATIC_ONLY","NOT_RUNTIME_TESTED","Registry/source verified; runtime route not exercised in this QA pass."
"TOD_002","TOD","ROUTE","COMPOSE_SCREEN","app/src/main/java/com/movefuel/mufil2/ui/screens/tod/TOD_002_NutritionExpanded.kt","NO","STATIC","STATIC","STATIC_ONLY","NOT_RUNTIME_TESTED","Registry/source verified; runtime route not exercised in this QA pass."
"TOD_003","TOD","ROUTE","COMPOSE_SCREEN","app/src/main/java/com/movefuel/mufil2/ui/screens/tod/TOD_003_NextActionDetail.kt","NO","STATIC","STATIC","STATIC_ONLY","NOT_RUNTIME_TESTED","Registry/source verified; runtime route not exercised in this QA pass."
"TOD_004","TOD","ROUTE","COMPOSE_SCREEN","app/src/main/java/com/movefuel/mufil2/ui/screens/tod/TOD_004_DeviceStatus.kt","NO","STATIC","STATIC","STATIC_ONLY","NOT_RUNTIME_TESTED","Registry/source verified; runtime route not exercised in this QA pass."
"TOD_005","TOD","ROUTE","COMPOSE_SCREEN","app/src/main/java/com/movefuel/mufil2/ui/screens/tod/TOD_005_TodayWorkoutPreview.kt","YES","YES","YES","PASS","NONE","Runtime route rendered and representative interaction checked on Android emulator."
"TOD_006","TOD","ROUTE","COMPOSE_SCREEN","app/src/main/java/com/movefuel/mufil2/ui/screens/tod/TOD_006_TodayMealPlan.kt","NO","STATIC","STATIC","STATIC_ONLY","NOT_RUNTIME_TESTED","Registry/source verified; runtime route not exercised in this QA pass."
"TOD_007","TOD","ROUTE","COMPOSE_SCREEN","app/src/main/java/com/movefuel/mufil2/ui/screens/tod/TOD_007_ConfirmedMeals.kt","NO","STATIC","STATIC","STATIC_ONLY","NOT_RUNTIME_TESTED","Registry/source verified; runtime route not exercised in this QA pass."
"TOD_008","TOD","ROUTE","COMPOSE_SCREEN","app/src/main/java/com/movefuel/mufil2/ui/screens/tod/TOD_008_TodayLoading.kt","NO","STATIC","STATIC","STATIC_ONLY","NOT_RUNTIME_TESTED","Registry/source verified; runtime route not exercised in this QA pass."
"TOD_009","TOD","ROUTE","COMPOSE_SCREEN","app/src/main/java/com/movefuel/mufil2/ui/screens/tod/TOD_009_TodayEmpty.kt","NO","STATIC","STATIC","STATIC_ONLY","NOT_RUNTIME_TESTED","Registry/source verified; runtime route not exercised in this QA pass."
"TOD_010","TOD","ROUTE","COMPOSE_SCREEN","app/src/main/java/com/movefuel/mufil2/ui/screens/tod/TOD_010_TodayUnknown.kt","NO","STATIC","STATIC","STATIC_ONLY","NOT_RUNTIME_TESTED","Registry/source verified; runtime route not exercised in this QA pass."
"TOD_011","TOD","ROUTE","COMPOSE_SCREEN","app/src/main/java/com/movefuel/mufil2/ui/screens/tod/TOD_011_TodayOffline.kt","NO","STATIC","STATIC","STATIC_ONLY","NOT_RUNTIME_TESTED","Registry/source verified; runtime route not exercised in this QA pass."
"TOD_012","TOD","ROUTE","COMPOSE_SCREEN","app/src/main/java/com/movefuel/mufil2/ui/screens/tod/TOD_012_TodayStale.kt","NO","STATIC","STATIC","STATIC_ONLY","NOT_RUNTIME_TESTED","Registry/source verified; runtime route not exercised in this QA pass."
"CAM_001","CAM","ROUTE","COMPOSE_SCREEN","app/src/main/java/com/movefuel/mufil2/ui/screens/cam/CAM_001_FoodCamera.kt","YES","YES","YES","PASS","NONE","Runtime route rendered and representative interaction checked on Android emulator."
"CAM_002","CAM","ROUTE","COMPOSE_SCREEN","app/src/main/java/com/movefuel/mufil2/ui/screens/cam/CAM_002_CameraPermission.kt","NO","STATIC","STATIC","STATIC_ONLY","NOT_RUNTIME_TESTED","Registry/source verified; runtime route not exercised in this QA pass."
"CAM_003","CAM","ROUTE","COMPOSE_SCREEN","app/src/main/java/com/movefuel/mufil2/ui/screens/cam/CAM_003_FoodFraming.kt","NO","STATIC","STATIC","STATIC_ONLY","NOT_RUNTIME_TESTED","Registry/source verified; runtime route not exercised in this QA pass."
"CAM_004","CAM","ROUTE","COMPOSE_SCREEN","app/src/main/java/com/movefuel/mufil2/ui/screens/cam/CAM_004_GalleryPicker.kt","NO","STATIC","STATIC","STATIC_ONLY","NOT_RUNTIME_TESTED","Registry/source verified; runtime route not exercised in this QA pass."
"CAM_005","CAM","ROUTE","COMPOSE_SCREEN","app/src/main/java/com/movefuel/mufil2/ui/screens/cam/CAM_005_ImagePreview.kt","YES","YES","YES","PASS","NONE","Runtime route rendered and representative interaction checked on Android emulator."
"CAM_006","CAM","ROUTE","COMPOSE_SCREEN","app/src/main/java/com/movefuel/mufil2/ui/screens/cam/CAM_006_CheckingImage.kt","YES","YES","YES","PASS","NONE","Runtime route rendered and representative interaction checked on Android emulator."
"CAM_007","CAM","ROUTE","COMPOSE_SCREEN","app/src/main/java/com/movefuel/mufil2/ui/screens/cam/CAM_007_DetectingFoods.kt","YES","YES","YES","PASS","NONE","Runtime route rendered and representative interaction checked on Android emulator."
"CAM_008","CAM","ROUTE","COMPOSE_SCREEN","app/src/main/java/com/movefuel/mufil2/ui/screens/cam/CAM_008_MultiFoodDetection.kt","YES","YES","YES","PASS","NONE","Runtime route rendered and representative interaction checked on Android emulator."
"CAM_009","CAM","ROUTE","COMPOSE_SCREEN","app/src/main/java/com/movefuel/mufil2/ui/screens/cam/CAM_009_EstimatingPortions.kt","YES","YES","YES","PASS","NONE","Runtime route rendered and representative interaction checked on Android emulator."
"CAM_010","CAM","ROUTE","COMPOSE_SCREEN","app/src/main/java/com/movefuel/mufil2/ui/screens/cam/CAM_010_NutritionMatching.kt","YES","YES","YES","PASS","NONE","Runtime route rendered and representative interaction checked on Android emulator."
"CAM_011","CAM","ROUTE","COMPOSE_SCREEN","app/src/main/java/com/movefuel/mufil2/ui/screens/cam/CAM_011_DetectedFoodReview.kt","YES","YES","YES","PASS","NONE","Runtime route rendered and representative interaction checked on Android emulator."
"CAM_012","CAM","ROUTE","COMPOSE_SCREEN","app/src/main/java/com/movefuel/mufil2/ui/screens/cam/CAM_012_EditFoodIdentity.kt","YES","YES","YES","PASS","NONE","Runtime route rendered and representative interaction checked on Android emulator."
"CAM_013","CAM","ROUTE","COMPOSE_SCREEN","app/src/main/java/com/movefuel/mufil2/ui/screens/cam/CAM_013_EditPortion.kt","NO","STATIC","STATIC","STATIC_ONLY","NOT_RUNTIME_TESTED","Registry/source verified; runtime route not exercised in this QA pass."
"CAM_014","CAM","ROUTE","COMPOSE_SCREEN","app/src/main/java/com/movefuel/mufil2/ui/screens/cam/CAM_014_AddMissedFood.kt","NO","STATIC","STATIC","STATIC_ONLY","NOT_RUNTIME_TESTED","Registry/source verified; runtime route not exercised in this QA pass."
"CAM_015","CAM","ROUTE","COMPOSE_SCREEN","app/src/main/java/com/movefuel/mufil2/ui/screens/cam/CAM_015_LowConfidenceClarification.kt","NO","STATIC","STATIC","STATIC_ONLY","NOT_RUNTIME_TESTED","Registry/source verified; runtime route not exercised in this QA pass."
"CAM_016","CAM","ROUTE","COMPOSE_SCREEN","app/src/main/java/com/movefuel/mufil2/ui/screens/cam/CAM_016_NutritionUnavailable.kt","NO","STATIC","STATIC","STATIC_ONLY","NOT_RUNTIME_TESTED","Registry/source verified; runtime route not exercised in this QA pass."
"CAM_017","CAM","ROUTE","COMPOSE_SCREEN","app/src/main/java/com/movefuel/mufil2/ui/screens/cam/CAM_017_FinalMealReview.kt","YES","YES","YES","PASS","NONE","Runtime route rendered and representative interaction checked on Android emulator."
"CAM_018","CAM","ROUTE","COMPOSE_SCREEN","app/src/main/java/com/movefuel/mufil2/ui/screens/cam/CAM_018_AnalysisFailure.kt","NO","STATIC","STATIC","STATIC_ONLY","NOT_RUNTIME_TESTED","Registry/source verified; runtime route not exercised in this QA pass."
"BAR_001","BAR","ROUTE","COMPOSE_SCREEN","app/src/main/java/com/movefuel/mufil2/ui/screens/bar/BAR_001_BarcodeScanner.kt","YES","YES","YES","PASS","NONE","Runtime route rendered and representative interaction checked on Android emulator."
"BAR_002","BAR","ROUTE","COMPOSE_SCREEN","app/src/main/java/com/movefuel/mufil2/ui/screens/bar/BAR_002_Scanning.kt","YES","YES","YES","PASS","NONE","Runtime route rendered and representative interaction checked on Android emulator."
"BAR_003","BAR","ROUTE","COMPOSE_SCREEN","app/src/main/java/com/movefuel/mufil2/ui/screens/bar/BAR_003_BarcodeDetected.kt","YES","YES","YES","PASS","NONE","Runtime route rendered and representative interaction checked on Android emulator."
"BAR_004","BAR","ROUTE","COMPOSE_SCREEN","app/src/main/java/com/movefuel/mufil2/ui/screens/bar/BAR_004_ProductLookup.kt","YES","YES","YES","PASS","NONE","Runtime route rendered and representative interaction checked on Android emulator."
"BAR_005","BAR","ROUTE","COMPOSE_SCREEN","app/src/main/java/com/movefuel/mufil2/ui/screens/bar/BAR_005_ProductFound.kt","YES","YES","YES","PASS","NONE","Runtime route rendered and representative interaction checked on Android emulator."
"BAR_006","BAR","ROUTE","COMPOSE_SCREEN","app/src/main/java/com/movefuel/mufil2/ui/screens/bar/BAR_006_ServingSelector.kt","YES","YES","YES","PASS","NONE","Runtime route rendered and representative interaction checked on Android emulator."
"BAR_007","BAR","ROUTE","COMPOSE_SCREEN","app/src/main/java/com/movefuel/mufil2/ui/screens/bar/BAR_007_ExpandedNutrition.kt","NO","STATIC","STATIC","STATIC_ONLY","NOT_RUNTIME_TESTED","Registry/source verified; runtime route not exercised in this QA pass."
"BAR_008","BAR","ROUTE","COMPOSE_SCREEN","app/src/main/java/com/movefuel/mufil2/ui/screens/bar/BAR_008_IngredientsAndAllergens.kt","NO","STATIC","STATIC","STATIC_ONLY","NOT_RUNTIME_TESTED","Registry/source verified; runtime route not exercised in this QA pass."
"BAR_009","BAR","ROUTE","COMPOSE_SCREEN","app/src/main/java/com/movefuel/mufil2/ui/screens/bar/BAR_009_AddToMeal.kt","YES","YES","YES","PASS","NONE","Runtime route rendered and representative interaction checked on Android emulator."
"BAR_010","BAR","ROUTE","COMPOSE_SCREEN","app/src/main/java/com/movefuel/mufil2/ui/screens/bar/BAR_010_MealSelector.kt","YES","YES","YES","PASS","NONE","Runtime route rendered and representative interaction checked on Android emulator."
"BAR_011","BAR","ROUTE","COMPOSE_SCREEN","app/src/main/java/com/movefuel/mufil2/ui/screens/bar/BAR_011_ConfirmProduct.kt","YES","YES","YES","PASS","NONE","Runtime route rendered and representative interaction checked on Android emulator."
"BAR_012","BAR","ROUTE","COMPOSE_SCREEN","app/src/main/java/com/movefuel/mufil2/ui/screens/bar/BAR_012_AddToShop.kt","NO","STATIC","STATIC","STATIC_ONLY","NOT_RUNTIME_TESTED","Registry/source verified; runtime route not exercised in this QA pass."
"BAR_013","BAR","ROUTE","COMPOSE_SCREEN","app/src/main/java/com/movefuel/mufil2/ui/screens/bar/BAR_013_ProductNotFound.kt","NO","STATIC","STATIC","STATIC_ONLY","NOT_RUNTIME_TESTED","Registry/source verified; runtime route not exercised in this QA pass."
"BAR_014","BAR","ROUTE","COMPOSE_SCREEN","app/src/main/java/com/movefuel/mufil2/ui/screens/bar/BAR_014_NutritionLabelCamera.kt","NO","STATIC","STATIC","STATIC_ONLY","NOT_RUNTIME_TESTED","Registry/source verified; runtime route not exercised in this QA pass."
"BAR_015","BAR","ROUTE","COMPOSE_SCREEN","app/src/main/java/com/movefuel/mufil2/ui/screens/bar/BAR_015_LabelReview.kt","NO","STATIC","STATIC","STATIC_ONLY","NOT_RUNTIME_TESTED","Registry/source verified; runtime route not exercised in this QA pass."
"BAR_016","BAR","ROUTE","COMPOSE_SCREEN","app/src/main/java/com/movefuel/mufil2/ui/screens/bar/BAR_016_CustomProduct.kt","NO","STATIC","STATIC","STATIC_ONLY","NOT_RUNTIME_TESTED","Registry/source verified; runtime route not exercised in this QA pass."
"FNO_001","FNO","ROUTE","COMPOSE_SCREEN","app/src/main/java/com/movefuel/mufil2/ui/screens/fno/FNO_001_FuelNowDashboard.kt","YES","YES","YES","PASS","NONE","Runtime route rendered and representative interaction checked on Android emulator."
"FNO_002","FNO","ROUTE","COMPOSE_SCREEN","app/src/main/java/com/movefuel/mufil2/ui/screens/fno/FNO_002_SelectedDate.kt","NO","STATIC","STATIC","STATIC_ONLY","NOT_RUNTIME_TESTED","Registry/source verified; runtime route not exercised in this QA pass."
"FNO_003","FNO","ROUTE","COMPOSE_SCREEN","app/src/main/java/com/movefuel/mufil2/ui/screens/fno/FNO_003_NutritionSummary.kt","NO","STATIC","STATIC","STATIC_ONLY","NOT_RUNTIME_TESTED","Registry/source verified; runtime route not exercised in this QA pass."
"FNO_004","FNO","ROUTE","COMPOSE_SCREEN","app/src/main/java/com/movefuel/mufil2/ui/screens/fno/FNO_004_ExpandedNutrition.kt","NO","STATIC","STATIC","STATIC_ONLY","NOT_RUNTIME_TESTED","Registry/source verified; runtime route not exercised in this QA pass."
"FNO_005","FNO","ROUTE","COMPOSE_SCREEN","app/src/main/java/com/movefuel/mufil2/ui/screens/fno/FNO_005_MealGroups.kt","NO","STATIC","STATIC","STATIC_ONLY","NOT_RUNTIME_TESTED","Registry/source verified; runtime route not exercised in this QA pass."
"FNO_006","FNO","ROUTE","COMPOSE_SCREEN","app/src/main/java/com/movefuel/mufil2/ui/screens/fno/FNO_006_MealDetail.kt","NO","STATIC","STATIC","STATIC_ONLY","NOT_RUNTIME_TESTED","Registry/source verified; runtime route not exercised in this QA pass."
"FNO_007","FNO","ROUTE","COMPOSE_SCREEN","app/src/main/java/com/movefuel/mufil2/ui/screens/fno/FNO_007_EditMeal.kt","NO","STATIC","STATIC","STATIC_ONLY","NOT_RUNTIME_TESTED","Registry/source verified; runtime route not exercised in this QA pass."
"FNO_008","FNO","ROUTE","COMPOSE_SCREEN","app/src/main/java/com/movefuel/mufil2/ui/screens/fno/FNO_008_DeleteMealConfirmation.kt","NO","STATIC","STATIC","STATIC_ONLY","NOT_RUNTIME_TESTED","Registry/source verified; runtime route not exercised in this QA pass."
"FNO_009","FNO","ROUTE","COMPOSE_SCREEN","app/src/main/java/com/movefuel/mufil2/ui/screens/fno/FNO_009_AddFoodMenu.kt","YES","YES","YES","PASS","NONE","Runtime route rendered and representative interaction checked on Android emulator."
"FNO_010","FNO","ROUTE","COMPOSE_SCREEN","app/src/main/java/com/movefuel/mufil2/ui/screens/fno/FNO_010_FoodSearch.kt","YES","YES","YES","PASS","NONE","Runtime route rendered and representative interaction checked on Android emulator."
"FNO_011","FNO","ROUTE","COMPOSE_SCREEN","app/src/main/java/com/movefuel/mufil2/ui/screens/fno/FNO_011_FoodDetail.kt","YES","YES","YES","PASS","NONE","Runtime route rendered and representative interaction checked on Android emulator."
"FNO_012","FNO","ROUTE","COMPOSE_SCREEN","app/src/main/java/com/movefuel/mufil2/ui/screens/fno/FNO_012_ServingSelector.kt","YES","YES","YES","PASS","NONE","Retested after scroll-shell layout fix; Confirm food is above the reserved bottom navigation area."
"FNO_013","FNO","ROUTE","COMPOSE_SCREEN","app/src/main/java/com/movefuel/mufil2/ui/screens/fno/FNO_013_RecentFoods.kt","NO","STATIC","STATIC","STATIC_ONLY","NOT_RUNTIME_TESTED","Registry/source verified; runtime route not exercised in this QA pass."
"FNO_014","FNO","ROUTE","COMPOSE_SCREEN","app/src/main/java/com/movefuel/mufil2/ui/screens/fno/FNO_014_FrequentFoods.kt","NO","STATIC","STATIC","STATIC_ONLY","NOT_RUNTIME_TESTED","Registry/source verified; runtime route not exercised in this QA pass."
"FNO_015","FNO","ROUTE","COMPOSE_SCREEN","app/src/main/java/com/movefuel/mufil2/ui/screens/fno/FNO_015_Favorites.kt","NO","STATIC","STATIC","STATIC_ONLY","NOT_RUNTIME_TESTED","Registry/source verified; runtime route not exercised in this QA pass."
"FNO_016","FNO","ROUTE","COMPOSE_SCREEN","app/src/main/java/com/movefuel/mufil2/ui/screens/fno/FNO_016_SavedMeals.kt","NO","STATIC","STATIC","STATIC_ONLY","NOT_RUNTIME_TESTED","Registry/source verified; runtime route not exercised in this QA pass."
"FNO_017","FNO","ROUTE","COMPOSE_SCREEN","app/src/main/java/com/movefuel/mufil2/ui/screens/fno/FNO_017_FuelEmpty.kt","NO","STATIC","STATIC","STATIC_ONLY","NOT_RUNTIME_TESTED","Registry/source verified; runtime route not exercised in this QA pass."
"FNO_018","FNO","ROUTE","COMPOSE_SCREEN","app/src/main/java/com/movefuel/mufil2/ui/screens/fno/FNO_018_FuelOffline.kt","NO","STATIC","STATIC","STATIC_ONLY","NOT_RUNTIME_TESTED","Registry/source verified; runtime route not exercised in this QA pass."
"FPL_001","FPL","ROUTE","COMPOSE_SCREEN","app/src/main/java/com/movefuel/mufil2/ui/screens/fpl/FPL_001_FuelPlanDashboard.kt","YES","YES","YES","PASS","NONE","Runtime route rendered and representative interaction checked on Android emulator."
"FPL_002","FPL","ROUTE","COMPOSE_SCREEN","app/src/main/java/com/movefuel/mufil2/ui/screens/fpl/FPL_002_PlanDayView.kt","NO","STATIC","STATIC","STATIC_ONLY","NOT_RUNTIME_TESTED","Registry/source verified; runtime route not exercised in this QA pass."
"FPL_003","FPL","ROUTE","COMPOSE_SCREEN","app/src/main/java/com/movefuel/mufil2/ui/screens/fpl/FPL_003_PlanWeekView.kt","NO","STATIC","STATIC","STATIC_ONLY","NOT_RUNTIME_TESTED","Registry/source verified; runtime route not exercised in this QA pass."
"FPL_004","FPL","ROUTE","COMPOSE_SCREEN","app/src/main/java/com/movefuel/mufil2/ui/screens/fpl/FPL_004_PlanMonthView.kt","NO","STATIC","STATIC","STATIC_ONLY","NOT_RUNTIME_TESTED","Registry/source verified; runtime route not exercised in this QA pass."
"FPL_005","FPL","ROUTE","COMPOSE_SCREEN","app/src/main/java/com/movefuel/mufil2/ui/screens/fpl/FPL_005_PlanPreferences.kt","NO","STATIC","STATIC","STATIC_ONLY","NOT_RUNTIME_TESTED","Registry/source verified; runtime route not exercised in this QA pass."
"FPL_006","FPL","ROUTE","COMPOSE_SCREEN","app/src/main/java/com/movefuel/mufil2/ui/screens/fpl/FPL_006_DietPreferences.kt","NO","STATIC","STATIC","STATIC_ONLY","NOT_RUNTIME_TESTED","Registry/source verified; runtime route not exercised in this QA pass."
"FPL_007","FPL","ROUTE","COMPOSE_SCREEN","app/src/main/java/com/movefuel/mufil2/ui/screens/fpl/FPL_007_AllergyRules.kt","NO","STATIC","STATIC","STATIC_ONLY","NOT_RUNTIME_TESTED","Registry/source verified; runtime route not exercised in this QA pass."
"FPL_008","FPL","ROUTE","COMPOSE_SCREEN","app/src/main/java/com/movefuel/mufil2/ui/screens/fpl/FPL_008_CuisinePreferences.kt","NO","STATIC","STATIC","STATIC_ONLY","NOT_RUNTIME_TESTED","Registry/source verified; runtime route not exercised in this QA pass."
"FPL_009","FPL","ROUTE","COMPOSE_SCREEN","app/src/main/java/com/movefuel/mufil2/ui/screens/fpl/FPL_009_CookingPreferences.kt","NO","STATIC","STATIC","STATIC_ONLY","NOT_RUNTIME_TESTED","Registry/source verified; runtime route not exercised in this QA pass."
"FPL_010","FPL","ROUTE","COMPOSE_SCREEN","app/src/main/java/com/movefuel/mufil2/ui/screens/fpl/FPL_010_BudgetPreferences.kt","NO","STATIC","STATIC","STATIC_ONLY","NOT_RUNTIME_TESTED","Registry/source verified; runtime route not exercised in this QA pass."
"FPL_011","FPL","ROUTE","COMPOSE_SCREEN","app/src/main/java/com/movefuel/mufil2/ui/screens/fpl/FPL_011_PantryContext.kt","NO","STATIC","STATIC","STATIC_ONLY","NOT_RUNTIME_TESTED","Registry/source verified; runtime route not exercised in this QA pass."
"FPL_012","FPL","ROUTE","COMPOSE_SCREEN","app/src/main/java/com/movefuel/mufil2/ui/screens/fpl/FPL_012_TrainingContext.kt","NO","STATIC","STATIC","STATIC_ONLY","NOT_RUNTIME_TESTED","Registry/source verified; runtime route not exercised in this QA pass."
"FPL_013","FPL","ROUTE","COMPOSE_SCREEN","app/src/main/java/com/movefuel/mufil2/ui/screens/fpl/FPL_013_PlanSetupReview.kt","NO","STATIC","STATIC","STATIC_ONLY","NOT_RUNTIME_TESTED","Registry/source verified; runtime route not exercised in this QA pass."
"FPL_014","FPL","ROUTE","COMPOSE_SCREEN","app/src/main/java/com/movefuel/mufil2/ui/screens/fpl/FPL_014_GeneratingMealPlan.kt","NO","STATIC","STATIC","STATIC_ONLY","NOT_RUNTIME_TESTED","Registry/source verified; runtime route not exercised in this QA pass."
"FPL_015","FPL","ROUTE","COMPOSE_SCREEN","app/src/main/java/com/movefuel/mufil2/ui/screens/fpl/FPL_015_WeeklyProposal.kt","NO","STATIC","STATIC","STATIC_ONLY","NOT_RUNTIME_TESTED","Registry/source verified; runtime route not exercised in this QA pass."
"FPL_016","FPL","ROUTE","COMPOSE_SCREEN","app/src/main/java/com/movefuel/mufil2/ui/screens/fpl/FPL_016_DayProposal.kt","NO","STATIC","STATIC","STATIC_ONLY","NOT_RUNTIME_TESTED","Registry/source verified; runtime route not exercised in this QA pass."
"FPL_017","FPL","ROUTE","COMPOSE_SCREEN","app/src/main/java/com/movefuel/mufil2/ui/screens/fpl/FPL_017_PlannedMealDetail.kt","NO","STATIC","STATIC","STATIC_ONLY","NOT_RUNTIME_TESTED","Registry/source verified; runtime route not exercised in this QA pass."
"FPL_018","FPL","ROUTE","COMPOSE_SCREEN","app/src/main/java/com/movefuel/mufil2/ui/screens/fpl/FPL_018_SwapMeal.kt","NO","STATIC","STATIC","STATIC_ONLY","NOT_RUNTIME_TESTED","Registry/source verified; runtime route not exercised in this QA pass."
"FPL_019","FPL","ROUTE","COMPOSE_SCREEN","app/src/main/java/com/movefuel/mufil2/ui/screens/fpl/FPL_019_MealAlternatives.kt","NO","STATIC","STATIC","STATIC_ONLY","NOT_RUNTIME_TESTED","Registry/source verified; runtime route not exercised in this QA pass."
"FPL_020","FPL","ROUTE","COMPOSE_SCREEN","app/src/main/java/com/movefuel/mufil2/ui/screens/fpl/FPL_020_ServingChange.kt","NO","STATIC","STATIC","STATIC_ONLY","NOT_RUNTIME_TESTED","Registry/source verified; runtime route not exercised in this QA pass."
"FPL_021","FPL","ROUTE","COMPOSE_SCREEN","app/src/main/java/com/movefuel/mufil2/ui/screens/fpl/FPL_021_MoveMeal.kt","NO","STATIC","STATIC","STATIC_ONLY","NOT_RUNTIME_TESTED","Registry/source verified; runtime route not exercised in this QA pass."
"FPL_022","FPL","ROUTE","COMPOSE_SCREEN","app/src/main/java/com/movefuel/mufil2/ui/screens/fpl/FPL_022_PlanConflict.kt","NO","STATIC","STATIC","STATIC_ONLY","NOT_RUNTIME_TESTED","Registry/source verified; runtime route not exercised in this QA pass."
"FPL_023","FPL","ROUTE","COMPOSE_SCREEN","app/src/main/java/com/movefuel/mufil2/ui/screens/fpl/FPL_023_ConfirmPlan.kt","NO","STATIC","STATIC","STATIC_ONLY","NOT_RUNTIME_TESTED","Registry/source verified; runtime route not exercised in this QA pass."
"FPL_024","FPL","ROUTE","COMPOSE_SCREEN","app/src/main/java/com/movefuel/mufil2/ui/screens/fpl/FPL_024_PlanRevisionHistory.kt","NO","STATIC","STATIC","STATIC_ONLY","NOT_RUNTIME_TESTED","Registry/source verified; runtime route not exercised in this QA pass."
"FSH_001","FSH","ROUTE","COMPOSE_SCREEN","app/src/main/java/com/movefuel/mufil2/ui/screens/fsh/FSH_001_ShopDashboard.kt","YES","YES","YES","PASS","NONE","Runtime route rendered and representative interaction checked on Android emulator."
"FSH_002","FSH","ROUTE","COMPOSE_SCREEN","app/src/main/java/com/movefuel/mufil2/ui/screens/fsh/FSH_002_ShoppingList.kt","NO","STATIC","STATIC","STATIC_ONLY","NOT_RUNTIME_TESTED","Registry/source verified; runtime route not exercised in this QA pass."
"FSH_003","FSH","ROUTE","COMPOSE_SCREEN","app/src/main/java/com/movefuel/mufil2/ui/screens/fsh/FSH_003_ShoppingItemDetail.kt","NO","STATIC","STATIC","STATIC_ONLY","NOT_RUNTIME_TESTED","Registry/source verified; runtime route not exercised in this QA pass."
"FSH_004","FSH","ROUTE","COMPOSE_SCREEN","app/src/main/java/com/movefuel/mufil2/ui/screens/fsh/FSH_004_EditShoppingItem.kt","NO","STATIC","STATIC","STATIC_ONLY","NOT_RUNTIME_TESTED","Registry/source verified; runtime route not exercised in this QA pass."
"FSH_005","FSH","ROUTE","COMPOSE_SCREEN","app/src/main/java/com/movefuel/mufil2/ui/screens/fsh/FSH_005_MarkPurchased.kt","NO","STATIC","STATIC","STATIC_ONLY","NOT_RUNTIME_TESTED","Registry/source verified; runtime route not exercised in this QA pass."
"FSH_006","FSH","ROUTE","COMPOSE_SCREEN","app/src/main/java/com/movefuel/mufil2/ui/screens/fsh/FSH_006_UndoPurchased.kt","NO","STATIC","STATIC","STATIC_ONLY","NOT_RUNTIME_TESTED","Registry/source verified; runtime route not exercised in this QA pass."
"FSH_007","FSH","ROUTE","COMPOSE_SCREEN","app/src/main/java/com/movefuel/mufil2/ui/screens/fsh/FSH_007_AddShoppingItem.kt","NO","STATIC","STATIC","STATIC_ONLY","NOT_RUNTIME_TESTED","Registry/source verified; runtime route not exercised in this QA pass."
"FSH_008","FSH","ROUTE","COMPOSE_SCREEN","app/src/main/java/com/movefuel/mufil2/ui/screens/fsh/FSH_008_SearchGrocery.kt","NO","STATIC","STATIC","STATIC_ONLY","NOT_RUNTIME_TESTED","Registry/source verified; runtime route not exercised in this QA pass."
"FSH_009","FSH","ROUTE","COMPOSE_SCREEN","app/src/main/java/com/movefuel/mufil2/ui/screens/fsh/FSH_009_ManualGroceryItem.kt","NO","STATIC","STATIC","STATIC_ONLY","NOT_RUNTIME_TESTED","Registry/source verified; runtime route not exercised in this QA pass."
"FSH_010","FSH","ROUTE","COMPOSE_SCREEN","app/src/main/java/com/movefuel/mufil2/ui/screens/fsh/FSH_010_ScanGroceryBarcode.kt","NO","STATIC","STATIC","STATIC_ONLY","NOT_RUNTIME_TESTED","Registry/source verified; runtime route not exercised in this QA pass."
"FSH_011","FSH","ROUTE","COMPOSE_SCREEN","app/src/main/java/com/movefuel/mufil2/ui/screens/fsh/FSH_011_PlanRequirements.kt","NO","STATIC","STATIC","STATIC_ONLY","NOT_RUNTIME_TESTED","Registry/source verified; runtime route not exercised in this QA pass."
"FSH_012","FSH","ROUTE","COMPOSE_SCREEN","app/src/main/java/com/movefuel/mufil2/ui/screens/fsh/FSH_012_ConsolidatedIngredients.kt","NO","STATIC","STATIC","STATIC_ONLY","NOT_RUNTIME_TESTED","Registry/source verified; runtime route not exercised in this QA pass."
"FSH_013","FSH","ROUTE","COMPOSE_SCREEN","app/src/main/java/com/movefuel/mufil2/ui/screens/fsh/FSH_013_RecipeIngredients.kt","NO","STATIC","STATIC","STATIC_ONLY","NOT_RUNTIME_TESTED","Registry/source verified; runtime route not exercised in this QA pass."
"FSH_014","FSH","ROUTE","COMPOSE_SCREEN","app/src/main/java/com/movefuel/mufil2/ui/screens/fsh/FSH_014_Pantry.kt","NO","STATIC","STATIC","STATIC_ONLY","NOT_RUNTIME_TESTED","Registry/source verified; runtime route not exercised in this QA pass."
"FSH_015","FSH","ROUTE","COMPOSE_SCREEN","app/src/main/java/com/movefuel/mufil2/ui/screens/fsh/FSH_015_ShoppingEmpty.kt","NO","STATIC","STATIC","STATIC_ONLY","NOT_RUNTIME_TESTED","Registry/source verified; runtime route not exercised in this QA pass."
"FSH_016","FSH","ROUTE","COMPOSE_SCREEN","app/src/main/java/com/movefuel/mufil2/ui/screens/fsh/FSH_016_ShoppingOffline.kt","NO","STATIC","STATIC","STATIC_ONLY","NOT_RUNTIME_TESTED","Registry/source verified; runtime route not exercised in this QA pass."
"RCP_001","RCP","ROUTE","COMPOSE_SCREEN","app/src/main/java/com/movefuel/mufil2/ui/screens/rcp/RCP_001_RecipesDashboard.kt","YES","YES","YES","PASS","NONE","Runtime route rendered and representative interaction checked on Android emulator."
"RCP_002","RCP","ROUTE","COMPOSE_SCREEN","app/src/main/java/com/movefuel/mufil2/ui/screens/rcp/RCP_002_SavedRecipes.kt","YES","YES","YES","PASS","NONE","Runtime route rendered and representative interaction checked on Android emulator."
"RCP_003","RCP","ROUTE","COMPOSE_SCREEN","app/src/main/java/com/movefuel/mufil2/ui/screens/rcp/RCP_003_RecipeSearch.kt","NO","STATIC","STATIC","STATIC_ONLY","NOT_RUNTIME_TESTED","Registry/source verified; runtime route not exercised in this QA pass."
"RCP_004","RCP","ROUTE","COMPOSE_SCREEN","app/src/main/java/com/movefuel/mufil2/ui/screens/rcp/RCP_004_RecipeResults.kt","NO","STATIC","STATIC","STATIC_ONLY","NOT_RUNTIME_TESTED","Registry/source verified; runtime route not exercised in this QA pass."
"RCP_005","RCP","ROUTE","COMPOSE_SCREEN","app/src/main/java/com/movefuel/mufil2/ui/screens/rcp/RCP_005_RecipeDetail.kt","YES","YES","YES","PASS","NONE","Runtime route rendered and representative interaction checked on Android emulator."
"RCP_006","RCP","ROUTE","COMPOSE_SCREEN","app/src/main/java/com/movefuel/mufil2/ui/screens/rcp/RCP_006_RecipeNutrition.kt","NO","STATIC","STATIC","STATIC_ONLY","NOT_RUNTIME_TESTED","Registry/source verified; runtime route not exercised in this QA pass."
"RCP_007","RCP","ROUTE","COMPOSE_SCREEN","app/src/main/java/com/movefuel/mufil2/ui/screens/rcp/RCP_007_RecipeIngredients.kt","NO","STATIC","STATIC","STATIC_ONLY","NOT_RUNTIME_TESTED","Registry/source verified; runtime route not exercised in this QA pass."
"RCP_008","RCP","ROUTE","COMPOSE_SCREEN","app/src/main/java/com/movefuel/mufil2/ui/screens/rcp/RCP_008_CookingMode.kt","YES","YES","YES","PASS","NONE","Runtime route rendered and representative interaction checked on Android emulator."
"RCP_009","RCP","ROUTE","COMPOSE_SCREEN","app/src/main/java/com/movefuel/mufil2/ui/screens/rcp/RCP_009_CookingTimer.kt","NO","STATIC","STATIC","STATIC_ONLY","NOT_RUNTIME_TESTED","Registry/source verified; runtime route not exercised in this QA pass."
"RCP_010","RCP","ROUTE","COMPOSE_SCREEN","app/src/main/java/com/movefuel/mufil2/ui/screens/rcp/RCP_010_ServingAdjust.kt","NO","STATIC","STATIC","STATIC_ONLY","NOT_RUNTIME_TESTED","Registry/source verified; runtime route not exercised in this QA pass."
"RCP_011","RCP","ROUTE","COMPOSE_SCREEN","app/src/main/java/com/movefuel/mufil2/ui/screens/rcp/RCP_011_IngredientSubstitution.kt","NO","STATIC","STATIC","STATIC_ONLY","NOT_RUNTIME_TESTED","Registry/source verified; runtime route not exercised in this QA pass."
"RCP_012","RCP","ROUTE","COMPOSE_SCREEN","app/src/main/java/com/movefuel/mufil2/ui/screens/rcp/RCP_012_AddRecipeToPlan.kt","NO","STATIC","STATIC","STATIC_ONLY","NOT_RUNTIME_TESTED","Registry/source verified; runtime route not exercised in this QA pass."
"RCP_013","RCP","ROUTE","COMPOSE_SCREEN","app/src/main/java/com/movefuel/mufil2/ui/screens/rcp/RCP_013_AddRecipeToShop.kt","NO","STATIC","STATIC","STATIC_ONLY","NOT_RUNTIME_TESTED","Registry/source verified; runtime route not exercised in this QA pass."
"RCP_014","RCP","ROUTE","COMPOSE_SCREEN","app/src/main/java/com/movefuel/mufil2/ui/screens/rcp/RCP_014_LogRecipeAsMeal.kt","YES","YES","YES","PASS","NONE","Runtime route rendered and representative interaction checked on Android emulator."
"RCP_015","RCP","ROUTE","COMPOSE_SCREEN","app/src/main/java/com/movefuel/mufil2/ui/screens/rcp/RCP_015_CreateRecipe.kt","NO","STATIC","STATIC","STATIC_ONLY","NOT_RUNTIME_TESTED","Registry/source verified; runtime route not exercised in this QA pass."
"RCP_016","RCP","ROUTE","COMPOSE_SCREEN","app/src/main/java/com/movefuel/mufil2/ui/screens/rcp/RCP_016_CreateRecipeMetadata.kt","NO","STATIC","STATIC","STATIC_ONLY","NOT_RUNTIME_TESTED","Registry/source verified; runtime route not exercised in this QA pass."
"RCP_017","RCP","ROUTE","COMPOSE_SCREEN","app/src/main/java/com/movefuel/mufil2/ui/screens/rcp/RCP_017_CreateRecipeIngredients.kt","NO","STATIC","STATIC","STATIC_ONLY","NOT_RUNTIME_TESTED","Registry/source verified; runtime route not exercised in this QA pass."
"RCP_018","RCP","ROUTE","COMPOSE_SCREEN","app/src/main/java/com/movefuel/mufil2/ui/screens/rcp/RCP_018_CreateRecipeSteps.kt","NO","STATIC","STATIC","STATIC_ONLY","NOT_RUNTIME_TESTED","Registry/source verified; runtime route not exercised in this QA pass."
"RCP_019","RCP","ROUTE","COMPOSE_SCREEN","app/src/main/java/com/movefuel/mufil2/ui/screens/rcp/RCP_019_CreateRecipeReview.kt","NO","STATIC","STATIC","STATIC_ONLY","NOT_RUNTIME_TESTED","Registry/source verified; runtime route not exercised in this QA pass."
"RCP_020","RCP","ROUTE","COMPOSE_SCREEN","app/src/main/java/com/movefuel/mufil2/ui/screens/rcp/RCP_020_ImportSourceChoice.kt","NO","STATIC","STATIC","STATIC_ONLY","NOT_RUNTIME_TESTED","Registry/source verified; runtime route not exercised in this QA pass."
"RCP_021","RCP","ROUTE","COMPOSE_SCREEN","app/src/main/java/com/movefuel/mufil2/ui/screens/rcp/RCP_021_YouTubeImport.kt","NO","STATIC","STATIC","STATIC_ONLY","NOT_RUNTIME_TESTED","Registry/source verified; runtime route not exercised in this QA pass."
"RCP_022","RCP","ROUTE","COMPOSE_SCREEN","app/src/main/java/com/movefuel/mufil2/ui/screens/rcp/RCP_022_WebImport.kt","NO","STATIC","STATIC","STATIC_ONLY","NOT_RUNTIME_TESTED","Registry/source verified; runtime route not exercised in this QA pass."
"RCP_023","RCP","ROUTE","COMPOSE_SCREEN","app/src/main/java/com/movefuel/mufil2/ui/screens/rcp/RCP_023_TextImport.kt","NO","STATIC","STATIC","STATIC_ONLY","NOT_RUNTIME_TESTED","Registry/source verified; runtime route not exercised in this QA pass."
"RCP_024","RCP","ROUTE","COMPOSE_SCREEN","app/src/main/java/com/movefuel/mufil2/ui/screens/rcp/RCP_024_ValidateImportSource.kt","NO","STATIC","STATIC","STATIC_ONLY","NOT_RUNTIME_TESTED","Registry/source verified; runtime route not exercised in this QA pass."
"RCP_025","RCP","ROUTE","COMPOSE_SCREEN","app/src/main/java/com/movefuel/mufil2/ui/screens/rcp/RCP_025_ImportQueued.kt","NO","STATIC","STATIC","STATIC_ONLY","NOT_RUNTIME_TESTED","Registry/source verified; runtime route not exercised in this QA pass."
"RCP_026","RCP","ROUTE","COMPOSE_SCREEN","app/src/main/java/com/movefuel/mufil2/ui/screens/rcp/RCP_026_ReadingSource.kt","NO","STATIC","STATIC","STATIC_ONLY","NOT_RUNTIME_TESTED","Registry/source verified; runtime route not exercised in this QA pass."
"RCP_027","RCP","ROUTE","COMPOSE_SCREEN","app/src/main/java/com/movefuel/mufil2/ui/screens/rcp/RCP_027_ExtractingRecipeEvidence.kt","NO","STATIC","STATIC","STATIC_ONLY","NOT_RUNTIME_TESTED","Registry/source verified; runtime route not exercised in this QA pass."
"RCP_028","RCP","ROUTE","COMPOSE_SCREEN","app/src/main/java/com/movefuel/mufil2/ui/screens/rcp/RCP_028_NormalizingIngredients.kt","NO","STATIC","STATIC","STATIC_ONLY","NOT_RUNTIME_TESTED","Registry/source verified; runtime route not exercised in this QA pass."
"RCP_029","RCP","ROUTE","COMPOSE_SCREEN","app/src/main/java/com/movefuel/mufil2/ui/screens/rcp/RCP_029_MatchingTrustedFoods.kt","NO","STATIC","STATIC","STATIC_ONLY","NOT_RUNTIME_TESTED","Registry/source verified; runtime route not exercised in this QA pass."
"RCP_030","RCP","ROUTE","COMPOSE_SCREEN","app/src/main/java/com/movefuel/mufil2/ui/screens/rcp/RCP_030_CheckingNutritionEligibility.kt","NO","STATIC","STATIC","STATIC_ONLY","NOT_RUNTIME_TESTED","Registry/source verified; runtime route not exercised in this QA pass."
"RCP_031","RCP","ROUTE","COMPOSE_SCREEN","app/src/main/java/com/movefuel/mufil2/ui/screens/rcp/RCP_031_ImportNeedsReview.kt","NO","STATIC","STATIC","STATIC_ONLY","NOT_RUNTIME_TESTED","Registry/source verified; runtime route not exercised in this QA pass."
"RCP_032","RCP","ROUTE","COMPOSE_SCREEN","app/src/main/java/com/movefuel/mufil2/ui/screens/rcp/RCP_032_UnresolvedIngredient.kt","NO","STATIC","STATIC","STATIC_ONLY","NOT_RUNTIME_TESTED","Registry/source verified; runtime route not exercised in this QA pass."
"RCP_033","RCP","ROUTE","COMPOSE_SCREEN","app/src/main/java/com/movefuel/mufil2/ui/screens/rcp/RCP_033_MissingQuantity.kt","NO","STATIC","STATIC","STATIC_ONLY","NOT_RUNTIME_TESTED","Registry/source verified; runtime route not exercised in this QA pass."
"RCP_034","RCP","ROUTE","COMPOSE_SCREEN","app/src/main/java/com/movefuel/mufil2/ui/screens/rcp/RCP_034_MissingServings.kt","NO","STATIC","STATIC","STATIC_ONLY","NOT_RUNTIME_TESTED","Registry/source verified; runtime route not exercised in this QA pass."
"RCP_035","RCP","ROUTE","COMPOSE_SCREEN","app/src/main/java/com/movefuel/mufil2/ui/screens/rcp/RCP_035_RecipeImportConfirmation.kt","NO","STATIC","STATIC","STATIC_ONLY","NOT_RUNTIME_TESTED","Registry/source verified; runtime route not exercised in this QA pass."
"RCP_036","RCP","ROUTE","COMPOSE_SCREEN","app/src/main/java/com/movefuel/mufil2/ui/screens/rcp/RCP_036_RecipeImportFailure.kt","NO","STATIC","STATIC","STATIC_ONLY","NOT_RUNTIME_TESTED","Registry/source verified; runtime route not exercised in this QA pass."
"TRS_001","TRS","ROUTE","COMPOSE_SCREEN","app/src/main/java/com/movefuel/mufil2/ui/screens/trs/TRS_001_TrainSetupWelcome.kt","YES","YES","YES","PASS","NONE","Runtime route rendered and representative interaction checked on Android emulator."
"TRS_002","TRS","ROUTE","COMPOSE_SCREEN","app/src/main/java/com/movefuel/mufil2/ui/screens/trs/TRS_002_TrainingExperience.kt","YES","YES","YES","PASS","NONE","Runtime route rendered and representative interaction checked on Android emulator."
"TRS_003","TRS","ROUTE","COMPOSE_SCREEN","app/src/main/java/com/movefuel/mufil2/ui/screens/trs/TRS_003_ActivityExperience.kt","NO","STATIC","STATIC","STATIC_ONLY","NOT_RUNTIME_TESTED","Registry/source verified; runtime route not exercised in this QA pass."
"TRS_004","TRS","ROUTE","COMPOSE_SCREEN","app/src/main/java/com/movefuel/mufil2/ui/screens/trs/TRS_004_TrainingGoal.kt","NO","STATIC","STATIC","STATIC_ONLY","NOT_RUNTIME_TESTED","Registry/source verified; runtime route not exercised in this QA pass."
"TRS_005","TRS","ROUTE","COMPOSE_SCREEN","app/src/main/java/com/movefuel/mufil2/ui/screens/trs/TRS_005_PreferredActivities.kt","NO","STATIC","STATIC","STATIC_ONLY","NOT_RUNTIME_TESTED","Registry/source verified; runtime route not exercised in this QA pass."
"TRS_006","TRS","ROUTE","COMPOSE_SCREEN","app/src/main/java/com/movefuel/mufil2/ui/screens/trs/TRS_006_Environment.kt","NO","STATIC","STATIC","STATIC_ONLY","NOT_RUNTIME_TESTED","Registry/source verified; runtime route not exercised in this QA pass."
"TRS_007","TRS","ROUTE","COMPOSE_SCREEN","app/src/main/java/com/movefuel/mufil2/ui/screens/trs/TRS_007_Equipment.kt","NO","STATIC","STATIC","STATIC_ONLY","NOT_RUNTIME_TESTED","Registry/source verified; runtime route not exercised in this QA pass."
"TRS_008","TRS","ROUTE","COMPOSE_SCREEN","app/src/main/java/com/movefuel/mufil2/ui/screens/trs/TRS_008_WeeklyAvailability.kt","NO","STATIC","STATIC","STATIC_ONLY","NOT_RUNTIME_TESTED","Registry/source verified; runtime route not exercised in this QA pass."
"TRS_009","TRS","ROUTE","COMPOSE_SCREEN","app/src/main/java/com/movefuel/mufil2/ui/screens/trs/TRS_009_PreferredDays.kt","NO","STATIC","STATIC","STATIC_ONLY","NOT_RUNTIME_TESTED","Registry/source verified; runtime route not exercised in this QA pass."
"TRS_010","TRS","ROUTE","COMPOSE_SCREEN","app/src/main/java/com/movefuel/mufil2/ui/screens/trs/TRS_010_PreferredTime.kt","NO","STATIC","STATIC","STATIC_ONLY","NOT_RUNTIME_TESTED","Registry/source verified; runtime route not exercised in this QA pass."
"TRS_011","TRS","ROUTE","COMPOSE_SCREEN","app/src/main/java/com/movefuel/mufil2/ui/screens/trs/TRS_011_SessionDuration.kt","NO","STATIC","STATIC","STATIC_ONLY","NOT_RUNTIME_TESTED","Registry/source verified; runtime route not exercised in this QA pass."
"TRS_012","TRS","ROUTE","COMPOSE_SCREEN","app/src/main/java/com/movefuel/mufil2/ui/screens/trs/TRS_012_ExercisePreferences.kt","NO","STATIC","STATIC","STATIC_ONLY","NOT_RUNTIME_TESTED","Registry/source verified; runtime route not exercised in this QA pass."
"TRS_013","TRS","ROUTE","COMPOSE_SCREEN","app/src/main/java/com/movefuel/mufil2/ui/screens/trs/TRS_013_ExerciseDislikes.kt","NO","STATIC","STATIC","STATIC_ONLY","NOT_RUNTIME_TESTED","Registry/source verified; runtime route not exercised in this QA pass."
"TRS_014","TRS","ROUTE","COMPOSE_SCREEN","app/src/main/java/com/movefuel/mufil2/ui/screens/trs/TRS_014_MovementLimitations.kt","NO","STATIC","STATIC","STATIC_ONLY","NOT_RUNTIME_TESTED","Registry/source verified; runtime route not exercised in this QA pass."
"TRS_015","TRS","ROUTE","COMPOSE_SCREEN","app/src/main/java/com/movefuel/mufil2/ui/screens/trs/TRS_015_LongTermRestrictions.kt","NO","STATIC","STATIC","STATIC_ONLY","NOT_RUNTIME_TESTED","Registry/source verified; runtime route not exercised in this QA pass."
"TRS_016","TRS","ROUTE","COMPOSE_SCREEN","app/src/main/java/com/movefuel/mufil2/ui/screens/trs/TRS_016_PainSafety.kt","NO","STATIC","STATIC","STATIC_ONLY","NOT_RUNTIME_TESTED","Registry/source verified; runtime route not exercised in this QA pass."
"TRS_017","TRS","ROUTE","COMPOSE_SCREEN","app/src/main/java/com/movefuel/mufil2/ui/screens/trs/TRS_017_SorenessSetup.kt","NO","STATIC","STATIC","STATIC_ONLY","NOT_RUNTIME_TESTED","Registry/source verified; runtime route not exercised in this QA pass."
"TRS_018","TRS","ROUTE","COMPOSE_SCREEN","app/src/main/java/com/movefuel/mufil2/ui/screens/trs/TRS_018_ReadinessSetup.kt","NO","STATIC","STATIC","STATIC_ONLY","NOT_RUNTIME_TESTED","Registry/source verified; runtime route not exercised in this QA pass."
"TRS_019","TRS","ROUTE","COMPOSE_SCREEN","app/src/main/java/com/movefuel/mufil2/ui/screens/trs/TRS_019_PerformanceBaseline.kt","NO","STATIC","STATIC","STATIC_ONLY","NOT_RUNTIME_TESTED","Registry/source verified; runtime route not exercised in this QA pass."
"TRS_020","TRS","ROUTE","COMPOSE_SCREEN","app/src/main/java/com/movefuel/mufil2/ui/screens/trs/TRS_020_PlanPreview.kt","YES","YES","YES","PASS","NONE","Runtime route rendered and representative interaction checked on Android emulator."
"TRN_001","TRN","ROUTE","COMPOSE_SCREEN","app/src/main/java/com/movefuel/mufil2/ui/screens/trn/TRN_001_TrainNowDashboard.kt","YES","YES","YES","PASS","NONE","Runtime route rendered and representative interaction checked on Android emulator."
"TRN_002","TRN","ROUTE","COMPOSE_SCREEN","app/src/main/java/com/movefuel/mufil2/ui/screens/trn/TRN_002_ReadinessSummary.kt","NO","STATIC","STATIC","STATIC_ONLY","NOT_RUNTIME_TESTED","Registry/source verified; runtime route not exercised in this QA pass."
"TRN_003","TRN","ROUTE","COMPOSE_SCREEN","app/src/main/java/com/movefuel/mufil2/ui/screens/trn/TRN_003_ReadinessDetail.kt","NO","STATIC","STATIC","STATIC_ONLY","NOT_RUNTIME_TESTED","Registry/source verified; runtime route not exercised in this QA pass."
"TRN_004","TRN","ROUTE","COMPOSE_SCREEN","app/src/main/java/com/movefuel/mufil2/ui/screens/trn/TRN_004_WhyAdapted.kt","NO","STATIC","STATIC","STATIC_ONLY","NOT_RUNTIME_TESTED","Registry/source verified; runtime route not exercised in this QA pass."
"TRN_005","TRN","ROUTE","COMPOSE_SCREEN","app/src/main/java/com/movefuel/mufil2/ui/screens/trn/TRN_005_TodayWorkout.kt","NO","STATIC","STATIC","STATIC_ONLY","NOT_RUNTIME_TESTED","Registry/source verified; runtime route not exercised in this QA pass."
"TRN_006","TRN","ROUTE","COMPOSE_SCREEN","app/src/main/java/com/movefuel/mufil2/ui/screens/trn/TRN_006_WorkoutDetail.kt","NO","STATIC","STATIC","STATIC_ONLY","NOT_RUNTIME_TESTED","Registry/source verified; runtime route not exercised in this QA pass."
"TRN_007","TRN","ROUTE","COMPOSE_SCREEN","app/src/main/java/com/movefuel/mufil2/ui/screens/trn/TRN_007_StartWorkout.kt","YES","YES","YES","PASS","NONE","Runtime route rendered and representative interaction checked on Android emulator."
"TRN_008","TRN","ROUTE","COMPOSE_SCREEN","app/src/main/java/com/movefuel/mufil2/ui/screens/trn/TRN_008_RescheduleWorkout.kt","NO","STATIC","STATIC","STATIC_ONLY","NOT_RUNTIME_TESTED","Registry/source verified; runtime route not exercised in this QA pass."
"TRN_009","TRN","ROUTE","COMPOSE_SCREEN","app/src/main/java/com/movefuel/mufil2/ui/screens/trn/TRN_009_QuickStart.kt","NO","STATIC","STATIC","STATIC_ONLY","NOT_RUNTIME_TESTED","Registry/source verified; runtime route not exercised in this QA pass."
"TRN_010","TRN","ROUTE","COMPOSE_SCREEN","app/src/main/java/com/movefuel/mufil2/ui/screens/trn/TRN_010_WeeklyPlan.kt","NO","STATIC","STATIC","STATIC_ONLY","NOT_RUNTIME_TESTED","Registry/source verified; runtime route not exercised in this QA pass."
"TRN_011","TRN","ROUTE","COMPOSE_SCREEN","app/src/main/java/com/movefuel/mufil2/ui/screens/trn/TRN_011_WeeklyDayDetail.kt","NO","STATIC","STATIC","STATIC_ONLY","NOT_RUNTIME_TESTED","Registry/source verified; runtime route not exercised in this QA pass."
"TRN_012","TRN","ROUTE","COMPOSE_SCREEN","app/src/main/java/com/movefuel/mufil2/ui/screens/trn/TRN_012_LessTimeToday.kt","NO","STATIC","STATIC","STATIC_ONLY","NOT_RUNTIME_TESTED","Registry/source verified; runtime route not exercised in this QA pass."
"TRN_013","TRN","ROUTE","COMPOSE_SCREEN","app/src/main/java/com/movefuel/mufil2/ui/screens/trn/TRN_013_EquipmentUnavailable.kt","NO","STATIC","STATIC","STATIC_ONLY","NOT_RUNTIME_TESTED","Registry/source verified; runtime route not exercised in this QA pass."
"TRN_014","TRN","ROUTE","COMPOSE_SCREEN","app/src/main/java/com/movefuel/mufil2/ui/screens/trn/TRN_014_ReplacementOptions.kt","NO","STATIC","STATIC","STATIC_ONLY","NOT_RUNTIME_TESTED","Registry/source verified; runtime route not exercised in this QA pass."
"TRN_015","TRN","ROUTE","COMPOSE_SCREEN","app/src/main/java/com/movefuel/mufil2/ui/screens/trn/TRN_015_RecoveryDay.kt","NO","STATIC","STATIC","STATIC_ONLY","NOT_RUNTIME_TESTED","Registry/source verified; runtime route not exercised in this QA pass."
"TRN_016","TRN","ROUTE","COMPOSE_SCREEN","app/src/main/java/com/movefuel/mufil2/ui/screens/trn/TRN_016_MissedWorkout.kt","NO","STATIC","STATIC","STATIC_ONLY","NOT_RUNTIME_TESTED","Registry/source verified; runtime route not exercised in this QA pass."
"TRN_017","TRN","ROUTE","COMPOSE_SCREEN","app/src/main/java/com/movefuel/mufil2/ui/screens/trn/TRN_017_ProgramSettings.kt","NO","STATIC","STATIC","STATIC_ONLY","NOT_RUNTIME_TESTED","Registry/source verified; runtime route not exercised in this QA pass."
"TRN_018","TRN","ROUTE","COMPOSE_SCREEN","app/src/main/java/com/movefuel/mufil2/ui/screens/trn/TRN_018_ProgramRevisionHistory.kt","NO","STATIC","STATIC","STATIC_ONLY","NOT_RUNTIME_TESTED","Registry/source verified; runtime route not exercised in this QA pass."
"TRN_019","TRN","ROUTE","COMPOSE_SCREEN","app/src/main/java/com/movefuel/mufil2/ui/screens/trn/TRN_019_RecentWorkouts.kt","NO","STATIC","STATIC","STATIC_ONLY","NOT_RUNTIME_TESTED","Registry/source verified; runtime route not exercised in this QA pass."
"TRN_020","TRN","ROUTE","COMPOSE_SCREEN","app/src/main/java/com/movefuel/mufil2/ui/screens/trn/TRN_020_TrainLoading.kt","NO","STATIC","STATIC","STATIC_ONLY","NOT_RUNTIME_TESTED","Registry/source verified; runtime route not exercised in this QA pass."
"TRN_021","TRN","ROUTE","COMPOSE_SCREEN","app/src/main/java/com/movefuel/mufil2/ui/screens/trn/TRN_021_TrainEmpty.kt","NO","STATIC","STATIC","STATIC_ONLY","NOT_RUNTIME_TESTED","Registry/source verified; runtime route not exercised in this QA pass."
"TRN_022","TRN","ROUTE","COMPOSE_SCREEN","app/src/main/java/com/movefuel/mufil2/ui/screens/trn/TRN_022_TrainUnknown.kt","NO","STATIC","STATIC","STATIC_ONLY","NOT_RUNTIME_TESTED","Registry/source verified; runtime route not exercised in this QA pass."
"TRN_023","TRN","ROUTE","COMPOSE_SCREEN","app/src/main/java/com/movefuel/mufil2/ui/screens/trn/TRN_023_TrainOffline.kt","NO","STATIC","STATIC","STATIC_ONLY","NOT_RUNTIME_TESTED","Registry/source verified; runtime route not exercised in this QA pass."
"TRN_024","TRN","ROUTE","COMPOSE_SCREEN","app/src/main/java/com/movefuel/mufil2/ui/screens/trn/TRN_024_TrainStale.kt","NO","STATIC","STATIC","STATIC_ONLY","NOT_RUNTIME_TESTED","Registry/source verified; runtime route not exercised in this QA pass."
"WRK_001","WRK","ROUTE","COMPOSE_SCREEN","app/src/main/java/com/movefuel/mufil2/ui/screens/wrk/WRK_001_PreWorkout.kt","YES","YES","YES","PASS","NONE","Runtime route rendered and representative interaction checked on Android emulator."
"WRK_002","WRK","ROUTE","COMPOSE_SCREEN","app/src/main/java/com/movefuel/mufil2/ui/screens/wrk/WRK_002_WorkoutStart.kt","YES","YES","YES","PASS","NONE","Runtime route rendered and representative interaction checked on Android emulator."
"WRK_003","WRK","ROUTE","COMPOSE_SCREEN","app/src/main/java/com/movefuel/mufil2/ui/screens/wrk/WRK_003_ActiveExercise.kt","YES","YES","YES","PASS","NONE","Runtime route rendered and representative interaction checked on Android emulator."
"WRK_004","WRK","ROUTE","COMPOSE_SCREEN","app/src/main/java/com/movefuel/mufil2/ui/screens/wrk/WRK_004_ExerciseMediaLoading.kt","NO","STATIC","STATIC","STATIC_ONLY","NOT_RUNTIME_TESTED","Registry/source verified; runtime route not exercised in this QA pass."
"WRK_005","WRK","ROUTE","COMPOSE_SCREEN","app/src/main/java/com/movefuel/mufil2/ui/screens/wrk/WRK_005_ExerciseInstructions.kt","NO","STATIC","STATIC","STATIC_ONLY","NOT_RUNTIME_TESTED","Registry/source verified; runtime route not exercised in this QA pass."
"WRK_006","WRK","ROUTE","COMPOSE_SCREEN","app/src/main/java/com/movefuel/mufil2/ui/screens/wrk/WRK_006_SetInput.kt","YES","YES","YES","PASS","NONE","Runtime route rendered and representative interaction checked on Android emulator."
"WRK_007","WRK","ROUTE","COMPOSE_SCREEN","app/src/main/java/com/movefuel/mufil2/ui/screens/wrk/WRK_007_RepsInput.kt","YES","YES","YES","PASS","NONE","Runtime route rendered and representative interaction checked on Android emulator."
"WRK_008","WRK","ROUTE","COMPOSE_SCREEN","app/src/main/java/com/movefuel/mufil2/ui/screens/wrk/WRK_008_LoadInput.kt","YES","YES","YES","PASS","NONE","Runtime route rendered and representative interaction checked on Android emulator."
"WRK_009","WRK","ROUTE","COMPOSE_SCREEN","app/src/main/java/com/movefuel/mufil2/ui/screens/wrk/WRK_009_TimeInput.kt","NO","STATIC","STATIC","STATIC_ONLY","NOT_RUNTIME_TESTED","Registry/source verified; runtime route not exercised in this QA pass."
"WRK_010","WRK","ROUTE","COMPOSE_SCREEN","app/src/main/java/com/movefuel/mufil2/ui/screens/wrk/WRK_010_DistanceInput.kt","NO","STATIC","STATIC","STATIC_ONLY","NOT_RUNTIME_TESTED","Registry/source verified; runtime route not exercised in this QA pass."
"WRK_011","WRK","ROUTE","COMPOSE_SCREEN","app/src/main/java/com/movefuel/mufil2/ui/screens/wrk/WRK_011_RPEInput.kt","NO","STATIC","STATIC","STATIC_ONLY","NOT_RUNTIME_TESTED","Registry/source verified; runtime route not exercised in this QA pass."
"WRK_012","WRK","ROUTE","COMPOSE_SCREEN","app/src/main/java/com/movefuel/mufil2/ui/screens/wrk/WRK_012_ReviewSet.kt","YES","YES","YES","PASS","NONE","Runtime route rendered and representative interaction checked on Android emulator."
"WRK_013","WRK","ROUTE","COMPOSE_SCREEN","app/src/main/java/com/movefuel/mufil2/ui/screens/wrk/WRK_013_CompleteSet.kt","YES","YES","YES","PASS","NONE","Runtime route rendered and representative interaction checked on Android emulator."
"WRK_014","WRK","ROUTE","COMPOSE_SCREEN","app/src/main/java/com/movefuel/mufil2/ui/screens/wrk/WRK_014_RestTimer.kt","YES","YES","YES","PASS","NONE","Runtime route rendered and representative interaction checked on Android emulator."
"WRK_015","WRK","ROUTE","COMPOSE_SCREEN","app/src/main/java/com/movefuel/mufil2/ui/screens/wrk/WRK_015_ExtendRest.kt","NO","STATIC","STATIC","STATIC_ONLY","NOT_RUNTIME_TESTED","Registry/source verified; runtime route not exercised in this QA pass."
"WRK_016","WRK","ROUTE","COMPOSE_SCREEN","app/src/main/java/com/movefuel/mufil2/ui/screens/wrk/WRK_016_SkipRest.kt","NO","STATIC","STATIC","STATIC_ONLY","NOT_RUNTIME_TESTED","Registry/source verified; runtime route not exercised in this QA pass."
"WRK_017","WRK","ROUTE","COMPOSE_SCREEN","app/src/main/java/com/movefuel/mufil2/ui/screens/wrk/WRK_017_NextSet.kt","YES","YES","YES","PASS","NONE","Runtime route rendered and representative interaction checked on Android emulator."
"WRK_018","WRK","ROUTE","COMPOSE_SCREEN","app/src/main/java/com/movefuel/mufil2/ui/screens/wrk/WRK_018_ExerciseComplete.kt","NO","STATIC","STATIC","STATIC_ONLY","NOT_RUNTIME_TESTED","Registry/source verified; runtime route not exercised in this QA pass."
"WRK_019","WRK","ROUTE","COMPOSE_SCREEN","app/src/main/java/com/movefuel/mufil2/ui/screens/wrk/WRK_019_NextExercise.kt","NO","STATIC","STATIC","STATIC_ONLY","NOT_RUNTIME_TESTED","Registry/source verified; runtime route not exercised in this QA pass."
"WRK_020","WRK","ROUTE","COMPOSE_SCREEN","app/src/main/java/com/movefuel/mufil2/ui/screens/wrk/WRK_020_SubstituteExercise.kt","NO","STATIC","STATIC","STATIC_ONLY","NOT_RUNTIME_TESTED","Registry/source verified; runtime route not exercised in this QA pass."
"WRK_021","WRK","ROUTE","COMPOSE_SCREEN","app/src/main/java/com/movefuel/mufil2/ui/screens/wrk/WRK_021_SubstitutionCandidates.kt","NO","STATIC","STATIC","STATIC_ONLY","NOT_RUNTIME_TESTED","Registry/source verified; runtime route not exercised in this QA pass."
"WRK_022","WRK","ROUTE","COMPOSE_SCREEN","app/src/main/java/com/movefuel/mufil2/ui/screens/wrk/WRK_022_SubstitutionDetail.kt","NO","STATIC","STATIC","STATIC_ONLY","NOT_RUNTIME_TESTED","Registry/source verified; runtime route not exercised in this QA pass."
"WRK_023","WRK","ROUTE","COMPOSE_SCREEN","app/src/main/java/com/movefuel/mufil2/ui/screens/wrk/WRK_023_ConfirmSubstitute.kt","NO","STATIC","STATIC","STATIC_ONLY","NOT_RUNTIME_TESTED","Registry/source verified; runtime route not exercised in this QA pass."
"WRK_024","WRK","ROUTE","COMPOSE_SCREEN","app/src/main/java/com/movefuel/mufil2/ui/screens/wrk/WRK_024_SkipSet.kt","NO","STATIC","STATIC","STATIC_ONLY","NOT_RUNTIME_TESTED","Registry/source verified; runtime route not exercised in this QA pass."
"WRK_025","WRK","ROUTE","COMPOSE_SCREEN","app/src/main/java/com/movefuel/mufil2/ui/screens/wrk/WRK_025_SkipExercise.kt","NO","STATIC","STATIC","STATIC_ONLY","NOT_RUNTIME_TESTED","Registry/source verified; runtime route not exercised in this QA pass."
"WRK_026","WRK","ROUTE","COMPOSE_SCREEN","app/src/main/java/com/movefuel/mufil2/ui/screens/wrk/WRK_026_WorkoutNote.kt","NO","STATIC","STATIC","STATIC_ONLY","NOT_RUNTIME_TESTED","Registry/source verified; runtime route not exercised in this QA pass."
"WRK_027","WRK","ROUTE","COMPOSE_SCREEN","app/src/main/java/com/movefuel/mufil2/ui/screens/wrk/WRK_027_PauseWorkout.kt","NO","STATIC","STATIC","STATIC_ONLY","NOT_RUNTIME_TESTED","Registry/source verified; runtime route not exercised in this QA pass."
"WRK_028","WRK","ROUTE","COMPOSE_SCREEN","app/src/main/java/com/movefuel/mufil2/ui/screens/wrk/WRK_028_ResumeWorkout.kt","NO","STATIC","STATIC","STATIC_ONLY","NOT_RUNTIME_TESTED","Registry/source verified; runtime route not exercised in this QA pass."
"WRK_029","WRK","ROUTE","COMPOSE_SCREEN","app/src/main/java/com/movefuel/mufil2/ui/screens/wrk/WRK_029_PainSafetyPause.kt","NO","STATIC","STATIC","STATIC_ONLY","NOT_RUNTIME_TESTED","Registry/source verified; runtime route not exercised in this QA pass."
"WRK_030","WRK","ROUTE","COMPOSE_SCREEN","app/src/main/java/com/movefuel/mufil2/ui/screens/wrk/WRK_030_FinishEarlyConfirmation.kt","NO","STATIC","STATIC","STATIC_ONLY","NOT_RUNTIME_TESTED","Registry/source verified; runtime route not exercised in this QA pass."
"WRK_031","WRK","ROUTE","COMPOSE_SCREEN","app/src/main/java/com/movefuel/mufil2/ui/screens/wrk/WRK_031_PostWorkoutCheckIn.kt","NO","STATIC","STATIC","STATIC_ONLY","NOT_RUNTIME_TESTED","Registry/source verified; runtime route not exercised in this QA pass."
"WRK_032","WRK","ROUTE","COMPOSE_SCREEN","app/src/main/java/com/movefuel/mufil2/ui/screens/wrk/WRK_032_WorkoutSummary.kt","NO","STATIC","STATIC","STATIC_ONLY","NOT_RUNTIME_TESTED","Registry/source verified; runtime route not exercised in this QA pass."
"SOR_001","SOR","ROUTE","COMPOSE_SCREEN","app/src/main/java/com/movefuel/mufil2/ui/screens/sor/SOR_001_SorenessDashboard.kt","NO","STATIC","STATIC","STATIC_ONLY","NOT_RUNTIME_TESTED","Registry/source verified; runtime route not exercised in this QA pass."
"SOR_002","SOR","ROUTE","COMPOSE_SCREEN","app/src/main/java/com/movefuel/mufil2/ui/screens/sor/SOR_002_FrontBodyMap.kt","NO","STATIC","STATIC","STATIC_ONLY","NOT_RUNTIME_TESTED","Registry/source verified; runtime route not exercised in this QA pass."
"SOR_003","SOR","ROUTE","COMPOSE_SCREEN","app/src/main/java/com/movefuel/mufil2/ui/screens/sor/SOR_003_BackBodyMap.kt","NO","STATIC","STATIC","STATIC_ONLY","NOT_RUNTIME_TESTED","Registry/source verified; runtime route not exercised in this QA pass."
"SOR_004","SOR","ROUTE","COMPOSE_SCREEN","app/src/main/java/com/movefuel/mufil2/ui/screens/sor/SOR_004_SelectRegion.kt","NO","STATIC","STATIC","STATIC_ONLY","NOT_RUNTIME_TESTED","Registry/source verified; runtime route not exercised in this QA pass."
"SOR_005","SOR","ROUTE","COMPOSE_SCREEN","app/src/main/java/com/movefuel/mufil2/ui/screens/sor/SOR_005_SorenessSeverity.kt","NO","STATIC","STATIC","STATIC_ONLY","NOT_RUNTIME_TESTED","Registry/source verified; runtime route not exercised in this QA pass."
"SOR_006","SOR","ROUTE","COMPOSE_SCREEN","app/src/main/java/com/movefuel/mufil2/ui/screens/sor/SOR_006_MultipleRegionReview.kt","NO","STATIC","STATIC","STATIC_ONLY","NOT_RUNTIME_TESTED","Registry/source verified; runtime route not exercised in this QA pass."
"SOR_007","SOR","ROUTE","COMPOSE_SCREEN","app/src/main/java/com/movefuel/mufil2/ui/screens/sor/SOR_007_SaveSoreness.kt","NO","STATIC","STATIC","STATIC_ONLY","NOT_RUNTIME_TESTED","Registry/source verified; runtime route not exercised in this QA pass."
"SOR_008","SOR","ROUTE","COMPOSE_SCREEN","app/src/main/java/com/movefuel/mufil2/ui/screens/sor/SOR_008_CurrentSorenessSummary.kt","NO","STATIC","STATIC","STATIC_ONLY","NOT_RUNTIME_TESTED","Registry/source verified; runtime route not exercised in this QA pass."
"SOR_009","SOR","ROUTE","COMPOSE_SCREEN","app/src/main/java/com/movefuel/mufil2/ui/screens/sor/SOR_009_SorenessHistory.kt","NO","STATIC","STATIC","STATIC_ONLY","NOT_RUNTIME_TESTED","Registry/source verified; runtime route not exercised in this QA pass."
"SOR_010","SOR","ROUTE","COMPOSE_SCREEN","app/src/main/java/com/movefuel/mufil2/ui/screens/sor/SOR_010_PainSafetyRoute.kt","NO","STATIC","STATIC","STATIC_ONLY","NOT_RUNTIME_TESTED","Registry/source verified; runtime route not exercised in this QA pass."
"RDY_001","RDY","ROUTE","COMPOSE_SCREEN","app/src/main/java/com/movefuel/mufil2/ui/screens/rdy/RDY_001_ReadinessCheckIn.kt","NO","STATIC","STATIC","STATIC_ONLY","NOT_RUNTIME_TESTED","Registry/source verified; runtime route not exercised in this QA pass."
"RDY_002","RDY","ROUTE","COMPOSE_SCREEN","app/src/main/java/com/movefuel/mufil2/ui/screens/rdy/RDY_002_EnergyCheck.kt","NO","STATIC","STATIC","STATIC_ONLY","NOT_RUNTIME_TESTED","Registry/source verified; runtime route not exercised in this QA pass."
"RDY_003","RDY","ROUTE","COMPOSE_SCREEN","app/src/main/java/com/movefuel/mufil2/ui/screens/rdy/RDY_003_FatigueCheck.kt","NO","STATIC","STATIC","STATIC_ONLY","NOT_RUNTIME_TESTED","Registry/source verified; runtime route not exercised in this QA pass."
"RDY_004","RDY","ROUTE","COMPOSE_SCREEN","app/src/main/java/com/movefuel/mufil2/ui/screens/rdy/RDY_004_RecoverySleepCheck.kt","NO","STATIC","STATIC","STATIC_ONLY","NOT_RUNTIME_TESTED","Registry/source verified; runtime route not exercised in this QA pass."
"RDY_005","RDY","ROUTE","COMPOSE_SCREEN","app/src/main/java/com/movefuel/mufil2/ui/screens/rdy/RDY_005_SorenessCheck.kt","NO","STATIC","STATIC","STATIC_ONLY","NOT_RUNTIME_TESTED","Registry/source verified; runtime route not exercised in this QA pass."
"RDY_006","RDY","ROUTE","COMPOSE_SCREEN","app/src/main/java/com/movefuel/mufil2/ui/screens/rdy/RDY_006_EvaluatingReadiness.kt","NO","STATIC","STATIC","STATIC_ONLY","NOT_RUNTIME_TESTED","Registry/source verified; runtime route not exercised in this QA pass."
"RDY_007","RDY","ROUTE","COMPOSE_SCREEN","app/src/main/java/com/movefuel/mufil2/ui/screens/rdy/RDY_007_ReadinessFull.kt","NO","STATIC","STATIC","STATIC_ONLY","NOT_RUNTIME_TESTED","Registry/source verified; runtime route not exercised in this QA pass."
"RDY_008","RDY","ROUTE","COMPOSE_SCREEN","app/src/main/java/com/movefuel/mufil2/ui/screens/rdy/RDY_008_ReadinessReduced.kt","NO","STATIC","STATIC","STATIC_ONLY","NOT_RUNTIME_TESTED","Registry/source verified; runtime route not exercised in this QA pass."
"RDY_009","RDY","ROUTE","COMPOSE_SCREEN","app/src/main/java/com/movefuel/mufil2/ui/screens/rdy/RDY_009_ReadinessRecovery.kt","NO","STATIC","STATIC","STATIC_ONLY","NOT_RUNTIME_TESTED","Registry/source verified; runtime route not exercised in this QA pass."
"RDY_010","RDY","ROUTE","COMPOSE_SCREEN","app/src/main/java/com/movefuel/mufil2/ui/screens/rdy/RDY_010_ReadinessStop.kt","NO","STATIC","STATIC","STATIC_ONLY","NOT_RUNTIME_TESTED","Registry/source verified; runtime route not exercised in this QA pass."
"EXR_001","EXR","ROUTE","COMPOSE_SCREEN","app/src/main/java/com/movefuel/mufil2/ui/screens/exr/EXR_001_ExerciseLibrary.kt","NO","STATIC","STATIC","STATIC_ONLY","NOT_RUNTIME_TESTED","Registry/source verified; runtime route not exercised in this QA pass."
"EXR_002","EXR","ROUTE","COMPOSE_SCREEN","app/src/main/java/com/movefuel/mufil2/ui/screens/exr/EXR_002_ExerciseSearch.kt","NO","STATIC","STATIC","STATIC_ONLY","NOT_RUNTIME_TESTED","Registry/source verified; runtime route not exercised in this QA pass."
"EXR_003","EXR","ROUTE","COMPOSE_SCREEN","app/src/main/java/com/movefuel/mufil2/ui/screens/exr/EXR_003_ExerciseFilters.kt","NO","STATIC","STATIC","STATIC_ONLY","NOT_RUNTIME_TESTED","Registry/source verified; runtime route not exercised in this QA pass."
"EXR_004","EXR","ROUTE","COMPOSE_SCREEN","app/src/main/java/com/movefuel/mufil2/ui/screens/exr/EXR_004_FilterEquipment.kt","NO","STATIC","STATIC","STATIC_ONLY","NOT_RUNTIME_TESTED","Registry/source verified; runtime route not exercised in this QA pass."
"EXR_005","EXR","ROUTE","COMPOSE_SCREEN","app/src/main/java/com/movefuel/mufil2/ui/screens/exr/EXR_005_FilterMovement.kt","NO","STATIC","STATIC","STATIC_ONLY","NOT_RUNTIME_TESTED","Registry/source verified; runtime route not exercised in this QA pass."
"EXR_006","EXR","ROUTE","COMPOSE_SCREEN","app/src/main/java/com/movefuel/mufil2/ui/screens/exr/EXR_006_FilterMuscle.kt","NO","STATIC","STATIC","STATIC_ONLY","NOT_RUNTIME_TESTED","Registry/source verified; runtime route not exercised in this QA pass."
"EXR_007","EXR","ROUTE","COMPOSE_SCREEN","app/src/main/java/com/movefuel/mufil2/ui/screens/exr/EXR_007_FilterEnvironment.kt","NO","STATIC","STATIC","STATIC_ONLY","NOT_RUNTIME_TESTED","Registry/source verified; runtime route not exercised in this QA pass."
"EXR_008","EXR","ROUTE","COMPOSE_SCREEN","app/src/main/java/com/movefuel/mufil2/ui/screens/exr/EXR_008_FilterDifficulty.kt","NO","STATIC","STATIC","STATIC_ONLY","NOT_RUNTIME_TESTED","Registry/source verified; runtime route not exercised in this QA pass."
"EXR_009","EXR","ROUTE","COMPOSE_SCREEN","app/src/main/java/com/movefuel/mufil2/ui/screens/exr/EXR_009_ExerciseResults.kt","NO","STATIC","STATIC","STATIC_ONLY","NOT_RUNTIME_TESTED","Registry/source verified; runtime route not exercised in this QA pass."
"EXR_010","EXR","ROUTE","COMPOSE_SCREEN","app/src/main/java/com/movefuel/mufil2/ui/screens/exr/EXR_010_ExerciseDetail.kt","NO","STATIC","STATIC","STATIC_ONLY","NOT_RUNTIME_TESTED","Registry/source verified; runtime route not exercised in this QA pass."
"EXR_011","EXR","ROUTE","COMPOSE_SCREEN","app/src/main/java/com/movefuel/mufil2/ui/screens/exr/EXR_011_ExerciseMedia.kt","NO","STATIC","STATIC","STATIC_ONLY","NOT_RUNTIME_TESTED","Registry/source verified; runtime route not exercised in this QA pass."
"EXR_012","EXR","ROUTE","COMPOSE_SCREEN","app/src/main/java/com/movefuel/mufil2/ui/screens/exr/EXR_012_ExerciseSetup.kt","NO","STATIC","STATIC","STATIC_ONLY","NOT_RUNTIME_TESTED","Registry/source verified; runtime route not exercised in this QA pass."
"EXR_013","EXR","ROUTE","COMPOSE_SCREEN","app/src/main/java/com/movefuel/mufil2/ui/screens/exr/EXR_013_ExerciseExecution.kt","NO","STATIC","STATIC","STATIC_ONLY","NOT_RUNTIME_TESTED","Registry/source verified; runtime route not exercised in this QA pass."
"EXR_014","EXR","ROUTE","COMPOSE_SCREEN","app/src/main/java/com/movefuel/mufil2/ui/screens/exr/EXR_014_TechniqueCues.kt","NO","STATIC","STATIC","STATIC_ONLY","NOT_RUNTIME_TESTED","Registry/source verified; runtime route not exercised in this QA pass."
"EXR_015","EXR","ROUTE","COMPOSE_SCREEN","app/src/main/java/com/movefuel/mufil2/ui/screens/exr/EXR_015_CommonMistakes.kt","NO","STATIC","STATIC","STATIC_ONLY","NOT_RUNTIME_TESTED","Registry/source verified; runtime route not exercised in this QA pass."
"EXR_016","EXR","ROUTE","COMPOSE_SCREEN","app/src/main/java/com/movefuel/mufil2/ui/screens/exr/EXR_016_ExerciseSubstitutions.kt","NO","STATIC","STATIC","STATIC_ONLY","NOT_RUNTIME_TESTED","Registry/source verified; runtime route not exercised in this QA pass."
"CAL_001","CAL","ROUTE","COMPOSE_SCREEN","app/src/main/java/com/movefuel/mufil2/ui/screens/cal/CAL_001_CalendarDashboard.kt","YES","YES","YES","PASS","NONE","Runtime route rendered and representative interaction checked on Android emulator."
"CAL_002","CAL","ROUTE","COMPOSE_SCREEN","app/src/main/java/com/movefuel/mufil2/ui/screens/cal/CAL_002_MonthView.kt","NO","STATIC","STATIC","STATIC_ONLY","NOT_RUNTIME_TESTED","Registry/source verified; runtime route not exercised in this QA pass."
"CAL_003","CAL","ROUTE","COMPOSE_SCREEN","app/src/main/java/com/movefuel/mufil2/ui/screens/cal/CAL_003_WeekView.kt","NO","STATIC","STATIC","STATIC_ONLY","NOT_RUNTIME_TESTED","Registry/source verified; runtime route not exercised in this QA pass."
"CAL_004","CAL","ROUTE","COMPOSE_SCREEN","app/src/main/java/com/movefuel/mufil2/ui/screens/cal/CAL_004_DayView.kt","NO","STATIC","STATIC","STATIC_ONLY","NOT_RUNTIME_TESTED","Registry/source verified; runtime route not exercised in this QA pass."
"CAL_005","CAL","ROUTE","COMPOSE_SCREEN","app/src/main/java/com/movefuel/mufil2/ui/screens/cal/CAL_005_SelectedDate.kt","NO","STATIC","STATIC","STATIC_ONLY","NOT_RUNTIME_TESTED","Registry/source verified; runtime route not exercised in this QA pass."
"CAL_006","CAL","ROUTE","COMPOSE_SCREEN","app/src/main/java/com/movefuel/mufil2/ui/screens/cal/CAL_006_WorkoutEvent.kt","NO","STATIC","STATIC","STATIC_ONLY","NOT_RUNTIME_TESTED","Registry/source verified; runtime route not exercised in this QA pass."
"CAL_007","CAL","ROUTE","COMPOSE_SCREEN","app/src/main/java/com/movefuel/mufil2/ui/screens/cal/CAL_007_MealEvent.kt","NO","STATIC","STATIC","STATIC_ONLY","NOT_RUNTIME_TESTED","Registry/source verified; runtime route not exercised in this QA pass."
"CAL_008","CAL","ROUTE","COMPOSE_SCREEN","app/src/main/java/com/movefuel/mufil2/ui/screens/cal/CAL_008_RecoveryEvent.kt","NO","STATIC","STATIC","STATIC_ONLY","NOT_RUNTIME_TESTED","Registry/source verified; runtime route not exercised in this QA pass."
"CAL_009","CAL","ROUTE","COMPOSE_SCREEN","app/src/main/java/com/movefuel/mufil2/ui/screens/cal/CAL_009_RescheduleEvent.kt","NO","STATIC","STATIC","STATIC_ONLY","NOT_RUNTIME_TESTED","Registry/source verified; runtime route not exercised in this QA pass."
"CAL_010","CAL","ROUTE","COMPOSE_SCREEN","app/src/main/java/com/movefuel/mufil2/ui/screens/cal/CAL_010_ChooseDate.kt","NO","STATIC","STATIC","STATIC_ONLY","NOT_RUNTIME_TESTED","Registry/source verified; runtime route not exercised in this QA pass."
"CAL_011","CAL","ROUTE","COMPOSE_SCREEN","app/src/main/java/com/movefuel/mufil2/ui/screens/cal/CAL_011_ChooseTime.kt","NO","STATIC","STATIC","STATIC_ONLY","NOT_RUNTIME_TESTED","Registry/source verified; runtime route not exercised in this QA pass."
"CAL_012","CAL","ROUTE","COMPOSE_SCREEN","app/src/main/java/com/movefuel/mufil2/ui/screens/cal/CAL_012_CalendarConflict.kt","NO","STATIC","STATIC","STATIC_ONLY","NOT_RUNTIME_TESTED","Registry/source verified; runtime route not exercised in this QA pass."
"CAL_013","CAL","ROUTE","COMPOSE_SCREEN","app/src/main/java/com/movefuel/mufil2/ui/screens/cal/CAL_013_ConflictExplanation.kt","NO","STATIC","STATIC","STATIC_ONLY","NOT_RUNTIME_TESTED","Registry/source verified; runtime route not exercised in this QA pass."
"CAL_014","CAL","ROUTE","COMPOSE_SCREEN","app/src/main/java/com/movefuel/mufil2/ui/screens/cal/CAL_014_SuggestedAlternatives.kt","NO","STATIC","STATIC","STATIC_ONLY","NOT_RUNTIME_TESTED","Registry/source verified; runtime route not exercised in this QA pass."
"CAL_015","CAL","ROUTE","COMPOSE_SCREEN","app/src/main/java/com/movefuel/mufil2/ui/screens/cal/CAL_015_ConfirmReschedule.kt","NO","STATIC","STATIC","STATIC_ONLY","NOT_RUNTIME_TESTED","Registry/source verified; runtime route not exercised in this QA pass."
"CAL_016","CAL","ROUTE","COMPOSE_SCREEN","app/src/main/java/com/movefuel/mufil2/ui/screens/cal/CAL_016_MissedWorkout.kt","NO","STATIC","STATIC","STATIC_ONLY","NOT_RUNTIME_TESTED","Registry/source verified; runtime route not exercised in this QA pass."
"CAL_017","CAL","ROUTE","COMPOSE_SCREEN","app/src/main/java/com/movefuel/mufil2/ui/screens/cal/CAL_017_MissedMeal.kt","NO","STATIC","STATIC","STATIC_ONLY","NOT_RUNTIME_TESTED","Registry/source verified; runtime route not exercised in this QA pass."
"CAL_018","CAL","ROUTE","COMPOSE_SCREEN","app/src/main/java/com/movefuel/mufil2/ui/screens/cal/CAL_018_CalendarOffline.kt","NO","STATIC","STATIC","STATIC_ONLY","NOT_RUNTIME_TESTED","Registry/source verified; runtime route not exercised in this QA pass."
"PRG_001","PRG","ROUTE","COMPOSE_SCREEN","app/src/main/java/com/movefuel/mufil2/ui/screens/prg/PRG_001_ProgressDashboard.kt","NO","STATIC","STATIC","STATIC_ONLY","NOT_RUNTIME_TESTED","Registry/source verified; runtime route not exercised in this QA pass."
"PRG_002","PRG","ROUTE","COMPOSE_SCREEN","app/src/main/java/com/movefuel/mufil2/ui/screens/prg/PRG_002_MetricSelector.kt","NO","STATIC","STATIC","STATIC_ONLY","NOT_RUNTIME_TESTED","Registry/source verified; runtime route not exercised in this QA pass."
"PRG_003","PRG","ROUTE","COMPOSE_SCREEN","app/src/main/java/com/movefuel/mufil2/ui/screens/prg/PRG_003_Range7Days.kt","NO","STATIC","STATIC","STATIC_ONLY","NOT_RUNTIME_TESTED","Registry/source verified; runtime route not exercised in this QA pass."
"PRG_004","PRG","ROUTE","COMPOSE_SCREEN","app/src/main/java/com/movefuel/mufil2/ui/screens/prg/PRG_004_Range30Days.kt","NO","STATIC","STATIC","STATIC_ONLY","NOT_RUNTIME_TESTED","Registry/source verified; runtime route not exercised in this QA pass."
"PRG_005","PRG","ROUTE","COMPOSE_SCREEN","app/src/main/java/com/movefuel/mufil2/ui/screens/prg/PRG_005_Range3Months.kt","NO","STATIC","STATIC","STATIC_ONLY","NOT_RUNTIME_TESTED","Registry/source verified; runtime route not exercised in this QA pass."
"PRG_006","PRG","ROUTE","COMPOSE_SCREEN","app/src/main/java/com/movefuel/mufil2/ui/screens/prg/PRG_006_Range6Months.kt","NO","STATIC","STATIC","STATIC_ONLY","NOT_RUNTIME_TESTED","Registry/source verified; runtime route not exercised in this QA pass."
"PRG_007","PRG","ROUTE","COMPOSE_SCREEN","app/src/main/java/com/movefuel/mufil2/ui/screens/prg/PRG_007_Range1Year.kt","NO","STATIC","STATIC","STATIC_ONLY","NOT_RUNTIME_TESTED","Registry/source verified; runtime route not exercised in this QA pass."
"PRG_008","PRG","ROUTE","COMPOSE_SCREEN","app/src/main/java/com/movefuel/mufil2/ui/screens/prg/PRG_008_RangeAll.kt","NO","STATIC","STATIC","STATIC_ONLY","NOT_RUNTIME_TESTED","Registry/source verified; runtime route not exercised in this QA pass."
"PRG_009","PRG","ROUTE","COMPOSE_SCREEN","app/src/main/java/com/movefuel/mufil2/ui/screens/prg/PRG_009_ExpandedGraph.kt","NO","STATIC","STATIC","STATIC_ONLY","NOT_RUNTIME_TESTED","Registry/source verified; runtime route not exercised in this QA pass."
"PRG_010","PRG","ROUTE","COMPOSE_SCREEN","app/src/main/java/com/movefuel/mufil2/ui/screens/prg/PRG_010_ExactDataPoint.kt","NO","STATIC","STATIC","STATIC_ONLY","NOT_RUNTIME_TESTED","Registry/source verified; runtime route not exercised in this QA pass."
"PRG_011","PRG","ROUTE","COMPOSE_SCREEN","app/src/main/java/com/movefuel/mufil2/ui/screens/prg/PRG_011_MissingDataPeriod.kt","NO","STATIC","STATIC","STATIC_ONLY","NOT_RUNTIME_TESTED","Registry/source verified; runtime route not exercised in this QA pass."
"PRG_012","PRG","ROUTE","COMPOSE_SCREEN","app/src/main/java/com/movefuel/mufil2/ui/screens/prg/PRG_012_DataCoverage.kt","NO","STATIC","STATIC","STATIC_ONLY","NOT_RUNTIME_TESTED","Registry/source verified; runtime route not exercised in this QA pass."
"PRG_013","PRG","ROUTE","COMPOSE_SCREEN","app/src/main/java/com/movefuel/mufil2/ui/screens/prg/PRG_013_GoalProgress.kt","NO","STATIC","STATIC","STATIC_ONLY","NOT_RUNTIME_TESTED","Registry/source verified; runtime route not exercised in this QA pass."
"PRG_014","PRG","ROUTE","COMPOSE_SCREEN","app/src/main/java/com/movefuel/mufil2/ui/screens/prg/PRG_014_TargetRevisionMarker.kt","NO","STATIC","STATIC","STATIC_ONLY","NOT_RUNTIME_TESTED","Registry/source verified; runtime route not exercised in this QA pass."
"PRG_015","PRG","ROUTE","COMPOSE_SCREEN","app/src/main/java/com/movefuel/mufil2/ui/screens/prg/PRG_015_MilestoneDetail.kt","NO","STATIC","STATIC","STATIC_ONLY","NOT_RUNTIME_TESTED","Registry/source verified; runtime route not exercised in this QA pass."
"PRG_016","PRG","ROUTE","COMPOSE_SCREEN","app/src/main/java/com/movefuel/mufil2/ui/screens/prg/PRG_016_PersonalRecords.kt","NO","STATIC","STATIC","STATIC_ONLY","NOT_RUNTIME_TESTED","Registry/source verified; runtime route not exercised in this QA pass."
"PRG_017","PRG","ROUTE","COMPOSE_SCREEN","app/src/main/java/com/movefuel/mufil2/ui/screens/prg/PRG_017_TrainingProgress.kt","NO","STATIC","STATIC","STATIC_ONLY","NOT_RUNTIME_TESTED","Registry/source verified; runtime route not exercised in this QA pass."
"PRG_018","PRG","ROUTE","COMPOSE_SCREEN","app/src/main/java/com/movefuel/mufil2/ui/screens/prg/PRG_018_StrengthProgress.kt","NO","STATIC","STATIC","STATIC_ONLY","NOT_RUNTIME_TESTED","Registry/source verified; runtime route not exercised in this QA pass."
"PRG_019","PRG","ROUTE","COMPOSE_SCREEN","app/src/main/java/com/movefuel/mufil2/ui/screens/prg/PRG_019_TrainingVolume.kt","NO","STATIC","STATIC","STATIC_ONLY","NOT_RUNTIME_TESTED","Registry/source verified; runtime route not exercised in this QA pass."
"PRG_020","PRG","ROUTE","COMPOSE_SCREEN","app/src/main/java/com/movefuel/mufil2/ui/screens/prg/PRG_020_WorkoutConsistency.kt","NO","STATIC","STATIC","STATIC_ONLY","NOT_RUNTIME_TESTED","Registry/source verified; runtime route not exercised in this QA pass."
"PRG_021","PRG","ROUTE","COMPOSE_SCREEN","app/src/main/java/com/movefuel/mufil2/ui/screens/prg/PRG_021_WorkoutDuration.kt","NO","STATIC","STATIC","STATIC_ONLY","NOT_RUNTIME_TESTED","Registry/source verified; runtime route not exercised in this QA pass."
"PRG_022","PRG","ROUTE","COMPOSE_SCREEN","app/src/main/java/com/movefuel/mufil2/ui/screens/prg/PRG_022_NutritionProgress.kt","NO","STATIC","STATIC","STATIC_ONLY","NOT_RUNTIME_TESTED","Registry/source verified; runtime route not exercised in this QA pass."
"PRG_023","PRG","ROUTE","COMPOSE_SCREEN","app/src/main/java/com/movefuel/mufil2/ui/screens/prg/PRG_023_NutritionAverages.kt","NO","STATIC","STATIC","STATIC_ONLY","NOT_RUNTIME_TESTED","Registry/source verified; runtime route not exercised in this QA pass."
"PRG_024","PRG","ROUTE","COMPOSE_SCREEN","app/src/main/java/com/movefuel/mufil2/ui/screens/prg/PRG_024_ProteinTrend.kt","NO","STATIC","STATIC","STATIC_ONLY","NOT_RUNTIME_TESTED","Registry/source verified; runtime route not exercised in this QA pass."
"PRG_025","PRG","ROUTE","COMPOSE_SCREEN","app/src/main/java/com/movefuel/mufil2/ui/screens/prg/PRG_025_FiberTrend.kt","NO","STATIC","STATIC","STATIC_ONLY","NOT_RUNTIME_TESTED","Registry/source verified; runtime route not exercised in this QA pass."
"PRG_026","PRG","ROUTE","COMPOSE_SCREEN","app/src/main/java/com/movefuel/mufil2/ui/screens/prg/PRG_026_ActivityProgress.kt","NO","STATIC","STATIC","STATIC_ONLY","NOT_RUNTIME_TESTED","Registry/source verified; runtime route not exercised in this QA pass."
"PRG_027","PRG","ROUTE","COMPOSE_SCREEN","app/src/main/java/com/movefuel/mufil2/ui/screens/prg/PRG_027_RunningProgress.kt","NO","STATIC","STATIC","STATIC_ONLY","NOT_RUNTIME_TESTED","Registry/source verified; runtime route not exercised in this QA pass."
"PRG_028","PRG","ROUTE","COMPOSE_SCREEN","app/src/main/java/com/movefuel/mufil2/ui/screens/prg/PRG_028_SwimmingProgress.kt","NO","STATIC","STATIC","STATIC_ONLY","NOT_RUNTIME_TESTED","Registry/source verified; runtime route not exercised in this QA pass."
"PRG_029","PRG","ROUTE","COMPOSE_SCREEN","app/src/main/java/com/movefuel/mufil2/ui/screens/prg/PRG_029_WeeklyReport.kt","NO","STATIC","STATIC","STATIC_ONLY","NOT_RUNTIME_TESTED","Registry/source verified; runtime route not exercised in this QA pass."
"PRG_030","PRG","ROUTE","COMPOSE_SCREEN","app/src/main/java/com/movefuel/mufil2/ui/screens/prg/PRG_030_MonthlyReport.kt","NO","STATIC","STATIC","STATIC_ONLY","NOT_RUNTIME_TESTED","Registry/source verified; runtime route not exercised in this QA pass."
"PRO_001","PRO","ROUTE","COMPOSE_SCREEN","app/src/main/java/com/movefuel/mufil2/ui/screens/pro/PRO_001_ProfileDashboard.kt","YES","YES","YES","PASS","NONE","Runtime route rendered and representative interaction checked on Android emulator."
"PRO_002","PRO","ROUTE","COMPOSE_SCREEN","app/src/main/java/com/movefuel/mufil2/ui/screens/pro/PRO_002_PersonalDetails.kt","NO","STATIC","STATIC","STATIC_ONLY","NOT_RUNTIME_TESTED","Registry/source verified; runtime route not exercised in this QA pass."
"PRO_003","PRO","ROUTE","COMPOSE_SCREEN","app/src/main/java/com/movefuel/mufil2/ui/screens/pro/PRO_003_TargetsAndGoals.kt","NO","STATIC","STATIC","STATIC_ONLY","NOT_RUNTIME_TESTED","Registry/source verified; runtime route not exercised in this QA pass."
"PRO_004","PRO","ROUTE","COMPOSE_SCREEN","app/src/main/java/com/movefuel/mufil2/ui/screens/pro/PRO_004_EditTarget.kt","NO","STATIC","STATIC","STATIC_ONLY","NOT_RUNTIME_TESTED","Registry/source verified; runtime route not exercised in this QA pass."
"PRO_005","PRO","ROUTE","COMPOSE_SCREEN","app/src/main/java/com/movefuel/mufil2/ui/screens/pro/PRO_005_TargetPreview.kt","NO","STATIC","STATIC","STATIC_ONLY","NOT_RUNTIME_TESTED","Registry/source verified; runtime route not exercised in this QA pass."
"PRO_006","PRO","ROUTE","COMPOSE_SCREEN","app/src/main/java/com/movefuel/mufil2/ui/screens/pro/PRO_006_TargetRevisionHistory.kt","NO","STATIC","STATIC","STATIC_ONLY","NOT_RUNTIME_TESTED","Registry/source verified; runtime route not exercised in this QA pass."
"PRO_007","PRO","ROUTE","COMPOSE_SCREEN","app/src/main/java/com/movefuel/mufil2/ui/screens/pro/PRO_007_Units.kt","NO","STATIC","STATIC","STATIC_ONLY","NOT_RUNTIME_TESTED","Registry/source verified; runtime route not exercised in this QA pass."
"PRO_008","PRO","ROUTE","COMPOSE_SCREEN","app/src/main/java/com/movefuel/mufil2/ui/screens/pro/PRO_008_LanguageAndRegion.kt","NO","STATIC","STATIC","STATIC_ONLY","NOT_RUNTIME_TESTED","Registry/source verified; runtime route not exercised in this QA pass."
"PRO_009","PRO","ROUTE","COMPOSE_SCREEN","app/src/main/java/com/movefuel/mufil2/ui/screens/pro/PRO_009_Appearance.kt","NO","STATIC","STATIC","STATIC_ONLY","NOT_RUNTIME_TESTED","Registry/source verified; runtime route not exercised in this QA pass."
"PRO_010","PRO","ROUTE","COMPOSE_SCREEN","app/src/main/java/com/movefuel/mufil2/ui/screens/pro/PRO_010_SoundAndHaptics.kt","NO","STATIC","STATIC","STATIC_ONLY","NOT_RUNTIME_TESTED","Registry/source verified; runtime route not exercised in this QA pass."
"PRO_011","PRO","ROUTE","COMPOSE_SCREEN","app/src/main/java/com/movefuel/mufil2/ui/screens/pro/PRO_011_Notifications.kt","NO","STATIC","STATIC","STATIC_ONLY","NOT_RUNTIME_TESTED","Registry/source verified; runtime route not exercised in this QA pass."
"PRO_012","PRO","ROUTE","COMPOSE_SCREEN","app/src/main/java/com/movefuel/mufil2/ui/screens/pro/PRO_012_PrivacyAndData.kt","NO","STATIC","STATIC","STATIC_ONLY","NOT_RUNTIME_TESTED","Registry/source verified; runtime route not exercised in this QA pass."
"PRO_013","PRO","ROUTE","COMPOSE_SCREEN","app/src/main/java/com/movefuel/mufil2/ui/screens/pro/PRO_013_ExportData.kt","NO","STATIC","STATIC","STATIC_ONLY","NOT_RUNTIME_TESTED","Registry/source verified; runtime route not exercised in this QA pass."
"PRO_014","PRO","ROUTE","COMPOSE_SCREEN","app/src/main/java/com/movefuel/mufil2/ui/screens/pro/PRO_014_DeleteAccount.kt","NO","STATIC","STATIC","STATIC_ONLY","NOT_RUNTIME_TESTED","Registry/source verified; runtime route not exercised in this QA pass."
"PRO_015","PRO","ROUTE","COMPOSE_SCREEN","app/src/main/java/com/movefuel/mufil2/ui/screens/pro/PRO_015_TermsAndPrivacy.kt","NO","STATIC","STATIC","STATIC_ONLY","NOT_RUNTIME_TESTED","Registry/source verified; runtime route not exercised in this QA pass."
"PRO_016","PRO","ROUTE","COMPOSE_SCREEN","app/src/main/java/com/movefuel/mufil2/ui/screens/pro/PRO_016_HelpCenter.kt","NO","STATIC","STATIC","STATIC_ONLY","NOT_RUNTIME_TESTED","Registry/source verified; runtime route not exercised in this QA pass."
"PRO_017","PRO","ROUTE","COMPOSE_SCREEN","app/src/main/java/com/movefuel/mufil2/ui/screens/pro/PRO_017_FinishPersonalization.kt","NO","STATIC","STATIC","STATIC_ONLY","NOT_RUNTIME_TESTED","Registry/source verified; runtime route not exercised in this QA pass."
"PRO_018","PRO","ROUTE","COMPOSE_SCREEN","app/src/main/java/com/movefuel/mufil2/ui/screens/pro/PRO_018_ProfileOffline.kt","NO","STATIC","STATIC","STATIC_ONLY","NOT_RUNTIME_TESTED","Registry/source verified; runtime route not exercised in this QA pass."
"DEV_001","DEV","ROUTE","COMPOSE_SCREEN","app/src/main/java/com/movefuel/mufil2/ui/screens/dev/DEV_001_DevicesDashboard.kt","NO","STATIC","STATIC","STATIC_ONLY","NOT_RUNTIME_TESTED","Registry/source verified; runtime route not exercised in this QA pass."
"DEV_002","DEV","ROUTE","COMPOSE_SCREEN","app/src/main/java/com/movefuel/mufil2/ui/screens/dev/DEV_002_ConnectWearOS.kt","NO","STATIC","STATIC","STATIC_ONLY","NOT_RUNTIME_TESTED","Registry/source verified; runtime route not exercised in this QA pass."
"DEV_003","DEV","ROUTE","COMPOSE_SCREEN","app/src/main/java/com/movefuel/mufil2/ui/screens/dev/DEV_003_DeviceDiscovery.kt","NO","STATIC","STATIC","STATIC_ONLY","NOT_RUNTIME_TESTED","Registry/source verified; runtime route not exercised in this QA pass."
"DEV_004","DEV","ROUTE","COMPOSE_SCREEN","app/src/main/java/com/movefuel/mufil2/ui/screens/dev/DEV_004_DeviceFound.kt","NO","STATIC","STATIC","STATIC_ONLY","NOT_RUNTIME_TESTED","Registry/source verified; runtime route not exercised in this QA pass."
"DEV_005","DEV","ROUTE","COMPOSE_SCREEN","app/src/main/java/com/movefuel/mufil2/ui/screens/dev/DEV_005_Pairing.kt","NO","STATIC","STATIC","STATIC_ONLY","NOT_RUNTIME_TESTED","Registry/source verified; runtime route not exercised in this QA pass."
"DEV_006","DEV","ROUTE","COMPOSE_SCREEN","app/src/main/java/com/movefuel/mufil2/ui/screens/dev/DEV_006_ConnectedDevice.kt","NO","STATIC","STATIC","STATIC_ONLY","NOT_RUNTIME_TESTED","Registry/source verified; runtime route not exercised in this QA pass."
"DEV_007","DEV","ROUTE","COMPOSE_SCREEN","app/src/main/java/com/movefuel/mufil2/ui/screens/dev/DEV_007_DeviceDetail.kt","NO","STATIC","STATIC","STATIC_ONLY","NOT_RUNTIME_TESTED","Registry/source verified; runtime route not exercised in this QA pass."
"DEV_008","DEV","ROUTE","COMPOSE_SCREEN","app/src/main/java/com/movefuel/mufil2/ui/screens/dev/DEV_008_DevicePermissions.kt","NO","STATIC","STATIC","STATIC_ONLY","NOT_RUNTIME_TESTED","Registry/source verified; runtime route not exercised in this QA pass."
"DEV_009","DEV","ROUTE","COMPOSE_SCREEN","app/src/main/java/com/movefuel/mufil2/ui/screens/dev/DEV_009_ManualSync.kt","NO","STATIC","STATIC","STATIC_ONLY","NOT_RUNTIME_TESTED","Registry/source verified; runtime route not exercised in this QA pass."
"DEV_010","DEV","ROUTE","COMPOSE_SCREEN","app/src/main/java/com/movefuel/mufil2/ui/screens/dev/DEV_010_StaleDevice.kt","NO","STATIC","STATIC","STATIC_ONLY","NOT_RUNTIME_TESTED","Registry/source verified; runtime route not exercised in this QA pass."
"DEV_011","DEV","ROUTE","COMPOSE_SCREEN","app/src/main/java/com/movefuel/mufil2/ui/screens/dev/DEV_011_ReconnectDevice.kt","NO","STATIC","STATIC","STATIC_ONLY","NOT_RUNTIME_TESTED","Registry/source verified; runtime route not exercised in this QA pass."
"DEV_012","DEV","ROUTE","COMPOSE_SCREEN","app/src/main/java/com/movefuel/mufil2/ui/screens/dev/DEV_012_DisconnectDevice.kt","NO","STATIC","STATIC","STATIC_ONLY","NOT_RUNTIME_TESTED","Registry/source verified; runtime route not exercised in this QA pass."
"BIL_001","BIL","ROUTE","COMPOSE_SCREEN","app/src/main/java/com/movefuel/mufil2/ui/screens/bil/BIL_001_BillingDashboard.kt","NO","STATIC","STATIC","STATIC_ONLY","NOT_RUNTIME_TESTED","Registry/source verified; runtime route not exercised in this QA pass."
"BIL_002","BIL","ROUTE","COMPOSE_SCREEN","app/src/main/java/com/movefuel/mufil2/ui/screens/bil/BIL_002_CurrentPlan.kt","NO","STATIC","STATIC","STATIC_ONLY","NOT_RUNTIME_TESTED","Registry/source verified; runtime route not exercised in this QA pass."
"BIL_003","BIL","ROUTE","COMPOSE_SCREEN","app/src/main/java/com/movefuel/mufil2/ui/screens/bil/BIL_003_ComparePlans.kt","NO","STATIC","STATIC","STATIC_ONLY","NOT_RUNTIME_TESTED","Registry/source verified; runtime route not exercised in this QA pass."
"BIL_004","BIL","ROUTE","COMPOSE_SCREEN","app/src/main/java/com/movefuel/mufil2/ui/screens/bil/BIL_004_PlanDetail.kt","NO","STATIC","STATIC","STATIC_ONLY","NOT_RUNTIME_TESTED","Registry/source verified; runtime route not exercised in this QA pass."
"BIL_005","BIL","ROUTE","COMPOSE_SCREEN","app/src/main/java/com/movefuel/mufil2/ui/screens/bil/BIL_005_PurchaseConfirmation.kt","NO","STATIC","STATIC","STATIC_ONLY","NOT_RUNTIME_TESTED","Registry/source verified; runtime route not exercised in this QA pass."
"BIL_006","BIL","ROUTE","COMPOSE_SCREEN","app/src/main/java/com/movefuel/mufil2/ui/screens/bil/BIL_006_PurchaseProcessing.kt","NO","STATIC","STATIC","STATIC_ONLY","NOT_RUNTIME_TESTED","Registry/source verified; runtime route not exercised in this QA pass."
"BIL_007","BIL","ROUTE","COMPOSE_SCREEN","app/src/main/java/com/movefuel/mufil2/ui/screens/bil/BIL_007_PurchaseResult.kt","NO","STATIC","STATIC","STATIC_ONLY","NOT_RUNTIME_TESTED","Registry/source verified; runtime route not exercised in this QA pass."
"BIL_008","BIL","ROUTE","COMPOSE_SCREEN","app/src/main/java/com/movefuel/mufil2/ui/screens/bil/BIL_008_RestorePurchase.kt","NO","STATIC","STATIC","STATIC_ONLY","NOT_RUNTIME_TESTED","Registry/source verified; runtime route not exercised in this QA pass."
"WAR_001","WAR","ROUTE","COMPOSE_SCREEN","app/src/main/java/com/movefuel/mufil2/ui/screens/war/WAR_001_WearToday.kt","NO","STATIC","STATIC","STATIC_ONLY","NOT_RUNTIME_TESTED","Registry/source verified; runtime route not exercised in this QA pass."
"WAR_002","WAR","ROUTE","COMPOSE_SCREEN","app/src/main/java/com/movefuel/mufil2/ui/screens/war/WAR_002_WearReadiness.kt","NO","STATIC","STATIC","STATIC_ONLY","NOT_RUNTIME_TESTED","Registry/source verified; runtime route not exercised in this QA pass."
"WAR_003","WAR","ROUTE","COMPOSE_SCREEN","app/src/main/java/com/movefuel/mufil2/ui/screens/war/WAR_003_WearWorkoutPreview.kt","NO","STATIC","STATIC","STATIC_ONLY","NOT_RUNTIME_TESTED","Registry/source verified; runtime route not exercised in this QA pass."
"WAR_004","WAR","ROUTE","COMPOSE_SCREEN","app/src/main/java/com/movefuel/mufil2/ui/screens/war/WAR_004_WearActiveExercise.kt","NO","STATIC","STATIC","STATIC_ONLY","NOT_RUNTIME_TESTED","Registry/source verified; runtime route not exercised in this QA pass."
"WAR_005","WAR","ROUTE","COMPOSE_SCREEN","app/src/main/java/com/movefuel/mufil2/ui/screens/war/WAR_005_WearSetInput.kt","NO","STATIC","STATIC","STATIC_ONLY","NOT_RUNTIME_TESTED","Registry/source verified; runtime route not exercised in this QA pass."
"WAR_006","WAR","ROUTE","COMPOSE_SCREEN","app/src/main/java/com/movefuel/mufil2/ui/screens/war/WAR_006_WearCompleteSet.kt","NO","STATIC","STATIC","STATIC_ONLY","NOT_RUNTIME_TESTED","Registry/source verified; runtime route not exercised in this QA pass."
"WAR_007","WAR","ROUTE","COMPOSE_SCREEN","app/src/main/java/com/movefuel/mufil2/ui/screens/war/WAR_007_WearRestTimer.kt","NO","STATIC","STATIC","STATIC_ONLY","NOT_RUNTIME_TESTED","Registry/source verified; runtime route not exercised in this QA pass."
"WAR_008","WAR","ROUTE","COMPOSE_SCREEN","app/src/main/java/com/movefuel/mufil2/ui/screens/war/WAR_008_WearSubstitute.kt","NO","STATIC","STATIC","STATIC_ONLY","NOT_RUNTIME_TESTED","Registry/source verified; runtime route not exercised in this QA pass."
"WAR_009","WAR","ROUTE","COMPOSE_SCREEN","app/src/main/java/com/movefuel/mufil2/ui/screens/war/WAR_009_WearPause.kt","NO","STATIC","STATIC","STATIC_ONLY","NOT_RUNTIME_TESTED","Registry/source verified; runtime route not exercised in this QA pass."
"WAR_010","WAR","ROUTE","COMPOSE_SCREEN","app/src/main/java/com/movefuel/mufil2/ui/screens/war/WAR_010_WearFinish.kt","NO","STATIC","STATIC","STATIC_ONLY","NOT_RUNTIME_TESTED","Registry/source verified; runtime route not exercised in this QA pass."
"WAR_011","WAR","ROUTE","COMPOSE_SCREEN","app/src/main/java/com/movefuel/mufil2/ui/screens/war/WAR_011_WearSummary.kt","NO","STATIC","STATIC","STATIC_ONLY","NOT_RUNTIME_TESTED","Registry/source verified; runtime route not exercised in this QA pass."
"WAR_012","WAR","ROUTE","COMPOSE_SCREEN","app/src/main/java/com/movefuel/mufil2/ui/screens/war/WAR_012_WearSyncPending.kt","NO","STATIC","STATIC","STATIC_ONLY","NOT_RUNTIME_TESTED","Registry/source verified; runtime route not exercised in this QA pass."
"SYS_001","SYS","EMBEDDED_STATE","COMPOSE_SCREEN","app/src/main/java/com/movefuel/mufil2/ui/screens/sys/SYS_001_SystemLoading.kt","NO","STATIC","STATIC","STATIC_ONLY","NOT_RUNTIME_TESTED","Reusable system-state screen is source-verified; no deterministic runtime trigger was available in the canonical shell."
"SYS_002","SYS","EMBEDDED_STATE","COMPOSE_SCREEN","app/src/main/java/com/movefuel/mufil2/ui/screens/sys/SYS_002_SystemEmpty.kt","NO","STATIC","STATIC","STATIC_ONLY","NOT_RUNTIME_TESTED","Reusable system-state screen is source-verified; no deterministic runtime trigger was available in the canonical shell."
"SYS_003","SYS","EMBEDDED_STATE","COMPOSE_SCREEN","app/src/main/java/com/movefuel/mufil2/ui/screens/sys/SYS_003_SystemUnknown.kt","NO","STATIC","STATIC","STATIC_ONLY","NOT_RUNTIME_TESTED","Reusable system-state screen is source-verified; no deterministic runtime trigger was available in the canonical shell."
"SYS_004","SYS","EMBEDDED_STATE","COMPOSE_SCREEN","app/src/main/java/com/movefuel/mufil2/ui/screens/sys/SYS_004_SystemPartialData.kt","NO","STATIC","STATIC","STATIC_ONLY","NOT_RUNTIME_TESTED","Reusable system-state screen is source-verified; no deterministic runtime trigger was available in the canonical shell."
"SYS_005","SYS","EMBEDDED_STATE","COMPOSE_SCREEN","app/src/main/java/com/movefuel/mufil2/ui/screens/sys/SYS_005_SystemOffline.kt","NO","STATIC","STATIC","STATIC_ONLY","NOT_RUNTIME_TESTED","Reusable system-state screen is source-verified; no deterministic runtime trigger was available in the canonical shell."
"SYS_006","SYS","EMBEDDED_STATE","COMPOSE_SCREEN","app/src/main/java/com/movefuel/mufil2/ui/screens/sys/SYS_006_SystemSavedOffline.kt","NO","STATIC","STATIC","STATIC_ONLY","NOT_RUNTIME_TESTED","Reusable system-state screen is source-verified; no deterministic runtime trigger was available in the canonical shell."
"SYS_007","SYS","EMBEDDED_STATE","COMPOSE_SCREEN","app/src/main/java/com/movefuel/mufil2/ui/screens/sys/SYS_007_SystemStale.kt","NO","STATIC","STATIC","STATIC_ONLY","NOT_RUNTIME_TESTED","Reusable system-state screen is source-verified; no deterministic runtime trigger was available in the canonical shell."
"SYS_008","SYS","EMBEDDED_STATE","COMPOSE_SCREEN","app/src/main/java/com/movefuel/mufil2/ui/screens/sys/SYS_008_RetryableError.kt","NO","STATIC","STATIC","STATIC_ONLY","NOT_RUNTIME_TESTED","Reusable system-state screen is source-verified; no deterministic runtime trigger was available in the canonical shell."
"SYS_009","SYS","EMBEDDED_STATE","COMPOSE_SCREEN","app/src/main/java/com/movefuel/mufil2/ui/screens/sys/SYS_009_UnavailableState.kt","NO","STATIC","STATIC","STATIC_ONLY","NOT_RUNTIME_TESTED","Reusable system-state screen is source-verified; no deterministic runtime trigger was available in the canonical shell."
"SYS_010","SYS","EMBEDDED_STATE","COMPOSE_SCREEN","app/src/main/java/com/movefuel/mufil2/ui/screens/sys/SYS_010_PermissionRequired.kt","NO","STATIC","STATIC","STATIC_ONLY","NOT_RUNTIME_TESTED","Reusable system-state screen is source-verified; no deterministic runtime trigger was available in the canonical shell."
"SYS_011","SYS","EMBEDDED_STATE","COMPOSE_SCREEN","app/src/main/java/com/movefuel/mufil2/ui/screens/sys/SYS_011_PermissionDenied.kt","NO","STATIC","STATIC","STATIC_ONLY","NOT_RUNTIME_TESTED","Reusable system-state screen is source-verified; no deterministic runtime trigger was available in the canonical shell."
"SYS_012","SYS","EMBEDDED_STATE","COMPOSE_SCREEN","app/src/main/java/com/movefuel/mufil2/ui/screens/sys/SYS_012_UnsavedChanges.kt","NO","STATIC","STATIC","STATIC_ONLY","NOT_RUNTIME_TESTED","Reusable system-state screen is source-verified; no deterministic runtime trigger was available in the canonical shell."
"SYS_013","SYS","EMBEDDED_STATE","COMPOSE_SCREEN","app/src/main/java/com/movefuel/mufil2/ui/screens/sys/SYS_013_DestructiveConfirmation.kt","NO","STATIC","STATIC","STATIC_ONLY","NOT_RUNTIME_TESTED","Reusable system-state screen is source-verified; no deterministic runtime trigger was available in the canonical shell."
"SYS_014","SYS","EMBEDDED_STATE","COMPOSE_SCREEN","app/src/main/java/com/movefuel/mufil2/ui/screens/sys/SYS_014_SuccessState.kt","NO","STATIC","STATIC","STATIC_ONLY","NOT_RUNTIME_TESTED","Reusable system-state screen is source-verified; no deterministic runtime trigger was available in the canonical shell."
"SYS_015","SYS","EMBEDDED_STATE","COMPOSE_SCREEN","app/src/main/java/com/movefuel/mufil2/ui/screens/sys/SYS_015_Syncing.kt","NO","STATIC","STATIC","STATIC_ONLY","NOT_RUNTIME_TESTED","Reusable system-state screen is source-verified; no deterministic runtime trigger was available in the canonical shell."
"SYS_016","SYS","EMBEDDED_STATE","COMPOSE_SCREEN","app/src/main/java/com/movefuel/mufil2/ui/screens/sys/SYS_016_SyncPending.kt","NO","STATIC","STATIC","STATIC_ONLY","NOT_RUNTIME_TESTED","Reusable system-state screen is source-verified; no deterministic runtime trigger was available in the canonical shell."
"SYS_017","SYS","EMBEDDED_STATE","COMPOSE_SCREEN","app/src/main/java/com/movefuel/mufil2/ui/screens/sys/SYS_017_SyncFailed.kt","NO","STATIC","STATIC","STATIC_ONLY","NOT_RUNTIME_TESTED","Reusable system-state screen is source-verified; no deterministic runtime trigger was available in the canonical shell."
"SYS_018","SYS","EMBEDDED_STATE","COMPOSE_SCREEN","app/src/main/java/com/movefuel/mufil2/ui/screens/sys/SYS_018_ConflictReview.kt","NO","STATIC","STATIC","STATIC_ONLY","NOT_RUNTIME_TESTED","Reusable system-state screen is source-verified; no deterministic runtime trigger was available in the canonical shell."
"SYS_019","SYS","EMBEDDED_STATE","COMPOSE_SCREEN","app/src/main/java/com/movefuel/mufil2/ui/screens/sys/SYS_019_InterruptedFlow.kt","NO","STATIC","STATIC","STATIC_ONLY","NOT_RUNTIME_TESTED","Reusable system-state screen is source-verified; no deterministic runtime trigger was available in the canonical shell."
