path,blob_sha,size_bytes,category
.github/workflows/exercise-catalog-verify.yml,0a2f08dce9dc866e6d65f13f89cdfd22bdb36cf9,1133,OTHER
.github/workflows/master-release-staging.yml,b9815f8cf2d85f3d386a5442694e77833575503e,2983,OTHER
.github/workflows/verify.yml,c982b3f93c5677699b5546a483d1d5bbc76920a7,3073,OTHER
.gitignore,c614820b81cabd382dcd5c363733d495de1cb180,1280,OTHER
AGENTS.md,fc5529ad0b4cb4dee6b06e0f126b8d3a0ca2fb7e,4729,OTHER
algorithms/training/src/calendar-adaptation.ts,e198878827470b6bd19f9ebac7fcb17002460344,1583,ALGORITHM
algorithms/training/src/catalog.ts,04c0e574718361c8ec4d3a18361d60e8c843c35c,8750,ALGORITHM
algorithms/training/src/contracts.ts,f208f9f8a7070fbaeaedfd178f30328628b1a2d5,6925,ALGORITHM
algorithms/training/src/missed-workout.ts,5c31ec8ef43691c1155cee472016560269d04540,1115,ALGORITHM
algorithms/training/src/policy.ts,7c5c9c33a43e731859902ffb1ba4f6bd9a2e3d7f,2861,ALGORITHM
algorithms/training/src/profile.ts,cecf367173ca02d7edccc7229a4f37ca572d074d,4743,ALGORITHM
algorithms/training/src/program-engine.ts,0e9cfd0bcc149ff540341fb22912d7e8b13af465,2510,ALGORITHM
algorithms/training/src/program-state.ts,152f73198d4049dba4aebe6b76b620af80e8c3c7,3543,ALGORITHM
algorithms/training/src/progression.ts,37882ff5ef0c4f680c1f1035b5cbe351eaaeb402,4562,ALGORITHM
algorithms/training/src/readiness.ts,19abffb0943005a4911aba2c7c4e9b42e4d95b79,2572,ALGORITHM
algorithms/training/src/scoring.ts,0f2dc8ce253cd4c24b2b734257253cf5d085f14c,2561,ALGORITHM
algorithms/training/src/session-generator.ts,b35d8a5d6264ed74cb29a42e1ae523d604876187,4374,ALGORITHM
algorithms/training/src/session-requirement.ts,eed1f3401d74931a97cf2a71160d17333e17a39a,3234,ALGORITHM
algorithms/training/src/training-engine.ts,aee68691d5873496b8dbcfe0d98337df0bef80d1,6198,ALGORITHM
algorithms/training/src/util.ts,d093e03670f0c2ba9f3ebf823121fd92de2371b1,838,ALGORITHM
algorithms/training/src/validator.ts,a3f089fe0bd6d92515b72ad33d3a6debe51adfa1,2422,ALGORITHM
apps/android/MoveFuelAndroid/.gitignore,bf3cb76193b0eb76e23518fae35dad10269cfcd7,217,APP
apps/android/MoveFuelAndroid/app/build.gradle.kts,77bfa260e8be96f565999467d9d8b04708d53145,9535,APP
apps/android/MoveFuelAndroid/app/src/androidTest/java/com/movefuel/app/auth/AppwriteSessionStoreInstrumentedTest.kt,d1872f939f62f01525efbb96b62b53008b49dfa9,3102,APP
apps/android/MoveFuelAndroid/app/src/androidTest/java/com/movefuel/app/datalayer/PhoneActiveWatchAccountStoreInstrumentedTest.kt,e0bad77fa6befa2b7e09fee27923890642fde649,1188,APP
apps/android/MoveFuelAndroid/app/src/androidTest/java/com/movefuel/app/datalayer/PhoneWatchConnectionStoreInstrumentedTest.kt,a80d41332c6b699133cbb8aa69ca8b23be8feffe,5452,APP
apps/android/MoveFuelAndroid/app/src/androidTest/java/com/movefuel/app/datalayer/PhoneWorkoutCommandStoreInstrumentedTest.kt,ef38e509abcbb09426fd44428742ffc722a95443,4326,APP
apps/android/MoveFuelAndroid/app/src/androidTest/java/com/movefuel/app/meal/ManualMealEntryPersistenceInstrumentedTest.kt,aba8352574d1c4c607271596abbd9a2c2cae9261,4951,APP
apps/android/MoveFuelAndroid/app/src/androidTest/java/com/movefuel/app/offline/PhoneSummaryStoreInstrumentedTest.kt,4a42ae5ccbfa48d39b723bdb40f4d9a6e289c6ad,12859,APP
apps/android/MoveFuelAndroid/app/src/androidTest/java/com/movefuel/app/product/AccountDataLifecycleStoreInstrumentedTest.kt,b051e1fa5c29e30f2cbf7109f6a4df7c854641d6,3299,APP
apps/android/MoveFuelAndroid/app/src/androidTest/java/com/movefuel/app/product/LocalNotificationSchedulerInstrumentedTest.kt,ddd0ee8a45fb4cb80aeaac141bc7ef8c6845bdae,1385,APP
apps/android/MoveFuelAndroid/app/src/androidTest/java/com/movefuel/app/product/MealMutationOutboxStoreInstrumentedTest.kt,0236d68825694abe053c4f6b080b0f482e492d2a,2226,APP
apps/android/MoveFuelAndroid/app/src/androidTest/java/com/movefuel/app/product/MusicLauncherInstrumentedTest.kt,fa66f039d5681388614146bc4d305cc8c4875c54,896,APP
apps/android/MoveFuelAndroid/app/src/androidTest/java/com/movefuel/app/product/OnboardingProfileStoreInstrumentedTest.kt,e816107a2bb983c8a5b233f371b2915c1de855d3,1545,APP
apps/android/MoveFuelAndroid/app/src/androidTest/java/com/movefuel/app/product/PhoneProductStoreInstrumentedTest.kt,a291bbfed9272f1729fe498c07d4e8638e65dfb2,2255,APP
apps/android/MoveFuelAndroid/app/src/androidTest/java/com/movefuel/app/product/PrivacyPreferenceStoreInstrumentedTest.kt,8d19b693e4931292e497edccdaf0bd686c1936b6,2066,APP
apps/android/MoveFuelAndroid/app/src/androidTest/java/com/movefuel/app/product/ProfilePreferenceStoreInstrumentedTest.kt,02f8c3ca276e41f164a50cb4bc6b516cca46b2cb,1518,APP
apps/android/MoveFuelAndroid/app/src/androidTest/java/com/movefuel/app/product/SavedMealStoreInstrumentedTest.kt,fd1f3bc38c5f8dc147f18332a4cb8992e9c6409b,1741,APP
apps/android/MoveFuelAndroid/app/src/androidTest/java/com/movefuel/app/product/WorkoutHistoryStoreInstrumentedTest.kt,c2e2eeb13516bce75563dbdf5535e9be8264c88c,1804,APP
apps/android/MoveFuelAndroid/app/src/androidTest/java/com/movefuel/app/today/TodayDashboardOnDeviceTest.kt,f3b2fdf3d4b2d7b120bbd898d3808084e467a66a,8029,APP
apps/android/MoveFuelAndroid/app/src/androidTest/java/com/movefuel/app/workout/PhoneCanonicalTrainingStoreInstrumentedTest.kt,32f4f0321f018604ff8fa799300bbb9c51e7bea4,2965,APP
apps/android/MoveFuelAndroid/app/src/androidTest/java/com/movefuel/app/workout/PhoneWorkoutSnapshotStoreInstrumentedTest.kt,f1a823330484f88d1c78d6e9121a4507142ba180,3719,APP
apps/android/MoveFuelAndroid/app/src/debug/AndroidManifest.xml,2d6045918ab365bd4de95b7f60f5616f395b4ac7,301,APP
apps/android/MoveFuelAndroid/app/src/main/AndroidManifest.xml,c3a749553909b93f135da49c808b18cdd3c8d8a4,4425,APP
apps/android/MoveFuelAndroid/app/src/main/java/com/movefuel/app/auth/AppwriteAuthClient.kt,880d9f20a8ed5fdbab4ee0fbdf2c240662ee52c8,12892,APP
apps/android/MoveFuelAndroid/app/src/main/java/com/movefuel/app/auth/AppwriteSessionStore.kt,8c48558292aab88b5b946d3f23917d323e970fe9,4039,APP
apps/android/MoveFuelAndroid/app/src/main/java/com/movefuel/app/auth/AuthSessionStore.kt,a2c9e3051963ab945e2c3762090d5afc99e9e028,5605,APP
apps/android/MoveFuelAndroid/app/src/main/java/com/movefuel/app/auth/EmailVerificationUi.kt,416b97ff4b501cae3e612923c4a96a6174088fa0,4848,APP
apps/android/MoveFuelAndroid/app/src/main/java/com/movefuel/app/auth/MoveFuelAuthScreen.kt,de4bb4fb2b8be2484def15814e50c75d877462b0,25082,APP
apps/android/MoveFuelAndroid/app/src/main/java/com/movefuel/app/auth/OnboardingScreen.kt,73badc7a8e9710123a2274f4088ac8508c061f24,48236,APP
apps/android/MoveFuelAndroid/app/src/main/java/com/movefuel/app/backend/BackendModels.kt,5554f243aefaa2bf58395ec256a604577ab4d357,14170,APP
apps/android/MoveFuelAndroid/app/src/main/java/com/movefuel/app/backend/CanonicalSyncBackendClient.kt,aa06b507e681a2b6f741cdf72eea56093700ecda,9522,APP
apps/android/MoveFuelAndroid/app/src/main/java/com/movefuel/app/backend/CanonicalTargetPreviewGateway.kt,385fd9abc38f35cae8c442e9f03b55bb1d5b191f,1107,APP
apps/android/MoveFuelAndroid/app/src/main/java/com/movefuel/app/backend/CanonicalTodayBackendGateway.kt,23b785e8f57d74604df5d05a1ddb184a405088b5,5813,APP
apps/android/MoveFuelAndroid/app/src/main/java/com/movefuel/app/backend/CanonicalTrainingBackendGateway.kt,a6fb4dcb559e5f09820c06a257a8d9ca7b2ebfe0,10454,APP
apps/android/MoveFuelAndroid/app/src/main/java/com/movefuel/app/backend/CanonicalWorkoutReconcileGateway.kt,4061f173dd96a1844e67a77b3fd13a74453c5f28,2539,APP
apps/android/MoveFuelAndroid/app/src/main/java/com/movefuel/app/backend/FoodBackendClientExtensions.kt,11efccfb2c612509e5ef7592e513e98abea8f9d9,4652,APP
apps/android/MoveFuelAndroid/app/src/main/java/com/movefuel/app/backend/MealPortionPresentation.kt,2c6d1f8eec31a28b0b4ab6cbce6db0cb35c9a063,555,APP
apps/android/MoveFuelAndroid/app/src/main/java/com/movefuel/app/backend/MoveFuelBackendClient.kt,0c9fe28f91371f11d8ee19c71d491d0394d70acc,69093,APP
apps/android/MoveFuelAndroid/app/src/main/java/com/movefuel/app/backend/MoveFuelBackendTransportFactory.kt,5e2673c577f20ff2e4dd2bce56af6efb2cfdad9e,2585,APP
apps/android/MoveFuelAndroid/app/src/main/java/com/movefuel/app/backend/transport/AppwriteFunctionBackendTransport.kt,5d08f7c506b0c093418dd3dea7a600de586c2aa7,7307,APP
apps/android/MoveFuelAndroid/app/src/main/java/com/movefuel/app/backend/transport/UrlConnectionBackendTransport.kt,f642cf96c0753a45f34eb2f243b6d7e36282448f,2730,APP
apps/android/MoveFuelAndroid/app/src/main/java/com/movefuel/app/calendar/PhoneCanonicalCalendar.kt,a2b663cf82bd039e0431205c338fbf00b3e023ed,15908,APP
apps/android/MoveFuelAndroid/app/src/main/java/com/movefuel/app/dashboard/DashboardChrome.kt,3cbd3d9c1d39a06675201ddfe654365dcea9ff90,12483,APP
apps/android/MoveFuelAndroid/app/src/main/java/com/movefuel/app/dashboard/DashboardContract.kt,c1957b52b6557d6391de2772ccf34b73b9636bc5,7421,APP
apps/android/MoveFuelAndroid/app/src/main/java/com/movefuel/app/dashboard/DashboardDestination.kt,c61002da858de76c3703dd63147c49280ec413f9,677,APP
apps/android/MoveFuelAndroid/app/src/main/java/com/movefuel/app/dashboard/DashboardDestinationContent.kt,2de5419cd465f06972116d8bf4fe4f58edca9a99,25211,APP
apps/android/MoveFuelAndroid/app/src/main/java/com/movefuel/app/dashboard/DashboardThemeTokens.kt,81a774e12df775c3f724fd7e19d3c1083348c41a,1114,APP
apps/android/MoveFuelAndroid/app/src/main/java/com/movefuel/app/dashboard/MoveFuelDashboard.kt,accecbb25caccacfffb339bf62f260c3fb87bcbb,26263,APP
apps/android/MoveFuelAndroid/app/src/main/java/com/movefuel/app/datalayer/CanonicalTodayProjectionPublisher.kt,e2665ddb3f6867842ae0cbc79936156caba700a1,5665,APP
apps/android/MoveFuelAndroid/app/src/main/java/com/movefuel/app/datalayer/CanonicalTrainingProjection.kt,bbf5589a765526da1ddf202e3f51c29a9b78a4fb,9110,APP
apps/android/MoveFuelAndroid/app/src/main/java/com/movefuel/app/datalayer/PhoneAccountSessionBoundary.kt,b38147783273941c3bdfeb386cf9a317617065a5,1807,APP
apps/android/MoveFuelAndroid/app/src/main/java/com/movefuel/app/datalayer/PhoneActiveWatchAccountStore.kt,5d247eca002728de7dbbac0d5bff6c48975ce3d1,974,APP
apps/android/MoveFuelAndroid/app/src/main/java/com/movefuel/app/datalayer/PhoneSummaryStore.kt,215c549f7f6708dd06342a4d85db1946d71a8987,5592,APP
apps/android/MoveFuelAndroid/app/src/main/java/com/movefuel/app/datalayer/PhoneSyncStateBus.kt,bd3322b94e0ed5a7730119aeb4d75ee3e92da4c5,684,APP
apps/android/MoveFuelAndroid/app/src/main/java/com/movefuel/app/datalayer/PhoneWatchConnectionCompose.kt,a293b759c629e10121bac1be61e2795633a07727,3791,APP
apps/android/MoveFuelAndroid/app/src/main/java/com/movefuel/app/datalayer/PhoneWatchConnectionRepository.kt,692a07e0cbc0032a30c80e9a8650794ea84e25ef,22997,APP
apps/android/MoveFuelAndroid/app/src/main/java/com/movefuel/app/datalayer/PhoneWorkoutCommandAuthorization.kt,f89dde1cbf6061202acd050563c3e18303574405,4393,APP
apps/android/MoveFuelAndroid/app/src/main/java/com/movefuel/app/datalayer/PhoneWorkoutCommandStore.kt,0474475faf67c81df4fdee477fe045eae90a9810,13730,APP
apps/android/MoveFuelAndroid/app/src/main/java/com/movefuel/app/datalayer/SummaryPublisher.kt,062288de1f3c3372647fec01dbface1c4465c1d7,2779,APP
apps/android/MoveFuelAndroid/app/src/main/java/com/movefuel/app/datalayer/SummaryReceiptHandlingPolicy.kt,6c4fe3f02b33366e4243e0c86be150c01ebc2887,794,APP
apps/android/MoveFuelAndroid/app/src/main/java/com/movefuel/app/datalayer/SummaryReceiptListenerService.kt,1d338c086f4468d46e0007b676115312243e0113,9140,APP
apps/android/MoveFuelAndroid/app/src/main/java/com/movefuel/app/datalayer/WatchAccountKey.kt,9f63dab45b6094757bab3fb6bd92cf68253a0057,214,APP
apps/android/MoveFuelAndroid/app/src/main/java/com/movefuel/app/datalayer/WatchSummaryEnricher.kt,504b0e47f5c04bc25aad4e3323cdb88b931395e3,4677,APP
apps/android/MoveFuelAndroid/app/src/main/java/com/movefuel/app/datalayer/WearWorkoutCommandListenerService.kt,1ffabd496f5175f9f973c3097322e979be67f8a1,4321,APP
apps/android/MoveFuelAndroid/app/src/main/java/com/movefuel/app/feature/calendar/CalendarScreen.kt,200edef0bcd142fd31293618f9e82281faf51109,22228,APP
apps/android/MoveFuelAndroid/app/src/main/java/com/movefuel/app/feature/fuel/FoodLibrarySheet.kt,4869db012a502c28f3e4b6abd0c9c5b96b78623d,9910,APP
apps/android/MoveFuelAndroid/app/src/main/java/com/movefuel/app/feature/fuel/FuelScreen.kt,55595aa941257c63feddbfe3c72edf8410ba19c2,14086,APP
apps/android/MoveFuelAndroid/app/src/main/java/com/movefuel/app/feature/meal/capture/CanonicalMealConfirmedOverlay.kt,0f94cce6eb576c8501ce9d65c58e391528e57ed6,6435,APP
apps/android/MoveFuelAndroid/app/src/main/java/com/movefuel/app/feature/meal/capture/MealCaptureSheet.kt,03433c1fe3d1d04c52094f2a0e557ac7c445d329,13610,APP
apps/android/MoveFuelAndroid/app/src/main/java/com/movefuel/app/feature/meal/history/MealHistoryUi.kt,fc9bfe78d4286708811d43e09421335b522741e8,21256,APP
apps/android/MoveFuelAndroid/app/src/main/java/com/movefuel/app/feature/meal/review/MealEditors.kt,44fc03d44fe4c91140fcb7916271fbe520ad991e,17398,APP
apps/android/MoveFuelAndroid/app/src/main/java/com/movefuel/app/feature/meal/review/MealReviewScreen.kt,d67d682226704413d9d9c801c6a2d536d03b48c1,26026,APP
apps/android/MoveFuelAndroid/app/src/main/java/com/movefuel/app/feature/profile/ProfileDetails.kt,97a0f3f711d3ef1a58740453275ba761a4fd842b,21229,APP
apps/android/MoveFuelAndroid/app/src/main/java/com/movefuel/app/feature/profile/ProfileHub.kt,276e0d5ca9a40ebb9d4f60a82c88674cfba38a6f,7439,APP
apps/android/MoveFuelAndroid/app/src/main/java/com/movefuel/app/feature/profile/ProfileIdentity.kt,2f993c6a111f06bd2172ec63ba32b9dab0d85866,7003,APP
apps/android/MoveFuelAndroid/app/src/main/java/com/movefuel/app/feature/profile/ProfilePreferences.kt,1d594e2532fbc83a5503ebd2e751b299f98288c2,14716,APP
apps/android/MoveFuelAndroid/app/src/main/java/com/movefuel/app/feature/progress/ProgressScreen.kt,3460d05f084e1631fca051f5501903be7fa78ced,29213,APP
apps/android/MoveFuelAndroid/app/src/main/java/com/movefuel/app/feature/today/TodayScreen.kt,204ac00546d6f58c3a4ec5fcb0802f1f55165857,31588,APP
apps/android/MoveFuelAndroid/app/src/main/java/com/movefuel/app/feature/train/TrainScreen.kt,070a0098dbef14b597746fab87dc62c34101bfc3,27838,APP
apps/android/MoveFuelAndroid/app/src/main/java/com/movefuel/app/health/HealthConnectProvider.kt,fbcaf6dabbf2799f4b573709920516e4e9d40a39,6132,APP
apps/android/MoveFuelAndroid/app/src/main/java/com/movefuel/app/health/HealthModels.kt,8fabbec5a88391c374b15263fb1e6514f37b2141,1137,APP
apps/android/MoveFuelAndroid/app/src/main/java/com/movefuel/app/MainActivity.kt,961a037a2a9bb4363b5aab51cc917c0bf2f28c76,39254,APP
apps/android/MoveFuelAndroid/app/src/main/java/com/movefuel/app/meal/MealAnalysisWorkflow.kt,8767460d7e3ac1b0a22930accd9744ea694f5dea,6466,APP
apps/android/MoveFuelAndroid/app/src/main/java/com/movefuel/app/meal/MealAnalyzer.kt,15ef0b560189a5c13498cffbfe74b72b513c2c16,1133,APP
apps/android/MoveFuelAndroid/app/src/main/java/com/movefuel/app/meal/MealCaptureCoordinator.kt,88af5fe5b4d78bdb38688b3697821317e92aa51b,2016,APP
apps/android/MoveFuelAndroid/app/src/main/java/com/movefuel/app/meal/MealDraft.kt,2d10b4324e9612c55d2c906dd9f8758db1c500d2,1296,APP
apps/android/MoveFuelAndroid/app/src/main/java/com/movefuel/app/meal/MealDraftStore.kt,d16d2903febbe16e104c5cdc26024d45bbe136c3,17118,APP
apps/android/MoveFuelAndroid/app/src/main/java/com/movefuel/app/meal/MealEstimate.kt,8d8247485bed7f5251c8b9136c4380721269ab5e,2297,APP
apps/android/MoveFuelAndroid/app/src/main/java/com/movefuel/app/meal/MealMediaCache.kt,dbefddffcc1737a3094b84aad818612901714282,2413,APP
apps/android/MoveFuelAndroid/app/src/main/java/com/movefuel/app/meal/MealMediaEdit.kt,3503d02cb64431b705386a7f2481542a0ccb6a3f,2328,APP
apps/android/MoveFuelAndroid/app/src/main/java/com/movefuel/app/meal/MealMediaReader.kt,8f6d04b2d3c3863837ac18bfd602a7014f0bc9d9,707,APP
apps/android/MoveFuelAndroid/app/src/main/java/com/movefuel/app/meal/MealNutritionMath.kt,c2e4dc3d7c1f0019719b7efade667bc8fd8b32fc,382,APP
apps/android/MoveFuelAndroid/app/src/main/java/com/movefuel/app/meal/MealTypeResolver.kt,0dabcd8e4f5557e5fe728a200dc698ff81b79039,874,APP
apps/android/MoveFuelAndroid/app/src/main/java/com/movefuel/app/meal/PhoneMealSummaryFactory.kt,65997674f10e90a98fc029abc9b986dacd06039b,1217,APP
apps/android/MoveFuelAndroid/app/src/main/java/com/movefuel/app/offline/PhoneOfflineDatabase.kt,9d30f41c7a5ebe6fbd20d5f85495b7f09ce4f612,29002,APP
apps/android/MoveFuelAndroid/app/src/main/java/com/movefuel/app/offline/SummaryQueuePolicy.kt,3cd2571763650d7a94f0a04177ec4840f6f86a2a,642,APP
apps/android/MoveFuelAndroid/app/src/main/java/com/movefuel/app/offline/SummaryRetryPolicy.kt,bd933a4a3e71b1068f71f042f6fbb82b7360dc2c,989,APP
apps/android/MoveFuelAndroid/app/src/main/java/com/movefuel/app/offline/SummaryRetryScheduler.kt,339c5ca21a615a3bd492b9c61bfe7eb878a26dc2,1426,APP
apps/android/MoveFuelAndroid/app/src/main/java/com/movefuel/app/offline/SummaryRetryWorker.kt,11a008936dacca7d041dac9f75dc4abfd3cde013,2757,APP
apps/android/MoveFuelAndroid/app/src/main/java/com/movefuel/app/offline/WorkoutReconcileWorker.kt,2a308a0e734ce1419fa38ac8ddfe4225f54acf8f,9321,APP
apps/android/MoveFuelAndroid/app/src/main/java/com/movefuel/app/PermissionsRationaleActivity.kt,241ad60701661728a22a9af2556227eb03da7e72,2336,APP
apps/android/MoveFuelAndroid/app/src/main/java/com/movefuel/app/phone/CanonicalMoveFuelPhoneScreen.kt,3c16259f93a8ec717c427f7834a3fd54f6f28d6f,75470,APP
apps/android/MoveFuelAndroid/app/src/main/java/com/movefuel/app/phone/MoveFuelPhoneScreen.kt,b2ca32c9d4d038d92395a04d14b226e822a292cf,999,APP
apps/android/MoveFuelAndroid/app/src/main/java/com/movefuel/app/phone/PhoneBackendMappers.kt,f667bb5a6e6b8a22fe3ff5c18e99214d38b0f2ff,11471,APP
apps/android/MoveFuelAndroid/app/src/main/java/com/movefuel/app/product/AccountDataLifecycleStore.kt,597beb7bbacc57494669ca6f7825068346e5086d,10190,APP
apps/android/MoveFuelAndroid/app/src/main/java/com/movefuel/app/product/billing/EntitlementProvider.kt,c038447f2d5f4eea9d82371b9dc641c8856cd281,2084,APP
apps/android/MoveFuelAndroid/app/src/main/java/com/movefuel/app/product/LocalNotificationScheduler.kt,831d3b6c323241fee15e703558ee3853383e761d,3795,APP
apps/android/MoveFuelAndroid/app/src/main/java/com/movefuel/app/product/MealMutationOutboxStore.kt,23a9edeb2d3630602935686e518e2eab2aa05f5c,6376,APP
apps/android/MoveFuelAndroid/app/src/main/java/com/movefuel/app/product/MusicControls.kt,4c5016564febc9d5049c52c73081b416d0ca632d,1761,APP
apps/android/MoveFuelAndroid/app/src/main/java/com/movefuel/app/product/OnboardingStore.kt,e0ae07a912a1060102ae9791d0d00f2db3cec515,4972,APP
apps/android/MoveFuelAndroid/app/src/main/java/com/movefuel/app/product/OwnerIdentity.kt,042aee776ad9c4c4aeaaff273cd0118e3009dbaa,931,APP
apps/android/MoveFuelAndroid/app/src/main/java/com/movefuel/app/product/PersonalTargetEngine.kt,4b9f311b2d75ca10c4ca7d5987f128f443505269,18351,APP
apps/android/MoveFuelAndroid/app/src/main/java/com/movefuel/app/product/PhoneProductStore.kt,6bec987b5bed3e5a59f35b8d39dd991df9adf1d6,8986,APP
apps/android/MoveFuelAndroid/app/src/main/java/com/movefuel/app/product/PrivacyPreferenceStore.kt,9ea99267dde22c463d103b0d6aada2b1f03c009c,1693,APP
apps/android/MoveFuelAndroid/app/src/main/java/com/movefuel/app/product/ProfilePreferenceStore.kt,712778a2bb877283b586f60e1434553c415fc0ef,1458,APP
apps/android/MoveFuelAndroid/app/src/main/java/com/movefuel/app/product/ProgressSignals.kt,e85b1bfa380a69d2896963f7f00f543148cc819e,4266,APP
apps/android/MoveFuelAndroid/app/src/main/java/com/movefuel/app/product/SavedMealStore.kt,b757f3a48a8ac32fc1eef2b80ec5ddcd3427719f,2774,APP
apps/android/MoveFuelAndroid/app/src/main/java/com/movefuel/app/product/WellnessReport.kt,d0d901b81f5faa56634f29806749aaaa55b0f70e,9239,APP
apps/android/MoveFuelAndroid/app/src/main/java/com/movefuel/app/product/WorkoutHistoryStore.kt,376d9bccf955a52441be34b4f5a0e8b2e2d1f34c,5136,APP
apps/android/MoveFuelAndroid/app/src/main/java/com/movefuel/app/today/CanonicalTodayState.kt,c53ab1cea5e9161380b2f8ce4283e92c0b64d9db,3659,APP
apps/android/MoveFuelAndroid/app/src/main/java/com/movefuel/app/today/PhoneCanonicalTodayStore.kt,d30104b5001bf82f9a6a1429c4efc15e961dcd8f,2148,APP
apps/android/MoveFuelAndroid/app/src/main/java/com/movefuel/app/today/TodayDashboardReducer.kt,ab05d69884893f23a98f6b8f060719a22fe240d5,11050,APP
apps/android/MoveFuelAndroid/app/src/main/java/com/movefuel/app/today/TodayDashboardState.kt,b369ff8a39c075003aa1a9a375ec10997377ac6c,5934,APP
apps/android/MoveFuelAndroid/app/src/main/java/com/movefuel/app/ui/MoveFuelClock.kt,2c682f4cae43d7c24a3391d55ac0984bc86455a3,1152,APP
apps/android/MoveFuelAndroid/app/src/main/java/com/movefuel/app/ui/MoveFuelMotion.kt,fce41c13edd98228d060b46d0610fe2ab259d7bb,927,APP
apps/android/MoveFuelAndroid/app/src/main/java/com/movefuel/app/ui/MoveFuelPremiumTheme.kt,98f54fc6d7a36fda8f1b179557a8ba52b825380d,9019,APP
apps/android/MoveFuelAndroid/app/src/main/java/com/movefuel/app/ui/MoveFuelUiContracts.kt,4581356f5bea29f1d74586790e3d080ab12d3cc9,2857,APP
apps/android/MoveFuelAndroid/app/src/main/java/com/movefuel/app/ui/MoveFuelUiKit.kt,101799e226607eec70319e387866a368a26701e0,14977,APP
apps/android/MoveFuelAndroid/app/src/main/java/com/movefuel/app/ui/MoveFuelUiPreferences.kt,cffcc1669697e1ccb9c1a0eaf3ec4ec70f2d554d,3152,APP
apps/android/MoveFuelAndroid/app/src/main/java/com/movefuel/app/ui/state/MoveFuelStateComponents.kt,c4e38cfe79e47942a2a61c727d9aab9e065c5c1e,3554,APP
apps/android/MoveFuelAndroid/app/src/main/java/com/movefuel/app/ui/state/MoveFuelUiState.kt,aa765bfa0976bc64988d78e314ce5377f0be761c,5914,APP
apps/android/MoveFuelAndroid/app/src/main/java/com/movefuel/app/workout/CanonicalTrainingPresentationMapper.kt,dbd4389d96f4e614826e47d74a5de5904c6436a0,4675,APP
apps/android/MoveFuelAndroid/app/src/main/java/com/movefuel/app/workout/CloudWorkoutSessionStore.kt,f39bb37f1cbff0c9ccc9edd6b8b4eaabf124fde5,2703,APP
apps/android/MoveFuelAndroid/app/src/main/java/com/movefuel/app/workout/PhoneCanonicalTrainingStore.kt,2c9980c609550860a3a2e8ba78fd0d01b6600686,4544,APP
apps/android/MoveFuelAndroid/app/src/main/java/com/movefuel/app/workout/PhoneWorkoutSnapshotStore.kt,799213be3f5279f9a869d69b5e7b09b65e5006f1,1219,APP
apps/android/MoveFuelAndroid/app/src/main/java/com/movefuel/app/workout/PhoneWorkoutStateRestorer.kt,d325507c1c3cbdeb8d965a42df8830eaba3dbd66,2243,APP
apps/android/MoveFuelAndroid/app/src/main/java/com/movefuel/app/workout/PhoneWorkoutSummaryFactory.kt,31ec22a83698ff0a925423e92be41c0d3cb2ee3b,1006,APP
apps/android/MoveFuelAndroid/app/src/main/java/com/movefuel/app/workout/WorkoutCloudOutboxStore.kt,46dc7def5c3fcaea2bfc6ea69826108923035f72,18343,APP
apps/android/MoveFuelAndroid/app/src/main/java/com/movefuel/app/workout/WorkoutExerciseHistoryStore.kt,d66b441d15e7c054b547fe953c14c52539d43bbe,5938,APP
apps/android/MoveFuelAndroid/app/src/main/java/com/movefuel/app/workout/WorkoutPlanCatalog.kt,d4dbff106a537ea10cca4196c9867dfa7e36a04d,4728,APP
apps/android/MoveFuelAndroid/app/src/main/res/drawable-nodpi/movefuel_food_hero.jpg,574cbf854079667fa2a6f534f580c18691d3920a,209205,APP
apps/android/MoveFuelAndroid/app/src/main/res/drawable-nodpi/movefuel_training_hero.jpg,2b37c51e5634969791a3e8d52dbda3797f0e042b,196226,APP
apps/android/MoveFuelAndroid/app/src/main/res/drawable/ic_movefuel_achievement.xml,e1551b558d9637ac6ca6038c8fc43aa90ff26100,331,APP
apps/android/MoveFuelAndroid/app/src/main/res/drawable/ic_movefuel_calendar.xml,3508b76c55cc0f1cfd93cea0cafa31c1981648e7,351,APP
apps/android/MoveFuelAndroid/app/src/main/res/drawable/ic_movefuel_fuel.xml,534d8bdbb72786add3cf6972150cd2cb36cd91d9,345,APP
apps/android/MoveFuelAndroid/app/src/main/res/drawable/ic_movefuel_progress.xml,611a739dda28e2a5be28a6ca10ff23673ac6e65d,292,APP
apps/android/MoveFuelAndroid/app/src/main/res/drawable/ic_movefuel_today.xml,d81a6e82dde5d93675c96a35a5f7b5045b2b0a72,270,APP
apps/android/MoveFuelAndroid/app/src/main/res/drawable/ic_movefuel_train.xml,fa0d1fcd252e99a305bc0d7fb13453842cbde019,504,APP
apps/android/MoveFuelAndroid/app/src/main/res/drawable/movefuel_app_icon.xml,c44d418793058f7108e519d146c738ad59926125,902,APP
apps/android/MoveFuelAndroid/app/src/main/res/values/strings.xml,85ee8ff7f8227d4fc018b1fa7cbf8238b7257bcc,71,APP
apps/android/MoveFuelAndroid/app/src/main/res/values/styles.xml,db1a74afce1269219e3a060cc3d3ef60e07a75b9,491,APP
apps/android/MoveFuelAndroid/app/src/main/res/values/wear_capabilities.xml,8b6a28c6f859e3f38c705a747d0fe030ffe2f22d,136,APP
apps/android/MoveFuelAndroid/app/src/main/res/xml/backup_rules.xml,ce0b32432a06d0978e0f0ba660c50b34c801d1e4,293,APP
apps/android/MoveFuelAndroid/app/src/main/res/xml/data_extraction_rules.xml,224515d8b15faaaff5fbe052391b855b0429ceb2,630,APP
apps/android/MoveFuelAndroid/app/src/main/res/xml/file_paths.xml,7030da7b5eba1ef76e242a51e21d94e0893aa10a,163,APP
apps/android/MoveFuelAndroid/app/src/test/java/com/movefuel/app/acceptance/MealToWatchAcceptanceTest.kt,5a47e69e291b4f1c192abbb5161628d8d57180aa,3019,APP
apps/android/MoveFuelAndroid/app/src/test/java/com/movefuel/app/auth/AppwriteAuthClientTest.kt,ef7b2ed52aaf121c865986257d5e5d36e7751cf1,7365,APP
apps/android/MoveFuelAndroid/app/src/test/java/com/movefuel/app/auth/OnboardingMeasurementLabelTest.kt,03a0d5908e8725e9d919b5dbd3458f901a7490e0,1293,APP
apps/android/MoveFuelAndroid/app/src/test/java/com/movefuel/app/authority/AndroidAuthorityRecoveryBreakerTest.kt,9187ca2d9aa03c928d224d66d2a49fac29c02469,8022,APP
apps/android/MoveFuelAndroid/app/src/test/java/com/movefuel/app/backend/AppwriteFunctionBackendTransportTest.kt,23e0101fded67c187ba97dc71bcae57e20cda524,4348,APP
apps/android/MoveFuelAndroid/app/src/test/java/com/movefuel/app/backend/CanonicalSyncBackendClientTest.kt,e259ecb27952dd435c5a07708c18b7118a02d768,6053,APP
apps/android/MoveFuelAndroid/app/src/test/java/com/movefuel/app/backend/MoveFuelBackendClientTest.kt,6b1e97579b1043ae95dd0b28fbb03bf70f215acd,33511,APP
apps/android/MoveFuelAndroid/app/src/test/java/com/movefuel/app/backend/MoveFuelBackendTransportFactoryTest.kt,3d2406e5d01f670b2f96cf9bbfa6a93226f8fbcf,1948,APP
apps/android/MoveFuelAndroid/app/src/test/java/com/movefuel/app/DashboardDestinationTest.kt,e91b27ae74c93516b28da578e85f3b485f8839f4,818,APP
apps/android/MoveFuelAndroid/app/src/test/java/com/movefuel/app/DashboardFilterTest.kt,f823320731f354d11743d8e7a99823170487c608,882,APP
apps/android/MoveFuelAndroid/app/src/test/java/com/movefuel/app/datalayer/CanonicalTodayProjectionPublisherTest.kt,23dc3f36d81d6c4a54ac17f67dab877dcf18faac,6471,APP
apps/android/MoveFuelAndroid/app/src/test/java/com/movefuel/app/datalayer/PhoneSyncStateBusTest.kt,cce1d2578c2d618497091ceb238af3c325567583,401,APP
apps/android/MoveFuelAndroid/app/src/test/java/com/movefuel/app/datalayer/PhoneToWatchVerticalSliceTest.kt,8788ee252b9449b26d3dce26c04ecb0568436da2,3482,APP
apps/android/MoveFuelAndroid/app/src/test/java/com/movefuel/app/datalayer/PhoneWatchConnectionStateTest.kt,1b3f3c707b68ec7e039b78207439552675a0add3,1127,APP
apps/android/MoveFuelAndroid/app/src/test/java/com/movefuel/app/datalayer/PhoneWorkoutCommandAccountIsolationTest.kt,446e1f65627622b3e92510b8844e0061a2b7f1a8,2961,APP
apps/android/MoveFuelAndroid/app/src/test/java/com/movefuel/app/datalayer/PhoneWorkoutPostExpiryAuthorizationTest.kt,b4bdcee3c38778aa4702489b31a9273141e872ec,10707,APP
apps/android/MoveFuelAndroid/app/src/test/java/com/movefuel/app/datalayer/SummaryPublisherTest.kt,76d688cadb52bd1f7b4257465581ba97476101eb,3116,APP
apps/android/MoveFuelAndroid/app/src/test/java/com/movefuel/app/datalayer/SummaryReceiptHandlingPolicyTest.kt,c1b014529796967cdfff5276d8e7170bfe1a84fa,1349,APP
apps/android/MoveFuelAndroid/app/src/test/java/com/movefuel/app/datalayer/WorkoutReconcileOwnerPolicyWave4Test.kt,c53d7d2b787245d6b31440f868a0295abb4acee8,2347,APP
apps/android/MoveFuelAndroid/app/src/test/java/com/movefuel/app/MainActivityProfilePersistenceTest.kt,d69b7d52ad8ba24796093b0ab3ad41d794122ed9,946,APP
apps/android/MoveFuelAndroid/app/src/test/java/com/movefuel/app/ManualMealEntryTest.kt,0ea19a1057e06badd144f5a2d5a636471462dfec,3172,APP
apps/android/MoveFuelAndroid/app/src/test/java/com/movefuel/app/meal/MealAnalyzerTest.kt,5e55583e90f6cf4cc3c7e12ebaa4711241c21a28,918,APP
apps/android/MoveFuelAndroid/app/src/test/java/com/movefuel/app/meal/MealCaptureCoordinatorTest.kt,b38192e35d02424b2808ad409905545146bc20cd,2538,APP
apps/android/MoveFuelAndroid/app/src/test/java/com/movefuel/app/meal/MealConfirmedGoalPresentationTest.kt,62f794495ff445008aa18eb6d1455d383d9f6a62,867,APP
apps/android/MoveFuelAndroid/app/src/test/java/com/movefuel/app/meal/MealMediaEditTest.kt,15d7b9d26a4032d1ed9c339612f41c7b105d4417,1318,APP
apps/android/MoveFuelAndroid/app/src/test/java/com/movefuel/app/meal/MealPhotoWorkflowPhaseTest.kt,84f6818cf9cf1994d1fcb78c08877f152979ce55,779,APP
apps/android/MoveFuelAndroid/app/src/test/java/com/movefuel/app/meal/MealTypeResolverTest.kt,6bf225301218984a9d5e8ccb6ed8da328bd70028,686,APP
apps/android/MoveFuelAndroid/app/src/test/java/com/movefuel/app/meal/PhoneMealSummaryFactoryTest.kt,0ed6d5f7127ef0aa949bc3578398086b9d0a4adb,2150,APP
apps/android/MoveFuelAndroid/app/src/test/java/com/movefuel/app/meal/SampleMealAnalyzerTest.kt,20bf22fb3ae1813a23648fbb2fd4621d29e2bf57,799,APP
apps/android/MoveFuelAndroid/app/src/test/java/com/movefuel/app/offline/SummaryQueuePolicyTest.kt,0daed2f137d0ddf73691aab4f0c6f1290aae6e85,810,APP
apps/android/MoveFuelAndroid/app/src/test/java/com/movefuel/app/offline/SummaryRetryPolicyTest.kt,4e7c35e1ed1b443119ed1856a686f8ef6aeb6dd6,2356,APP
apps/android/MoveFuelAndroid/app/src/test/java/com/movefuel/app/offline/WorkoutReconcileOwnerPolicyTest.kt,0472b95624a42a1869a3a3e11036f14d5527b8aa,2219,APP
apps/android/MoveFuelAndroid/app/src/test/java/com/movefuel/app/product/billing/MockEntitlementProvider.kt,0a1bda55bb490bd38f16711dd2f096fe81a0fa7e,1984,APP
apps/android/MoveFuelAndroid/app/src/test/java/com/movefuel/app/product/billing/MockEntitlementProviderTest.kt,97e2b2cc9439bfcad2859cedb08e2a86dce2abd9,2578,APP
apps/android/MoveFuelAndroid/app/src/test/java/com/movefuel/app/product/LocalNotificationSchedulerTest.kt,5fd70e188942a0b05123bd866f4789e94fa84ca7,754,APP
apps/android/MoveFuelAndroid/app/src/test/java/com/movefuel/app/product/MusicControlsTest.kt,b7ef1a798b4763c9d253550fe2b59cd77bac8ba4,322,APP
apps/android/MoveFuelAndroid/app/src/test/java/com/movefuel/app/product/OwnerIdentityReleaseTest.kt,4b59e88d54bdbfa6c9aa848159111bdc16d180de,1349,APP
apps/android/MoveFuelAndroid/app/src/test/java/com/movefuel/app/product/OwnerPrivacyWave4HardeningTest.kt,0e87049c31a03af9158763311dbfaee33e417d5f,3467,APP
apps/android/MoveFuelAndroid/app/src/test/java/com/movefuel/app/product/OwnerScopedPersistenceRobolectricTest.kt,37efd35726345afa4e4dbf874db8736e36ab2fc0,4851,APP
apps/android/MoveFuelAndroid/app/src/test/java/com/movefuel/app/product/PersonalTargetEngineTest.kt,6fc91be777f329ffa1b238584c0a3247304891d2,4822,APP
apps/android/MoveFuelAndroid/app/src/test/java/com/movefuel/app/product/PrivacyPreferenceRobolectricTest.kt,991014d01965f5af7caa3e97a11417adec702ac2,1618,APP
apps/android/MoveFuelAndroid/app/src/test/java/com/movefuel/app/product/ProgressSignalCalculatorTest.kt,4206312daff992eb293fc0f8e908ecc1e938c3a3,2842,APP
apps/android/MoveFuelAndroid/app/src/test/java/com/movefuel/app/product/WellnessReportTest.kt,f9c15327a4247857505c149ee16d7a3068914591,1876,APP
apps/android/MoveFuelAndroid/app/src/test/java/com/movefuel/app/today/TodayDashboardStateTest.kt,83561110fc837a00f8d55006a3b00ba2830223ec,11028,APP
apps/android/MoveFuelAndroid/app/src/test/java/com/movefuel/app/today/TodayTargetAuthorityTest.kt,ff90f4ea53fc412affd2cba0ad9b19ef0323e988,3706,APP
apps/android/MoveFuelAndroid/app/src/test/java/com/movefuel/app/ui/MoveFuelUiContractsTest.kt,b2eee922d8d835726266b44b6386aceeadee5d40,828,APP
apps/android/MoveFuelAndroid/app/src/test/java/com/movefuel/app/ui/state/MoveFuelUiStateTest.kt,4666e4363bbca717e5b04dbc98f92fb3def3a9be,3218,APP
apps/android/MoveFuelAndroid/app/src/test/java/com/movefuel/app/workout/CanonicalWorkoutCommandFactsTest.kt,9e1da7fe292025e5c16a4a29e470ad957f64ea03,4382,APP
apps/android/MoveFuelAndroid/app/src/test/java/com/movefuel/app/workout/PhoneWorkoutLifecycleIntegrationTest.kt,e59b84d5af716b1cfc367ddb4fa5aa05a2182f9b,3667,APP
apps/android/MoveFuelAndroid/app/src/test/java/com/movefuel/app/workout/PhoneWorkoutStateRestorerTest.kt,6e725f56ad2575b429939fc147439220a2335629,4595,APP
apps/android/MoveFuelAndroid/app/src/test/java/com/movefuel/app/workout/PhoneWorkoutSummaryFactoryTest.kt,1e9fddad44d801458b28e869efa7a3669b42da4c,2360,APP
apps/android/MoveFuelAndroid/app/src/test/java/com/movefuel/app/workout/WorkoutPlanCatalogTest.kt,cb6687bf958dcd962afe424ef7abb0bf2655ccbf,1781,APP
apps/android/MoveFuelAndroid/APPWRITE_SETUP.md,74381d3fcfff454abf5aef80e0db1c9aa6b2fef8,1042,APP
apps/android/MoveFuelAndroid/build.gradle.kts,ee0eef310cbb7ce01b83dc77ff31178c212d9f13,421,APP
apps/android/MoveFuelAndroid/core-model/build.gradle.kts,e2f8f2ebebb6178ac7c0440a18ad7f6f3f43f3c8,643,APP
apps/android/MoveFuelAndroid/core-model/src/main/java/com/movefuel/core/model/DailyRingSummary.kt,10b5c5f27eb5e562d63824e35bd76069948f1aa9,6071,APP
apps/android/MoveFuelAndroid/core-model/src/main/java/com/movefuel/core/model/MoveFuelModelJson.kt,5842b33a86df7bb27b7ee2f09764906d93457c11,2117,APP
apps/android/MoveFuelAndroid/core-model/src/main/java/com/movefuel/core/model/SummaryAcceptancePolicy.kt,e3fca05fd2fe6c48e45f0644e49f018dcdd8d40c,1628,APP
apps/android/MoveFuelAndroid/core-model/src/main/java/com/movefuel/core/model/SummaryDeliveryProtocol.kt,c10a2d0c160647e9d4915bd2eed8a6d2c6d416c1,2200,APP
apps/android/MoveFuelAndroid/core-model/src/main/java/com/movefuel/core/model/SummaryReceipt.kt,43de6b51079bdfea919e3a4bdd180b3d6c3b7fa1,861,APP
apps/android/MoveFuelAndroid/core-model/src/main/java/com/movefuel/core/model/WatchConnectionProtocol.kt,ee64061f770572de85bdfc1212155056ab63ce8d,3418,APP
apps/android/MoveFuelAndroid/core-model/src/main/java/com/movefuel/core/model/WatchSummary.kt,a1f0031ee9e42979b2805b58e96f8785855501bd,669,APP
apps/android/MoveFuelAndroid/core-model/src/main/java/com/movefuel/core/model/WearWorkoutExecutionProjection.kt,f216046c318a3aa4863b2a39c15ca99427c65521,4805,APP
apps/android/MoveFuelAndroid/core-model/src/main/java/com/movefuel/core/model/WorkoutCommand.kt,1f8308aaac7b85ffeac3b41c3323c0a1065a4f75,3640,APP
apps/android/MoveFuelAndroid/core-model/src/main/java/com/movefuel/core/model/WorkoutElapsed.kt,78cebb9acc30b3250aee295eb75ce761a00da677,600,APP
apps/android/MoveFuelAndroid/core-model/src/main/java/com/movefuel/core/model/WorkoutStateMachine.kt,e6b66ee96bce0071d0bde09882a0144dd30f35dc,2013,APP
apps/android/MoveFuelAndroid/core-model/src/test/java/com/movefuel/core/model/DailyRingSummaryTest.kt,26f78990296e38ac6542057d8818cc82e39896a3,2604,APP
apps/android/MoveFuelAndroid/core-model/src/test/java/com/movefuel/core/model/SummaryAcceptancePolicyTest.kt,d33a728a83934105530c35fd027b597ad9a95d61,1807,APP
apps/android/MoveFuelAndroid/core-model/src/test/java/com/movefuel/core/model/SummaryDeliveryProtocolTest.kt,f1304d1921300868151ef671eb6477cb8e173541,3203,APP
apps/android/MoveFuelAndroid/core-model/src/test/java/com/movefuel/core/model/SummaryProtocolFlowTest.kt,5384042d3c2cd9d59e0e05606e9991cbb150be0d,1731,APP
apps/android/MoveFuelAndroid/core-model/src/test/java/com/movefuel/core/model/SummaryReceiptTest.kt,b501c6aa6d96927c8431f5d1d0d0d3947f340939,998,APP
apps/android/MoveFuelAndroid/core-model/src/test/java/com/movefuel/core/model/WatchConnectionProtocolTest.kt,8d52e60351a1e59f500cfc9d6d62d7a6e64f2e14,3824,APP
apps/android/MoveFuelAndroid/core-model/src/test/java/com/movefuel/core/model/WorkoutCommandReceiptTest.kt,ee7af6772a517d96f413b9b4fbecb4258b236171,931,APP
apps/android/MoveFuelAndroid/core-model/src/test/java/com/movefuel/core/model/WorkoutElapsedTest.kt,0420eb9755f418b74e6b61946c91da900e040592,1628,APP
apps/android/MoveFuelAndroid/core-model/src/test/java/com/movefuel/core/model/WorkoutStateMachineTest.kt,a80e59e86cb5a38be736ef1fcc3320daaca8445b,2701,APP
apps/android/MoveFuelAndroid/gradle.properties,f0a2e55f89e383466d2c6b481c8c468a3aa0b13d,136,APP
apps/android/MoveFuelAndroid/gradle/wrapper/gradle-wrapper.jar,2c3521197d7c4586c843d1d3e9090525f1898cde,43504,APP
apps/android/MoveFuelAndroid/gradle/wrapper/gradle-wrapper.properties,37f853b1c84d2e2dd1c88441fcc755d7f6643668,251,APP
apps/android/MoveFuelAndroid/gradlew,f5feea6d6b116baaca5a2642d4d9fa1f47d574a7,8762,APP
apps/android/MoveFuelAndroid/gradlew.bat,9b42019c7915b971238526075306ffba3b666dd5,2966,APP
apps/android/MoveFuelAndroid/local.properties.example,85adac5984fb5816cc6a1149ced4a989564f9830,960,APP
apps/android/MoveFuelAndroid/PRODUCTION_RELEASE_SETUP.md,5132796aabd0cd2cb9955f36dd9cd69ac734f38b,2143,APP
apps/android/MoveFuelAndroid/README.md,cfb93383a4cf521dfa792485b26629e3b44939ac,795,APP
apps/android/MoveFuelAndroid/settings.gradle.kts,431bc6b5ddd6de6ed0b39f989259ae2869ef0bee,375,APP
apps/android/MoveFuelAndroid/wear/build.gradle.kts,400bbc27c9ec14ba27dbd073492ffbf77df898bf,5302,APP
apps/android/MoveFuelAndroid/wear/src/androidTest/java/com/movefuel/app/wear/WearAccountControlStoreInstrumentedTest.kt,8b6ed5a14f065ceebb3803202d6913fe2aa70a1c,2094,APP
apps/android/MoveFuelAndroid/wear/src/androidTest/java/com/movefuel/app/wear/WearDeliveryCacheInstrumentedTest.kt,238e7da51af2439bbd59aa214901b5adfca1895b,3677,APP
apps/android/MoveFuelAndroid/wear/src/androidTest/java/com/movefuel/app/wear/WearManifestInstrumentedTest.kt,34b4c305ddd61929a615c6c67817609405b69530,1205,APP
apps/android/MoveFuelAndroid/wear/src/androidTest/java/com/movefuel/app/wear/WearPendingWorkoutCommandStoreInstrumentedTest.kt,8d7732561903b4f6e115ee6edc3449d7f52fa4cd,1595,APP
apps/android/MoveFuelAndroid/wear/src/androidTest/java/com/movefuel/app/wear/WearPhoneConnectionStoreInstrumentedTest.kt,157dbc64317425046387479bf98f1b4a19d54545,2459,APP
apps/android/MoveFuelAndroid/wear/src/androidTest/java/com/movefuel/app/wear/WearReceiptStoreInstrumentedTest.kt,30661bc5fd8df5ee934b9f5f80cec55d76a39b18,2359,APP
apps/android/MoveFuelAndroid/wear/src/androidTest/java/com/movefuel/app/wear/WearRuntimeFixtureInstrumentedTest.kt,22beb769f9538fc0978ca97a0e20086d0ee8802d,2156,APP
apps/android/MoveFuelAndroid/wear/src/androidTest/java/com/movefuel/app/wear/WearSummaryStoreInstrumentedTest.kt,cdba8f16d7938d53f0420925776adfdea03292a9,5374,APP
apps/android/MoveFuelAndroid/wear/src/main/AndroidManifest.xml,d595c04856f0858a80aa5b438e11d6bb1d378d98,6095,APP
apps/android/MoveFuelAndroid/wear/src/main/java/com/movefuel/app/wear/MoveFuelComplicationServices.kt,e0d2dc19a84d6e855854395ca9d534718b5c00c2,3742,APP
apps/android/MoveFuelAndroid/wear/src/main/java/com/movefuel/app/wear/MoveFuelTileServices.kt,9da756e907105f669e350ba6480d42d7412e42c0,7138,APP
apps/android/MoveFuelAndroid/wear/src/main/java/com/movefuel/app/wear/MoveFuelWearListenerService.kt,cd391be8493aff187fa3954f41c2e3cc271cae77,17653,APP
apps/android/MoveFuelAndroid/wear/src/main/java/com/movefuel/app/wear/offline/CanonicalWearWorkoutProjectionStore.kt,3811731372346de04e05fc31565e0a6c33e8d750,8819,APP
apps/android/MoveFuelAndroid/wear/src/main/java/com/movefuel/app/wear/offline/WearOfflineWorkoutDatabase.kt,128fb2839ca116958e1ae5a0c40c585a90326856,7212,APP
apps/android/MoveFuelAndroid/wear/src/main/java/com/movefuel/app/wear/offline/WearOfflineWorkoutExecutor.kt,55eb0d90f96defbb5bb3f495832e6a6d9c26e365,24250,APP
apps/android/MoveFuelAndroid/wear/src/main/java/com/movefuel/app/wear/WatchTodayProjectionStore.kt,9e2d024fbe7d5f20ebbddc1ba5e46699aa89f787,9674,APP
apps/android/MoveFuelAndroid/wear/src/main/java/com/movefuel/app/wear/WearCanonicalMainActivity.kt,183671142ef77badfd4558a2baa7f38575288afd,22189,APP
apps/android/MoveFuelAndroid/wear/src/main/java/com/movefuel/app/wear/WearCommandReceiptBus.kt,4d493197e06d17bc8c054f14edd31c81ec696c11,520,APP
apps/android/MoveFuelAndroid/wear/src/main/java/com/movefuel/app/wear/WearExecutionPresentation.kt,9e87b891b762227cf6755c314762c1ff93747d3c,6324,APP
apps/android/MoveFuelAndroid/wear/src/main/java/com/movefuel/app/wear/WearHealthExerciseService.kt,11cfbdcb50608c5f2dedc6f09584927a1afca38d,13700,APP
apps/android/MoveFuelAndroid/wear/src/main/java/com/movefuel/app/wear/WearHealthTypes.kt,93e146294b945c6bae21ce296369159bef26c38e,206,APP
apps/android/MoveFuelAndroid/wear/src/main/java/com/movefuel/app/wear/WearPendingWorkoutCommandStore.kt,e48330614467777e790f22aa513575419529d939,3661,APP
apps/android/MoveFuelAndroid/wear/src/main/java/com/movefuel/app/wear/WearPhoneConnectionRepository.kt,92489714e6da29c0252218a7a4d35ee192e4f035,13554,APP
apps/android/MoveFuelAndroid/wear/src/main/java/com/movefuel/app/wear/WearReceiptStore.kt,72a8889e024c40b65324e155a55b1b048d768ced,1903,APP
apps/android/MoveFuelAndroid/wear/src/main/java/com/movefuel/app/wear/WearRingSemantics.kt,8ac9af507f2ddeb12f82743177bc0f4535eeb003,923,APP
apps/android/MoveFuelAndroid/wear/src/main/java/com/movefuel/app/wear/WearSummaryDetails.kt,e9469952003f18da267804a59e127294abb1f2cf,2484,APP
apps/android/MoveFuelAndroid/wear/src/main/java/com/movefuel/app/wear/WearSummaryIngressAuthorization.kt,98990406c3f1ae66e6ba3949694e2faad262e8aa,1354,APP
apps/android/MoveFuelAndroid/wear/src/main/java/com/movefuel/app/wear/WearSummaryStore.kt,170d165ba251bf2d04776b483902180eecc0e34f,2982,APP
apps/android/MoveFuelAndroid/wear/src/main/java/com/movefuel/app/wear/WearWorkoutCommandOrdering.kt,3ba59e9784c2a804bd3a22bbee09c8ffe7cc5618,2012,APP
apps/android/MoveFuelAndroid/wear/src/main/java/com/movefuel/app/wear/WearWorkoutCommandSender.kt,1f501efa76df7b244060d74b9537b9dfa4bdd659,15613,APP
apps/android/MoveFuelAndroid/wear/src/main/java/com/movefuel/app/wear/WearWorkoutProjectionAuthorization.kt,45c355791423c453f11023f2145db93b59da2e5c,1189,APP
apps/android/MoveFuelAndroid/wear/src/main/java/com/movefuel/app/wear/WearWorkoutTransportRecovery.kt,68b46d51a794b4d3f540cf69a837de50b3d20324,9573,APP
apps/android/MoveFuelAndroid/wear/src/main/res/drawable/complication_movefuel.xml,bfb607acc22d60839807a43eef3dfd50e3a45929,374,APP
apps/android/MoveFuelAndroid/wear/src/main/res/drawable/movefuel_app_icon.xml,c44d418793058f7108e519d146c738ad59926125,902,APP
apps/android/MoveFuelAndroid/wear/src/main/res/values/strings.xml,61ae5492729b221fe951d6953f3ea290bacf9c5b,592,APP
apps/android/MoveFuelAndroid/wear/src/main/res/values/styles.xml,d7bab8e522fc72e3abbef7f53468b3004481b916,495,APP
apps/android/MoveFuelAndroid/wear/src/main/res/values/wear_capabilities.xml,8d38bf26062746fd311e58c57b8331587241748a,136,APP
apps/android/MoveFuelAndroid/wear/src/main/res/xml/backup_rules.xml,ce0b32432a06d0978e0f0ba660c50b34c801d1e4,293,APP
apps/android/MoveFuelAndroid/wear/src/main/res/xml/data_extraction_rules.xml,224515d8b15faaaff5fbe052391b855b0429ceb2,630,APP
apps/android/MoveFuelAndroid/wear/src/test/java/com/movefuel/app/wear/offline/WearFinalDurabilityBreakerTest.kt,b72c26d42063eb98f55b3ffb52f970d0ba9c9dbc,12102,APP
apps/android/MoveFuelAndroid/wear/src/test/java/com/movefuel/app/wear/offline/WearOfflineWorkoutDatabaseTest.kt,70d30f44af470cbc0a21100fb5d0ae76a4af2aa9,3242,APP
apps/android/MoveFuelAndroid/wear/src/test/java/com/movefuel/app/wear/offline/WearOfflineWorkoutPolicyTest.kt,040a6dd00e4121c1a7fe7c2329729ee0e765f4a2,2017,APP
apps/android/MoveFuelAndroid/wear/src/test/java/com/movefuel/app/wear/WatchTodayProjectionStoreTest.kt,c30f014d203d7a0509b93349751ac5ec75301775,6582,APP
apps/android/MoveFuelAndroid/wear/src/test/java/com/movefuel/app/wear/WearMalformedCompleteSetRecoveryWave4Test.kt,e22792d0b0c8e5b2bfb140e965cad181da03cf9b,9813,APP
apps/android/MoveFuelAndroid/wear/src/test/java/com/movefuel/app/wear/WearOwnerIsolationTest.kt,3511b81e0ac2fa85aef727086f897a4a73b5a338,4270,APP
apps/android/MoveFuelAndroid/wear/src/test/java/com/movefuel/app/wear/WearPhoneConnectionStateTest.kt,072b3a6ae71d3daf88bf28b8a3509f4ff59e0398,1286,APP
apps/android/MoveFuelAndroid/wear/src/test/java/com/movefuel/app/wear/WearRingSemanticsTest.kt,41fe37972f3d06c2dad7281a95a3d904eae3ba19,1811,APP
apps/android/MoveFuelAndroid/wear/src/test/java/com/movefuel/app/wear/WearSummaryDetailsTest.kt,cb9c1171e17f4dbb8dbd26e85ff4c60ffd8fd072,2035,APP
apps/android/MoveFuelAndroid/wear/src/test/java/com/movefuel/app/wear/WearSummaryIngressAuthorizationTest.kt,da4878db5639b96e8959ee709436c033644ad45a,4685,APP
apps/android/MoveFuelAndroid/wear/src/test/java/com/movefuel/app/wear/WearWorkoutCommandOrderingTest.kt,b57f366ed5b572576d6e63303c6f80f05c1396a3,3150,APP
apps/android/MoveFuelAndroid/wear/src/test/java/com/movefuel/app/wear/WearWorkoutRetrySequencingTest.kt,de7936a22ecb84dad8c99b70ac246e71aab8c1fa,8024,APP
apps/android/MoveFuelAndroid/wear/src/test/java/com/movefuel/app/wear/WearWorkoutTilePresentationTest.kt,3c51ac8e06a3dd0032f1f21e017cee24a3aa3ad5,4453,APP
apps/android/MoveFuelAndroid/wear/src/test/java/com/movefuel/app/wear/WearWorkoutTransportRecoveryTest.kt,a6fcf863e1bff5f30eee163524d657dc64b08650,13164,APP
contracts/canonical/v1/contracts.json,9af33b39150ad86b56bb44bb7127d0cd834311af,13791,CONTRACT
contracts/canonical/v1/README.md,c199a93f41d5dce934a6f2fe33465dc869b378d3,1155,CONTRACT
contracts/codegen/generate-contracts.mjs,1d916a5cc6f9e75c8a884892072c729562cb60d0,3866,CONTRACT
contracts/FIRST-USER-FLOW.md,25013636faa4a790654ba96523eac57caa63e35a,6696,CONTRACT
contracts/generated/kotlin/MoveFuelContractsV1.kt,81b3572af1ac10653813eb8743a2c27db8a1ffcb,14389,CONTRACT
contracts/generated/swift/MoveFuelContractsV1.swift,38fcdb20f8acb2598ec15091f203a9f8c8ed430e,20073,CONTRACT
contracts/generated/typescript/MoveFuelContractsV1.ts,247584d288e4b4652ad02c00c69b730cd4c1c96a,17735,CONTRACT
docs/APPWRITE_CONNECTED_AUDIT_2026-09-05.md,e25d8aee22526a425ce3200687546309d0eca45f,4097,DOC
docs/architecture/ALGORITHM_RUNTIME_MAP.md,37a12692489b1471e435b92bfe4590796e74dafe,3266,DOC
docs/architecture/ANDROID.md,f57fe56818d701d164ae44f93ef1ac458f5bd9bd,1021,DOC
docs/architecture/BACKEND_CONSOLIDATION_REPORT_2026-08-17.md,a3e6cc3aea96325c47857b1751d11ec4688385c6,3781,DOC
docs/architecture/BACKEND_FINAL_VERIFICATION_2026-08-17.md,95ec117d21847ba65725c080c858c7547f420ace,2459,DOC
docs/architecture/BACKEND.md,57c9dda90ecffc3cd48622e96d36b6e091b6afad,2821,DOC
docs/architecture/CURRENT_APPWRITE_RESOURCE_INVENTORY.md,96aae3ae2087473a01cbeaaa67c9b7b20fca8611,2678,DOC
docs/architecture/EXTERNAL_DATA_VALIDATION_2026-08-17.md,3e94a2d77f32b73aea7c7a9ad9525ef54dae48ea,1876,DOC
docs/architecture/LIBRARY_AND_CUSTOM_CODE_AUDIT.md,2c96e60b643056324d47b571edc3e74789f57549,4885,DOC
docs/architecture/MOVEFUEL_167_ALGORITHM_BUILD_ORDER.md,9e35d074a93b43167380364d61e24f585afaa974,4185,DOC
docs/architecture/MOVEFUEL_167_ALGORITHM_IMPLEMENTATION_MATRIX.md,b4429303fb45bcc1f0eaf2c55f348dcc1ec2d2f9,178025,DOC
docs/architecture/MOVEFUEL_ALGORITHM_AUDIT_SUMMARY.md,85635b8ccd6e3be5ee63bae4dacc6cd7d17ed747,12668,DOC
docs/architecture/MOVEFUEL_ALGORITHM_SCOPE_GATES.md,12bbdb51342333f74c36e83ab7bb268bdabc347e,4363,DOC
docs/architecture/NUTRITION_ENGINE.md,0494f44a88c56f6838d4dbbdc7fa19ea59b26e11,1159,DOC
docs/architecture/PROJECT_MAP.md,fb13bd853548fa6d455e38d105ceb44dde515eee,4444,DOC
docs/architecture/REFACTOR_DECISIONS.md,8ebfc67341fffbcd8b418d54dfe3645ae7622064,3350,DOC
docs/architecture/REFACTOR_REPORT_2026-08-17.md,e725692a71fa57de583f0545648fcd06b785fce4,4245,DOC
docs/architecture/UI_ALGORITHM_DATA_REQUIREMENTS.md,71b7d9f7c443678e9305ec25aa01153091479577,1835,DOC
docs/architecture/UI_ALGORITHM_LONGEVITY_FINAL_REPORT_2026-08-17.md,3d7d71c4c1d2c07fdf80b876525fa743df1d3c4c,8143,DOC
docs/architecture/WATCH_PHONE_CONNECTION_ACCEPTANCE_2026-08-18.md,266791fa81a9106cafae1d1fc72e2c19c54ae22f,7137,DOC
docs/design/MOVEFUEL_ALGORITHM_TO_UI_MAP.md,cc5e517928caabc2b7d75122bdf2f9cea46a3872,3797,DOC
docs/design/UI_UX_HUMAN_FIRST_REBUILD_2026-08-17.md,03b9d55867da4a2b79953c62e8188eecc4d5d11e,3990,DOC
docs/EXTERNAL_STAGING_ACTIVATION.md,c1bf8d01a174b77648fe64f41bb2e49a4c1fb620,6116,DOC
docs/operations/APPWRITE_81_TABLE_STAGING_PLAN.md,340d5413b7bbfe3d6ab17dae45afd52071835901,4966,DOC
docs/operations/NEXT_EXECUTION_ORDER.md,89b30e66664e1659bd6210279aa7bdf5b9f6a894,2635,DOC
docs/STAGING_CERTIFICATION.md,5a1d06ce51b1033fad59b1ed30089188c0d9609a,4830,DOC
docs/validation/MASTER_RELEASE_QA_MATRIX.md,2143c122f3424e7afccd6c1d477fc1bca9df213c,14371,DOC
FINAL_TESTING_STATUS.md,a1dbac692bf9f277e83615cc6ceddd66298bf8c8,5919,OTHER
infra/deployment/appwrite-function-deployment.md,1dc0075a6fb5f5e487600e90ccd5ce59bb32be3c,2878,INFRA
infra/deployment/INCIDENT_AND_ROLLBACK_RUNBOOK.md,71ae0e6b38251fcb1904d233a095a4b603c1e889,1329,INFRA
infra/deployment/legal/PUBLIC_LAUNCH_COPY_DRAFT.md,403798ef123a0f2e580a46e962a10f69db2adf16,1674,INFRA
infra/deployment/MoveFuel-Appwrite-Function-Variables-TEMPLATE.env,e86fd06f4da7e39389cfab8fe5a850b5aff36736,1229,INFRA
infra/deployment/MoveFuel-Private-Configuration-TEMPLATE.env,d0a5cb824c913affdb02c634e082069bbdf04738,1609,INFRA
infra/deployment/PRODUCTION_RELEASE_CHECKLIST.md,c64c1f6c01a2f20133755124f23a456736ae4f6e,1479,INFRA
movefuel-exercise-data/bulk_insert.sh,ee61edf7fe8241d4a4c4ee94e6515cbc8fca36f1,1164,OTHER
movefuel-exercise-data/func/index.js,72366594900321558602b254e0f5b626153a7633,2689,OTHER
movefuel-exercise-data/func/package.json,bd72a9a5041af2be93b551c7b52a8abef93e21ff,95,OTHER
movefuel-exercise-data/generate_4000.py,ba12e75263c7b78dc986d3ff0083a94425a4b794,5267,OTHER
movefuel-exercise-data/make_pdf.py,67a92fa292c6ec35d63cec38f5f95771d78ab64a,10934,OTHER
movefuel-exercise-data/merge_exercises.py,8dbd589c8f8d14306e41bf56ac86fef2029a4a40,4668,OTHER
movefuel-exercise-data/prepare_rows.py,560dc981af4ec8404126d4ab0ad4f0fa32ebe4eb,1350,OTHER
movefuel-exercise-data/production/cli.ts,95058a87a3a3bb6fedd0378a575e26c2306041e1,3528,OTHER
movefuel-exercise-data/production/package.json,c7fb375473de49389254456b1fc37e3a4897eb54,223,OTHER
movefuel-exercise-data/production/pipeline.ts,5ef75536714a5757261ddb97d078f98bf11b3ce9,20343,OTHER
movefuel-exercise-data/production/README.md,664274575373e2485439350fac6d32da222effdb,3244,OTHER
movefuel-exercise-data/production/source-registry.json,c8e70d97ab2bee900dcce5d225fe145eb08d3737,2641,OTHER
movefuel-exercise-data/production/tests/catalog-pipeline.test.ts,caddaccd6f23d97e1ef68660fa6d05395543db21,8911,TEST
Mufil-2/.gitignore,8b88a72145ebfc7e7ca9834477fd89d02b8bd73b,88,MUFIL2_UI_BASELINE
Mufil-2/ANIMATION_CATALOG.md,7cc21cd8f2355b44f9de9773de1bd31ab504a290,1576,MUFIL2_UI_BASELINE
Mufil-2/app/build.gradle.kts,1331c2b041cf736dfd9a6ee1b7a4b3692e474418,1261,MUFIL2_UI_BASELINE
Mufil-2/app/proguard-rules.pro,e69de29bb2d1d6434b8b29ae775ad8c2e48c5391,0,MUFIL2_UI_BASELINE
Mufil-2/app/src/main/AndroidManifest.xml,ebd95a0b2237d25fd70fd9f00fcee160014515d0,549,MUFIL2_UI_BASELINE
Mufil-2/app/src/main/java/com/movefuel/mufil2/MainActivity.kt,36e5f4ffee7bc9d386d1b2f4270ad609f3c844d9,489,MUFIL2_UI_BASELINE
Mufil-2/app/src/main/java/com/movefuel/mufil2/ui/components/MFBlocks.kt,43b551403564a4d525448f68a2e13fc770841aa1,9951,MUFIL2_UI_BASELINE
Mufil-2/app/src/main/java/com/movefuel/mufil2/ui/components/MFBottomNav.kt,273b9c2ecf73b2de4da6e360511734bf7ddca3e2,2618,MUFIL2_UI_BASELINE
Mufil-2/app/src/main/java/com/movefuel/mufil2/ui/components/MFButton.kt,fd2b8b7f6a20794cc7330351a67eddd2d5930eb4,2021,MUFIL2_UI_BASELINE
Mufil-2/app/src/main/java/com/movefuel/mufil2/ui/components/MFCard.kt,d1f40935179f06e7b1d88d8138db7f773953ddbd,1923,MUFIL2_UI_BASELINE
Mufil-2/app/src/main/java/com/movefuel/mufil2/ui/components/MFMasterScaffold.kt,b55db78339ff26db48ea25a54b1e351b7c15d66e,2145,MUFIL2_UI_BASELINE
Mufil-2/app/src/main/java/com/movefuel/mufil2/ui/components/MFMediaLoading.kt,3da484efa4957b14774075d3c68c425feee4f1ab,2620,MUFIL2_UI_BASELINE
Mufil-2/app/src/main/java/com/movefuel/mufil2/ui/components/MFMetricRing.kt,445c55c05c750520d4dfff087bc291f323fd544c,2290,MUFIL2_UI_BASELINE
Mufil-2/app/src/main/java/com/movefuel/mufil2/ui/components/MFPremiumBackground.kt,0988813de504b876f1a249f39ccab155183933dc,1296,MUFIL2_UI_BASELINE
Mufil-2/app/src/main/java/com/movefuel/mufil2/ui/components/MFPremiumDashboardBlocks.kt,ee917ac4e55812ace2c30640357c3cedfa15614f,6993,MUFIL2_UI_BASELINE
Mufil-2/app/src/main/java/com/movefuel/mufil2/ui/components/MFScreenFrame.kt,c4e6771310fe4a8e060bfd7be1333a0d7bc718c0,2535,MUFIL2_UI_BASELINE
Mufil-2/app/src/main/java/com/movefuel/mufil2/ui/components/MFSkeleton.kt,27e0b2eb3b366a76d9b9cf32c111a00fe6879e71,1766,MUFIL2_UI_BASELINE
Mufil-2/app/src/main/java/com/movefuel/mufil2/ui/components/MFTopBar.kt,402fb6f17e931fed6e32e95274a1331a60680cdd,1708,MUFIL2_UI_BASELINE
Mufil-2/app/src/main/java/com/movefuel/mufil2/ui/components/MFTrendGraph.kt,30341ccecf248d30e0a2a83e9ea9f01b2a62affb,2390,MUFIL2_UI_BASELINE
Mufil-2/app/src/main/java/com/movefuel/mufil2/ui/design/MoveFuelColors.kt,fe87f43e990ad96dd7ed5d5f029277a29d5538bf,776,MUFIL2_UI_BASELINE
Mufil-2/app/src/main/java/com/movefuel/mufil2/ui/design/MoveFuelMotion.kt,b0837484e9c45d0deb919c000045b62c4a01c136,847,MUFIL2_UI_BASELINE
Mufil-2/app/src/main/java/com/movefuel/mufil2/ui/design/MoveFuelRadius.kt,ba66667321ec4656fe98d5d7e13e7f0ec0254db8,167,MUFIL2_UI_BASELINE
Mufil-2/app/src/main/java/com/movefuel/mufil2/ui/design/MoveFuelSpacing.kt,e229c92a3665d375c6ec19093ec4c1b245f0811d,216,MUFIL2_UI_BASELINE
Mufil-2/app/src/main/java/com/movefuel/mufil2/ui/design/MoveFuelTheme.kt,aa34082bb14d540dcb8314975508354598341234,901,MUFIL2_UI_BASELINE
Mufil-2/app/src/main/java/com/movefuel/mufil2/ui/design/MoveFuelTypography.kt,de08ce9c4d6ccbe2afaaf7db6bd2b99137568958,842,MUFIL2_UI_BASELINE
Mufil-2/app/src/main/java/com/movefuel/mufil2/ui/dev/MotionLab.kt,e9fd64759180478d850d3b67859d5417cdbce7b0,1602,MUFIL2_UI_BASELINE
Mufil-2/app/src/main/java/com/movefuel/mufil2/ui/master/FuelMasterDashboard.kt,922571e4e82ef5457a3db8fedd680f22e8365d67,3244,MUFIL2_UI_BASELINE
Mufil-2/app/src/main/java/com/movefuel/mufil2/ui/master/ProgressMasterDashboard.kt,93f1606ad10a11029936a74fba8192c6f1a1a225,2318,MUFIL2_UI_BASELINE
Mufil-2/app/src/main/java/com/movefuel/mufil2/ui/master/TodayMasterDashboard.kt,89bf9d5e8e93e827c49c121273646e3eaba3f023,3584,MUFIL2_UI_BASELINE
Mufil-2/app/src/main/java/com/movefuel/mufil2/ui/master/TrainMasterDashboard.kt,aacaab93bebf1b84adba40548a706989f70ceb75,2566,MUFIL2_UI_BASELINE
Mufil-2/app/src/main/java/com/movefuel/mufil2/ui/MoveFuelApp.kt,1e3c0164d461819754e3aa0bf88c0527e36ccc96,309,MUFIL2_UI_BASELINE
Mufil-2/app/src/main/java/com/movefuel/mufil2/ui/navigation/MoveFuelNavGraph.kt,7bfe11fa7a8fe7b9cbe61effe33619b368b392fe,37873,MUFIL2_UI_BASELINE
Mufil-2/app/src/main/java/com/movefuel/mufil2/ui/navigation/MoveFuelRoute.kt,53bc5f8ddfa43e240cd7fdb1ab0eb85452230379,9854,MUFIL2_UI_BASELINE
Mufil-2/app/src/main/java/com/movefuel/mufil2/ui/screens/auth/AUTH_001_SecureRestore.kt,e169d4e40573cd1a7d72a705c2f2fb5569e0d873,1205,MUFIL2_UI_BASELINE
Mufil-2/app/src/main/java/com/movefuel/mufil2/ui/screens/auth/AUTH_002_SignIn.kt,e334470c728feaef0068b6a5a92b255ece4ee58c,1213,MUFIL2_UI_BASELINE
Mufil-2/app/src/main/java/com/movefuel/mufil2/ui/screens/auth/AUTH_003_CreateAccount.kt,73f3cc8f307a8ce842bf20ded999081a4725d38d,1262,MUFIL2_UI_BASELINE
Mufil-2/app/src/main/java/com/movefuel/mufil2/ui/screens/auth/AUTH_004_VerifyEmail.kt,c999f685de87018bd7cee40d5d99215b1b754585,1161,MUFIL2_UI_BASELINE
Mufil-2/app/src/main/java/com/movefuel/mufil2/ui/screens/auth/AUTH_005_ResendVerification.kt,b2d076456dbe1da00bf147b26854bafd19ba5662,1189,MUFIL2_UI_BASELINE
Mufil-2/app/src/main/java/com/movefuel/mufil2/ui/screens/auth/AUTH_006_VerificationSuccess.kt,5d50b502fd58d1c1783201e993543b09308137b6,1165,MUFIL2_UI_BASELINE
Mufil-2/app/src/main/java/com/movefuel/mufil2/ui/screens/auth/AUTH_007_VerificationExpired.kt,dbc48f9da393851fdb33d28340830225a5baa6ca,1165,MUFIL2_UI_BASELINE
Mufil-2/app/src/main/java/com/movefuel/mufil2/ui/screens/auth/AUTH_008_ForgotPassword.kt,87c1c33e5d079b17cb0aab08a790b9b159438ed7,1153,MUFIL2_UI_BASELINE
Mufil-2/app/src/main/java/com/movefuel/mufil2/ui/screens/auth/AUTH_009_ResetPassword.kt,93c3e1531364b5fc670a0845a00103a295aad94d,1149,MUFIL2_UI_BASELINE
Mufil-2/app/src/main/java/com/movefuel/mufil2/ui/screens/auth/AUTH_010_PasswordResetSuccess.kt,bb6759570047ab430fc8135de1599a1af9b6ff8e,1178,MUFIL2_UI_BASELINE
Mufil-2/app/src/main/java/com/movefuel/mufil2/ui/screens/auth/AUTH_011_OfflineAccountState.kt,4d7c133008c0766bc270f62db2def9936100c0a0,1167,MUFIL2_UI_BASELINE
Mufil-2/app/src/main/java/com/movefuel/mufil2/ui/screens/auth/AUTH_012_SessionExpired.kt,911b1606a6ffee158b651b7ce718b45cc8ec9d58,1139,MUFIL2_UI_BASELINE
Mufil-2/app/src/main/java/com/movefuel/mufil2/ui/screens/bar/BAR_001_BarcodeScanner.kt,8f84dbbf346d946075f3bcaa17ebfb30f84514ce,1127,MUFIL2_UI_BASELINE
Mufil-2/app/src/main/java/com/movefuel/mufil2/ui/screens/bar/BAR_002_Scanning.kt,abde8a3f0f6f2f11a47924596e6326b6cc3eb594,1101,MUFIL2_UI_BASELINE
Mufil-2/app/src/main/java/com/movefuel/mufil2/ui/screens/bar/BAR_003_BarcodeDetected.kt,449ebde984e74a36f33d84a7bc29c5145e34a66a,1109,MUFIL2_UI_BASELINE
Mufil-2/app/src/main/java/com/movefuel/mufil2/ui/screens/bar/BAR_004_ProductLookup.kt,fc218e150da748311cce28b1b4b366c7607b8e3c,1127,MUFIL2_UI_BASELINE
Mufil-2/app/src/main/java/com/movefuel/mufil2/ui/screens/bar/BAR_005_ProductFound.kt,17b4cf626662d22a15d3a54ddadb7efcf40cece7,1168,MUFIL2_UI_BASELINE
Mufil-2/app/src/main/java/com/movefuel/mufil2/ui/screens/bar/BAR_006_ServingSelector.kt,901b60277ce4b873adf95963771e71e74e4799d9,1091,MUFIL2_UI_BASELINE
Mufil-2/app/src/main/java/com/movefuel/mufil2/ui/screens/bar/BAR_007_ExpandedNutrition.kt,2985b6187e78af88fe3db31ac7ed4eb11eebe898,1188,MUFIL2_UI_BASELINE
Mufil-2/app/src/main/java/com/movefuel/mufil2/ui/screens/bar/BAR_008_IngredientsAndAllergens.kt,e5bb8b8e8b4193e6a0452b4329f73c58122fa26d,1265,MUFIL2_UI_BASELINE
Mufil-2/app/src/main/java/com/movefuel/mufil2/ui/screens/bar/BAR_009_AddToMeal.kt,b3ffddf7dd6033ba4b4154720580a2b9df62525a,1086,MUFIL2_UI_BASELINE
Mufil-2/app/src/main/java/com/movefuel/mufil2/ui/screens/bar/BAR_010_MealSelector.kt,f905cd46838918070fd722ff6c068f1334f89469,1146,MUFIL2_UI_BASELINE
Mufil-2/app/src/main/java/com/movefuel/mufil2/ui/screens/bar/BAR_011_ConfirmProduct.kt,8e5c83df0b1516ce45f616e64cd0e40637a2d513,1105,MUFIL2_UI_BASELINE
Mufil-2/app/src/main/java/com/movefuel/mufil2/ui/screens/bar/BAR_012_AddToShop.kt,94ddce2a87b3db023671f6bea8a439817ab706f5,1086,MUFIL2_UI_BASELINE
Mufil-2/app/src/main/java/com/movefuel/mufil2/ui/screens/bar/BAR_013_ProductNotFound.kt,cf2e0cfb6fc4c51725984cb9f7a002e677e3a95d,1181,MUFIL2_UI_BASELINE
Mufil-2/app/src/main/java/com/movefuel/mufil2/ui/screens/bar/BAR_014_NutritionLabelCamera.kt,3dc6d52f108e202c3f1c9df7620e0aedc79eebd6,1152,MUFIL2_UI_BASELINE
Mufil-2/app/src/main/java/com/movefuel/mufil2/ui/screens/bar/BAR_015_LabelReview.kt,a13381e32e058cc7b1fea01c1e6e6bb352848113,1093,MUFIL2_UI_BASELINE
Mufil-2/app/src/main/java/com/movefuel/mufil2/ui/screens/bar/BAR_016_CustomProduct.kt,e2f7f1ef4acd897a6152687c583d360e2d6776a8,1203,MUFIL2_UI_BASELINE
Mufil-2/app/src/main/java/com/movefuel/mufil2/ui/screens/bil/BIL_001_BillingDashboard.kt,5b50c69abf3ac47edaf03afd333d53b14a772281,1235,MUFIL2_UI_BASELINE
Mufil-2/app/src/main/java/com/movefuel/mufil2/ui/screens/bil/BIL_002_CurrentPlan.kt,bb35645de4c6ea2113535c8ed30f8821327b465b,1215,MUFIL2_UI_BASELINE
Mufil-2/app/src/main/java/com/movefuel/mufil2/ui/screens/bil/BIL_003_ComparePlans.kt,47def04c7462f0c06ed103cc403171f9c6701d62,1298,MUFIL2_UI_BASELINE
Mufil-2/app/src/main/java/com/movefuel/mufil2/ui/screens/bil/BIL_004_PlanDetail.kt,acab6ddcbc4102d557b402ce6303dd2c6b568548,1230,MUFIL2_UI_BASELINE
Mufil-2/app/src/main/java/com/movefuel/mufil2/ui/screens/bil/BIL_005_PurchaseConfirmation.kt,6659025b9ea2f46f7209515bc90624498bb18ad5,1194,MUFIL2_UI_BASELINE
Mufil-2/app/src/main/java/com/movefuel/mufil2/ui/screens/bil/BIL_006_PurchaseProcessing.kt,909d4602ec5538283df47483b258763cdef04d81,1142,MUFIL2_UI_BASELINE
Mufil-2/app/src/main/java/com/movefuel/mufil2/ui/screens/bil/BIL_007_PurchaseResult.kt,ecb0c1392b99a87ea20997119652eeb96dd163f1,1181,MUFIL2_UI_BASELINE
Mufil-2/app/src/main/java/com/movefuel/mufil2/ui/screens/bil/BIL_008_RestorePurchase.kt,f3dd8a4f974848821f732ca33aae4dbe4e9845dd,1202,MUFIL2_UI_BASELINE
Mufil-2/app/src/main/java/com/movefuel/mufil2/ui/screens/cal/CAL_001_CalendarDashboard.kt,26b79bd65925af172c9e2dfc5e7c5e89c5ba0fef,1197,MUFIL2_UI_BASELINE
Mufil-2/app/src/main/java/com/movefuel/mufil2/ui/screens/cal/CAL_002_MonthView.kt,1266740042ad55e1367d5a21cd28a0387ab5dcd2,1165,MUFIL2_UI_BASELINE
Mufil-2/app/src/main/java/com/movefuel/mufil2/ui/screens/cal/CAL_003_WeekView.kt,1514b25c5a699d0ba8ab42fb0d18c8e33ccb6fb7,1177,MUFIL2_UI_BASELINE
Mufil-2/app/src/main/java/com/movefuel/mufil2/ui/screens/cal/CAL_004_DayView.kt,57e9dea8d05222c958c290d47f2644fe2c2f8b5a,1260,MUFIL2_UI_BASELINE
Mufil-2/app/src/main/java/com/movefuel/mufil2/ui/screens/cal/CAL_005_SelectedDate.kt,3a016f11b73f1549384dcd987b0587a63ea5f911,1280,MUFIL2_UI_BASELINE
Mufil-2/app/src/main/java/com/movefuel/mufil2/ui/screens/cal/CAL_006_WorkoutEvent.kt,663bd64bbf32f3f2992e22ebaa671001e1dc3487,1122,MUFIL2_UI_BASELINE
Mufil-2/app/src/main/java/com/movefuel/mufil2/ui/screens/cal/CAL_007_MealEvent.kt,29ace47e3d5da45fb8dc652515ea680523842a56,1108,MUFIL2_UI_BASELINE
Mufil-2/app/src/main/java/com/movefuel/mufil2/ui/screens/cal/CAL_008_RecoveryEvent.kt,3a9cc5b70259b7428b9d699767d94a88ca51b942,1088,MUFIL2_UI_BASELINE
Mufil-2/app/src/main/java/com/movefuel/mufil2/ui/screens/cal/CAL_009_RescheduleEvent.kt,c71632cd2b21e20953acdedfac7d19d94bfe9e72,1157,MUFIL2_UI_BASELINE
Mufil-2/app/src/main/java/com/movefuel/mufil2/ui/screens/cal/CAL_010_ChooseDate.kt,d6de3107d730cd99d46af0df68384046a67a4325,1137,MUFIL2_UI_BASELINE
Mufil-2/app/src/main/java/com/movefuel/mufil2/ui/screens/cal/CAL_011_ChooseTime.kt,48e5328d6a91e84d8e6abe33b97172c37f24aa0d,1159,MUFIL2_UI_BASELINE
Mufil-2/app/src/main/java/com/movefuel/mufil2/ui/screens/cal/CAL_012_CalendarConflict.kt,1189fe2f1ec7407a68d833bc327fb36cb135e1fd,1257,MUFIL2_UI_BASELINE
Mufil-2/app/src/main/java/com/movefuel/mufil2/ui/screens/cal/CAL_013_ConflictExplanation.kt,ba8e483ce00ce923770e736755c9652ae4929d93,1269,MUFIL2_UI_BASELINE
Mufil-2/app/src/main/java/com/movefuel/mufil2/ui/screens/cal/CAL_014_SuggestedAlternatives.kt,aecc678356e26f8beaed4cfbb220f48caf23f55a,1175,MUFIL2_UI_BASELINE
Mufil-2/app/src/main/java/com/movefuel/mufil2/ui/screens/cal/CAL_015_ConfirmReschedule.kt,76e1fd2ed660b8c81f0fe71780e72372349bca1b,1165,MUFIL2_UI_BASELINE
Mufil-2/app/src/main/java/com/movefuel/mufil2/ui/screens/cal/CAL_016_MissedWorkout.kt,ceb9e27e61e3dd941e395daf6bfcd66c966ffb89,1278,MUFIL2_UI_BASELINE
Mufil-2/app/src/main/java/com/movefuel/mufil2/ui/screens/cal/CAL_017_MissedMeal.kt,23aec115aef43e8889c8ec2e104e5ee429061dfe,1263,MUFIL2_UI_BASELINE
Mufil-2/app/src/main/java/com/movefuel/mufil2/ui/screens/cal/CAL_018_CalendarOffline.kt,350427228d8ab01ca2489bc946a5fd8592dfd485,1191,MUFIL2_UI_BASELINE
Mufil-2/app/src/main/java/com/movefuel/mufil2/ui/screens/cam/CAM_001_FoodCamera.kt,cac7ae8b65b4f03fb260854c8189a61e865ecdc6,1156,MUFIL2_UI_BASELINE
Mufil-2/app/src/main/java/com/movefuel/mufil2/ui/screens/cam/CAM_002_CameraPermission.kt,48902f841fd41c81752208dfdd5623a72a8997af,1155,MUFIL2_UI_BASELINE
Mufil-2/app/src/main/java/com/movefuel/mufil2/ui/screens/cam/CAM_003_FoodFraming.kt,bca93b9d602ca3afb0a2930e6f0318757edc501f,1160,MUFIL2_UI_BASELINE
Mufil-2/app/src/main/java/com/movefuel/mufil2/ui/screens/cam/CAM_004_GalleryPicker.kt,19d8fbf77c849ceed7a6d53eeb20c939cd205972,1319,MUFIL2_UI_BASELINE
Mufil-2/app/src/main/java/com/movefuel/mufil2/ui/screens/cam/CAM_005_ImagePreview.kt,f24529cf674b065dbd8c8f2f23208e43dfc7f5e5,1336,MUFIL2_UI_BASELINE
Mufil-2/app/src/main/java/com/movefuel/mufil2/ui/screens/cam/CAM_006_CheckingImage.kt,17067983b676f4de7348022b0b485802e71ecf13,1254,MUFIL2_UI_BASELINE
Mufil-2/app/src/main/java/com/movefuel/mufil2/ui/screens/cam/CAM_007_DetectingFoods.kt,f09be0c82164489a5e715f16345b243f29a18d54,1258,MUFIL2_UI_BASELINE
Mufil-2/app/src/main/java/com/movefuel/mufil2/ui/screens/cam/CAM_008_MultiFoodDetection.kt,0c783f787b70abf0febe205055c1d704db0daf3b,1189,MUFIL2_UI_BASELINE
Mufil-2/app/src/main/java/com/movefuel/mufil2/ui/screens/cam/CAM_009_EstimatingPortions.kt,caa4721f95ed6628472835f4bb057a03831d2cee,1274,MUFIL2_UI_BASELINE
Mufil-2/app/src/main/java/com/movefuel/mufil2/ui/screens/cam/CAM_010_NutritionMatching.kt,bdbd4b9075178262f788a6aa4c1d9d40ffad2c8c,1270,MUFIL2_UI_BASELINE
Mufil-2/app/src/main/java/com/movefuel/mufil2/ui/screens/cam/CAM_011_DetectedFoodReview.kt,de6a9146400e91498f19815509c42db31b5c119a,1361,MUFIL2_UI_BASELINE
Mufil-2/app/src/main/java/com/movefuel/mufil2/ui/screens/cam/CAM_012_EditFoodIdentity.kt,132dcdc3822a6fdc96a84b76739a84a8133047c2,1168,MUFIL2_UI_BASELINE
Mufil-2/app/src/main/java/com/movefuel/mufil2/ui/screens/cam/CAM_013_EditPortion.kt,d7aa5288d525a5bd58a56705d6454c45a526adf5,1060,MUFIL2_UI_BASELINE
Mufil-2/app/src/main/java/com/movefuel/mufil2/ui/screens/cam/CAM_014_AddMissedFood.kt,57ccc4073c266309b2294f7eb9d4027e8516c705,1156,MUFIL2_UI_BASELINE
Mufil-2/app/src/main/java/com/movefuel/mufil2/ui/screens/cam/CAM_015_LowConfidenceClarification.kt,182d5bc27bc2c950e187a62953f62970f81dca35,1312,MUFIL2_UI_BASELINE
Mufil-2/app/src/main/java/com/movefuel/mufil2/ui/screens/cam/CAM_016_NutritionUnavailable.kt,750376bb96af7464a4bac0341977c3860a59acba,1187,MUFIL2_UI_BASELINE
Mufil-2/app/src/main/java/com/movefuel/mufil2/ui/screens/cam/CAM_017_FinalMealReview.kt,fd4daadfccda776272f8f045bbfd94fb46ec1d3f,1349,MUFIL2_UI_BASELINE
Mufil-2/app/src/main/java/com/movefuel/mufil2/ui/screens/cam/CAM_018_AnalysisFailure.kt,99baf55e686a02603a005a68f45dafc46469f00d,1167,MUFIL2_UI_BASELINE
Mufil-2/app/src/main/java/com/movefuel/mufil2/ui/screens/dev/DEV_001_DevicesDashboard.kt,54f6eb66522148d0aaf410eb03e1421ffaed360e,1317,MUFIL2_UI_BASELINE
Mufil-2/app/src/main/java/com/movefuel/mufil2/ui/screens/dev/DEV_002_ConnectWearOS.kt,f7534ab633d3b396fccdd6812383aca5cc204444,1183,MUFIL2_UI_BASELINE
Mufil-2/app/src/main/java/com/movefuel/mufil2/ui/screens/dev/DEV_003_DeviceDiscovery.kt,cc59bc93ba64f1894f02ddd1195efa0009013a4f,1194,MUFIL2_UI_BASELINE
Mufil-2/app/src/main/java/com/movefuel/mufil2/ui/screens/dev/DEV_004_DeviceFound.kt,a0746c83cf69dfcaf95ae9e66a3a6cc454a31349,1164,MUFIL2_UI_BASELINE
Mufil-2/app/src/main/java/com/movefuel/mufil2/ui/screens/dev/DEV_005_Pairing.kt,90f788ffcaf222860c67ed2d57061a0ccb819447,1083,MUFIL2_UI_BASELINE
Mufil-2/app/src/main/java/com/movefuel/mufil2/ui/screens/dev/DEV_006_ConnectedDevice.kt,384a623bfb0a27def372c6c14e71904b49c5d5e8,1261,MUFIL2_UI_BASELINE
Mufil-2/app/src/main/java/com/movefuel/mufil2/ui/screens/dev/DEV_007_DeviceDetail.kt,d41509d669b7dea279b30e456665964cc67d00e5,1249,MUFIL2_UI_BASELINE
Mufil-2/app/src/main/java/com/movefuel/mufil2/ui/screens/dev/DEV_008_DevicePermissions.kt,61fd06a07edb69cb6a158195e378ebf3f6e5609c,1256,MUFIL2_UI_BASELINE
Mufil-2/app/src/main/java/com/movefuel/mufil2/ui/screens/dev/DEV_009_ManualSync.kt,90f58248fe83b1bad1de335ffac36e565b627f21,1212,MUFIL2_UI_BASELINE
Mufil-2/app/src/main/java/com/movefuel/mufil2/ui/screens/dev/DEV_010_StaleDevice.kt,a17a24d789caf37cb7d5c1bdb6c6e60cea066f06,1140,MUFIL2_UI_BASELINE
Mufil-2/app/src/main/java/com/movefuel/mufil2/ui/screens/dev/DEV_011_ReconnectDevice.kt,fe08a516ffbbffb1b84076aa9f488cb0b63e78f9,1116,MUFIL2_UI_BASELINE
Mufil-2/app/src/main/java/com/movefuel/mufil2/ui/screens/dev/DEV_012_DisconnectDevice.kt,d8e890551ba023784d4cf5c9b5e2d17c2d48979f,1200,MUFIL2_UI_BASELINE
Mufil-2/app/src/main/java/com/movefuel/mufil2/ui/screens/exr/EXR_001_ExerciseLibrary.kt,f5e1ff6b0856e983a7b035bda6ca3f18f658b87c,1268,MUFIL2_UI_BASELINE
Mufil-2/app/src/main/java/com/movefuel/mufil2/ui/screens/exr/EXR_002_ExerciseSearch.kt,55bbebf9b6b8a8ec9e506ca671593298e63d1066,1218,MUFIL2_UI_BASELINE
Mufil-2/app/src/main/java/com/movefuel/mufil2/ui/screens/exr/EXR_003_ExerciseFilters.kt,b9b503f330d1acf9a92c238c5e71b63a6d36bfbc,1225,MUFIL2_UI_BASELINE
Mufil-2/app/src/main/java/com/movefuel/mufil2/ui/screens/exr/EXR_004_FilterEquipment.kt,e946d7c7e4140e234cbf76b620603009ed692a8b,1207,MUFIL2_UI_BASELINE
Mufil-2/app/src/main/java/com/movefuel/mufil2/ui/screens/exr/EXR_005_FilterMovement.kt,1c2df61a1b8821362f668e94f98aec50c1a559ab,1176,MUFIL2_UI_BASELINE
Mufil-2/app/src/main/java/com/movefuel/mufil2/ui/screens/exr/EXR_006_FilterMuscle.kt,61571c42db6b50aa7844e244ea26ac360d21c7cc,1172,MUFIL2_UI_BASELINE
Mufil-2/app/src/main/java/com/movefuel/mufil2/ui/screens/exr/EXR_007_FilterEnvironment.kt,4ccd48ec62b5f3050524f93c196781a86e2e046e,1156,MUFIL2_UI_BASELINE
Mufil-2/app/src/main/java/com/movefuel/mufil2/ui/screens/exr/EXR_008_FilterDifficulty.kt,d9699cc6dd95475a51743416f53051b6543a7f3f,1165,MUFIL2_UI_BASELINE
Mufil-2/app/src/main/java/com/movefuel/mufil2/ui/screens/exr/EXR_009_ExerciseResults.kt,19acd82d345096a25b84501407e121c2cc3b39ce,1268,MUFIL2_UI_BASELINE
Mufil-2/app/src/main/java/com/movefuel/mufil2/ui/screens/exr/EXR_010_ExerciseDetail.kt,22515ae8493d9a4c4590288e85fdc54ac46012ff,1190,MUFIL2_UI_BASELINE
Mufil-2/app/src/main/java/com/movefuel/mufil2/ui/screens/exr/EXR_011_ExerciseMedia.kt,350bd0ab9038fa8458309d0d1900f04ff09f3612,1190,MUFIL2_UI_BASELINE
Mufil-2/app/src/main/java/com/movefuel/mufil2/ui/screens/exr/EXR_012_ExerciseSetup.kt,1f1855b02dc47fdd75609672d5ed3b0b3ae4e59a,1210,MUFIL2_UI_BASELINE
Mufil-2/app/src/main/java/com/movefuel/mufil2/ui/screens/exr/EXR_013_ExerciseExecution.kt,1e4d64334dda1368b0c82c866f7142e33196e035,1236,MUFIL2_UI_BASELINE
Mufil-2/app/src/main/java/com/movefuel/mufil2/ui/screens/exr/EXR_014_TechniqueCues.kt,c560c8659c317a137217cbcd69f0a80825f0d561,1156,MUFIL2_UI_BASELINE
Mufil-2/app/src/main/java/com/movefuel/mufil2/ui/screens/exr/EXR_015_CommonMistakes.kt,24bbb089b0d164b406be267abf1e34b3857349d8,1213,MUFIL2_UI_BASELINE
Mufil-2/app/src/main/java/com/movefuel/mufil2/ui/screens/exr/EXR_016_ExerciseSubstitutions.kt,57d08c1b77cce809fee96bf7f71cf901d93c8185,1266,MUFIL2_UI_BASELINE
Mufil-2/app/src/main/java/com/movefuel/mufil2/ui/screens/fno/FNO_001_FuelNowDashboard.kt,47bae35bccf44d307b137dc4412a9fb53243c54b,1343,MUFIL2_UI_BASELINE
Mufil-2/app/src/main/java/com/movefuel/mufil2/ui/screens/fno/FNO_002_SelectedDate.kt,d01a317a4e6aebf1bc4c041314d12d4e0af81d0f,1110,MUFIL2_UI_BASELINE
Mufil-2/app/src/main/java/com/movefuel/mufil2/ui/screens/fno/FNO_003_NutritionSummary.kt,7af811eac80de1146012ac926f2e2e41295fc3b9,1342,MUFIL2_UI_BASELINE
Mufil-2/app/src/main/java/com/movefuel/mufil2/ui/screens/fno/FNO_004_ExpandedNutrition.kt,6564b3168351c40d230120e000c536a454f7b627,1139,MUFIL2_UI_BASELINE
Mufil-2/app/src/main/java/com/movefuel/mufil2/ui/screens/fno/FNO_005_MealGroups.kt,efa28e94c70e8f54b3ecb46a6387c39cbd0f09e3,1197,MUFIL2_UI_BASELINE
Mufil-2/app/src/main/java/com/movefuel/mufil2/ui/screens/fno/FNO_006_MealDetail.kt,1c0bc983378f1d166df7a59291e113e14a9cf5e3,1158,MUFIL2_UI_BASELINE
Mufil-2/app/src/main/java/com/movefuel/mufil2/ui/screens/fno/FNO_007_EditMeal.kt,109fb6fbc6a5e01a12a2b2b63a059aee85bc8579,1143,MUFIL2_UI_BASELINE
Mufil-2/app/src/main/java/com/movefuel/mufil2/ui/screens/fno/FNO_008_DeleteMealConfirmation.kt,ebe9e038cec36c3e61e7fa22aabf16b62208280b,1188,MUFIL2_UI_BASELINE
Mufil-2/app/src/main/java/com/movefuel/mufil2/ui/screens/fno/FNO_009_AddFoodMenu.kt,7028a2c46d82da3595c43f99fc9bf8cb5cafeeff,1178,MUFIL2_UI_BASELINE
Mufil-2/app/src/main/java/com/movefuel/mufil2/ui/screens/fno/FNO_010_FoodSearch.kt,8e6e5627aac5d2996b221fdece36049c76671bae,1176,MUFIL2_UI_BASELINE
Mufil-2/app/src/main/java/com/movefuel/mufil2/ui/screens/fno/FNO_011_FoodDetail.kt,bc4daa792e7eba90570e2adc0766d59f33e2ff35,1158,MUFIL2_UI_BASELINE
Mufil-2/app/src/main/java/com/movefuel/mufil2/ui/screens/fno/FNO_012_ServingSelector.kt,b6417a9cd9dbe1b483a8e8f44091ee4bdc752159,1070,MUFIL2_UI_BASELINE
Mufil-2/app/src/main/java/com/movefuel/mufil2/ui/screens/fno/FNO_013_RecentFoods.kt,77c1345c8df5f5faeab5b6083d50cb5926d90c15,1201,MUFIL2_UI_BASELINE
Mufil-2/app/src/main/java/com/movefuel/mufil2/ui/screens/fno/FNO_014_FrequentFoods.kt,586e726b24a0a227e9fb9c62a4b5f18421a3bfb0,1209,MUFIL2_UI_BASELINE
Mufil-2/app/src/main/java/com/movefuel/mufil2/ui/screens/fno/FNO_015_Favorites.kt,a962d77925dcaf931613a604ee8e9ef9c83b1576,1192,MUFIL2_UI_BASELINE
Mufil-2/app/src/main/java/com/movefuel/mufil2/ui/screens/fno/FNO_016_SavedMeals.kt,62432415ffb6763a838fb8e018a7e13f4df60fa0,1197,MUFIL2_UI_BASELINE
Mufil-2/app/src/main/java/com/movefuel/mufil2/ui/screens/fno/FNO_017_FuelEmpty.kt,f727879dae4d628dfd47c7eafb4f967448aa05dd,1135,MUFIL2_UI_BASELINE
Mufil-2/app/src/main/java/com/movefuel/mufil2/ui/screens/fno/FNO_018_FuelOffline.kt,78ba6e146b4be5435a53837cd1c2143e519d65f7,1145,MUFIL2_UI_BASELINE
Mufil-2/app/src/main/java/com/movefuel/mufil2/ui/screens/fpl/FPL_001_FuelPlanDashboard.kt,591fb6503d19d970f10fa32e4a28e018e2fd83b5,1212,MUFIL2_UI_BASELINE
Mufil-2/app/src/main/java/com/movefuel/mufil2/ui/screens/fpl/FPL_002_PlanDayView.kt,9e11726ad0d676421e763506bc6933ea822564af,1188,MUFIL2_UI_BASELINE
Mufil-2/app/src/main/java/com/movefuel/mufil2/ui/screens/fpl/FPL_003_PlanWeekView.kt,92beb2bd976918c08be980d9c539eb62162475b6,1192,MUFIL2_UI_BASELINE
Mufil-2/app/src/main/java/com/movefuel/mufil2/ui/screens/fpl/FPL_004_PlanMonthView.kt,53cd484e1f91491368ae623bf513ce19248fd658,1196,MUFIL2_UI_BASELINE
Mufil-2/app/src/main/java/com/movefuel/mufil2/ui/screens/fpl/FPL_005_PlanPreferences.kt,34f72663a5171bd57f9a2bc8d84ef98ae602b0cc,1269,MUFIL2_UI_BASELINE
Mufil-2/app/src/main/java/com/movefuel/mufil2/ui/screens/fpl/FPL_006_DietPreferences.kt,cc6f5f38ca352087ae96a9a80d31570ade6c5128,1269,MUFIL2_UI_BASELINE
Mufil-2/app/src/main/java/com/movefuel/mufil2/ui/screens/fpl/FPL_007_AllergyRules.kt,c770bdb6ed380177b5e54a1de840da2d04323662,1257,MUFIL2_UI_BASELINE
Mufil-2/app/src/main/java/com/movefuel/mufil2/ui/screens/fpl/FPL_008_CuisinePreferences.kt,77ec44b48549a7d7a6f121daf82f7f0ea09b62fb,1281,MUFIL2_UI_BASELINE
Mufil-2/app/src/main/java/com/movefuel/mufil2/ui/screens/fpl/FPL_009_CookingPreferences.kt,19cc643510e4f77abf0951d836b3d2e99738b64b,1281,MUFIL2_UI_BASELINE
Mufil-2/app/src/main/java/com/movefuel/mufil2/ui/screens/fpl/FPL_010_BudgetPreferences.kt,1ae7fc2a2aff4718d42586705c4d106ee4df0cea,1277,MUFIL2_UI_BASELINE
Mufil-2/app/src/main/java/com/movefuel/mufil2/ui/screens/fpl/FPL_011_PantryContext.kt,861a47ca1bb72d87176b4cf12712bd14cd26104f,1261,MUFIL2_UI_BASELINE
Mufil-2/app/src/main/java/com/movefuel/mufil2/ui/screens/fpl/FPL_012_TrainingContext.kt,53a9a10e209f8580a18a6a2da8135bbbab027612,1269,MUFIL2_UI_BASELINE
Mufil-2/app/src/main/java/com/movefuel/mufil2/ui/screens/fpl/FPL_013_PlanSetupReview.kt,99d409323c9fa235a84212764003cf090451182c,1228,MUFIL2_UI_BASELINE
Mufil-2/app/src/main/java/com/movefuel/mufil2/ui/screens/fpl/FPL_014_GeneratingMealPlan.kt,24890365d4f50c65f517d95499676a744f5da973,1196,MUFIL2_UI_BASELINE
Mufil-2/app/src/main/java/com/movefuel/mufil2/ui/screens/fpl/FPL_015_WeeklyProposal.kt,9f005a9628ae105a0fc16532eb53b6a13e4f0d30,1211,MUFIL2_UI_BASELINE
Mufil-2/app/src/main/java/com/movefuel/mufil2/ui/screens/fpl/FPL_016_DayProposal.kt,f0319e779eaf0067c1ba49aa04f9b55aa7268b51,1199,MUFIL2_UI_BASELINE
Mufil-2/app/src/main/java/com/movefuel/mufil2/ui/screens/fpl/FPL_017_PlannedMealDetail.kt,2769d28f5ab71fbd77a44989ee1d0806897088b6,1203,MUFIL2_UI_BASELINE
Mufil-2/app/src/main/java/com/movefuel/mufil2/ui/screens/fpl/FPL_018_SwapMeal.kt,19da4f77200dde1e16879700e8ca4584569bac11,1193,MUFIL2_UI_BASELINE
Mufil-2/app/src/main/java/com/movefuel/mufil2/ui/screens/fpl/FPL_019_MealAlternatives.kt,4d681726444a09b72cca71dfd44153ff0ac1631c,1225,MUFIL2_UI_BASELINE
Mufil-2/app/src/main/java/com/movefuel/mufil2/ui/screens/fpl/FPL_020_ServingChange.kt,b027e93c32c9ea80866f8b0f83223e8fc6928f4e,1080,MUFIL2_UI_BASELINE
Mufil-2/app/src/main/java/com/movefuel/mufil2/ui/screens/fpl/FPL_021_MoveMeal.kt,76cb4e36bca700378bb073cbf2381a79a3abb5a2,1074,MUFIL2_UI_BASELINE
Mufil-2/app/src/main/java/com/movefuel/mufil2/ui/screens/fpl/FPL_022_PlanConflict.kt,9334095e26c5cb5f196a69b8d8ff324116615ab1,1157,MUFIL2_UI_BASELINE
Mufil-2/app/src/main/java/com/movefuel/mufil2/ui/screens/fpl/FPL_023_ConfirmPlan.kt,b949665dee6ea4afa3c692801faa960901898391,1211,MUFIL2_UI_BASELINE
Mufil-2/app/src/main/java/com/movefuel/mufil2/ui/screens/fpl/FPL_024_PlanRevisionHistory.kt,e76b4afa5f2dc6195e0309d35878ff82381069f2,1175,MUFIL2_UI_BASELINE
Mufil-2/app/src/main/java/com/movefuel/mufil2/ui/screens/fsh/FSH_001_ShopDashboard.kt,262dffe27506d1723d62da26c9832a9234453c9f,1267,MUFIL2_UI_BASELINE
Mufil-2/app/src/main/java/com/movefuel/mufil2/ui/screens/fsh/FSH_002_ShoppingList.kt,ae86b48eefa31dd555d9b340726ba4d360e95c0c,1263,MUFIL2_UI_BASELINE
Mufil-2/app/src/main/java/com/movefuel/mufil2/ui/screens/fsh/FSH_003_ShoppingItemDetail.kt,cce48071349783e3df5fbe4ad6436d3efe526f04,1164,MUFIL2_UI_BASELINE
Mufil-2/app/src/main/java/com/movefuel/mufil2/ui/screens/fsh/FSH_004_EditShoppingItem.kt,d1fe7cac605f6e6a2621e66ada253f6782da20f6,1156,MUFIL2_UI_BASELINE
Mufil-2/app/src/main/java/com/movefuel/mufil2/ui/screens/fsh/FSH_005_MarkPurchased.kt,fd4c2d81f6fc3c91fe014f78df287401fdbc6ffe,1187,MUFIL2_UI_BASELINE
Mufil-2/app/src/main/java/com/movefuel/mufil2/ui/screens/fsh/FSH_006_UndoPurchased.kt,6d39d41f6ad7ea53b787322610177050f66a0edb,1187,MUFIL2_UI_BASELINE
Mufil-2/app/src/main/java/com/movefuel/mufil2/ui/screens/fsh/FSH_007_AddShoppingItem.kt,627cf874f0ad1de3ee272818f55b15ed73dd4cea,1127,MUFIL2_UI_BASELINE
Mufil-2/app/src/main/java/com/movefuel/mufil2/ui/screens/fsh/FSH_008_SearchGrocery.kt,f78955a915b28d3cf246dc38f09bfa328d5acb14,1175,MUFIL2_UI_BASELINE
Mufil-2/app/src/main/java/com/movefuel/mufil2/ui/screens/fsh/FSH_009_ManualGroceryItem.kt,5929c2ebc18b1d122340f96e12fe04b82a98306a,1135,MUFIL2_UI_BASELINE
Mufil-2/app/src/main/java/com/movefuel/mufil2/ui/screens/fsh/FSH_010_ScanGroceryBarcode.kt,3e50a93fe485117a42ae2ad2c44304f2d8d9b78d,1215,MUFIL2_UI_BASELINE
Mufil-2/app/src/main/java/com/movefuel/mufil2/ui/screens/fsh/FSH_011_PlanRequirements.kt,c3593e131d51169fdee8891061c845094577e16b,1219,MUFIL2_UI_BASELINE
Mufil-2/app/src/main/java/com/movefuel/mufil2/ui/screens/fsh/FSH_012_ConsolidatedIngredients.kt,077a6797c4b183388cf555c11a8577928577f011,1247,MUFIL2_UI_BASELINE
Mufil-2/app/src/main/java/com/movefuel/mufil2/ui/screens/fsh/FSH_013_RecipeIngredients.kt,f32c3ac8912a48b30caed4603294c0e20404d172,1223,MUFIL2_UI_BASELINE
Mufil-2/app/src/main/java/com/movefuel/mufil2/ui/screens/fsh/FSH_014_Pantry.kt,7ac3d5a359f308013fabaf1b0370acabd318fbbf,1169,MUFIL2_UI_BASELINE
Mufil-2/app/src/main/java/com/movefuel/mufil2/ui/screens/fsh/FSH_015_ShoppingEmpty.kt,6a5fc92a05e64e85fa9e4fbc1973100973f432ca,1138,MUFIL2_UI_BASELINE
Mufil-2/app/src/main/java/com/movefuel/mufil2/ui/screens/fsh/FSH_016_ShoppingOffline.kt,012bb4461913ff96282f1b73bd2b9b7c39f67e01,1148,MUFIL2_UI_BASELINE
Mufil-2/app/src/main/java/com/movefuel/mufil2/ui/screens/onb/ONB_001_Welcome.kt,9b2fa6f785ed091267b5ad79e9816a3280a5145d,1281,MUFIL2_UI_BASELINE
Mufil-2/app/src/main/java/com/movefuel/mufil2/ui/screens/onb/ONB_002_SetupChoice.kt,a1c13d90efd8a9e04d9a8c1444bf1752316e9355,1163,MUFIL2_UI_BASELINE
Mufil-2/app/src/main/java/com/movefuel/mufil2/ui/screens/onb/ONB_003_Name.kt,277107da3db4d458aa1ce3e6ec7bdf59475ded87,1025,MUFIL2_UI_BASELINE
Mufil-2/app/src/main/java/com/movefuel/mufil2/ui/screens/onb/ONB_004_DateOfBirth.kt,6d176b10565d47c215fae95c0776be8cf438d551,1111,MUFIL2_UI_BASELINE
Mufil-2/app/src/main/java/com/movefuel/mufil2/ui/screens/onb/ONB_005_CountryLanguageTimezone.kt,54bf6d801eef616c90133044a01e81c5fdef7502,1211,MUFIL2_UI_BASELINE
Mufil-2/app/src/main/java/com/movefuel/mufil2/ui/screens/onb/ONB_006_Units.kt,e07a65de156a62786faa0ac6341a04df245b1e67,1105,MUFIL2_UI_BASELINE
Mufil-2/app/src/main/java/com/movefuel/mufil2/ui/screens/onb/ONB_007_Height.kt,b53641a5819229513219f6440229470df7b64b80,1032,MUFIL2_UI_BASELINE
Mufil-2/app/src/main/java/com/movefuel/mufil2/ui/screens/onb/ONB_008_CurrentWeight.kt,4bf9542d8238309b2c26bf3f4ba6dfa4c0b29315,1104,MUFIL2_UI_BASELINE
Mufil-2/app/src/main/java/com/movefuel/mufil2/ui/screens/onb/ONB_009_EnergyEstimationSetting.kt,d09c78b49e3d96cbdffbbdca992b322de5c159eb,1373,MUFIL2_UI_BASELINE
Mufil-2/app/src/main/java/com/movefuel/mufil2/ui/screens/onb/ONB_010_DailyActivity.kt,478dd531d52a79fff36453d337b8492b6c26666f,1236,MUFIL2_UI_BASELINE
Mufil-2/app/src/main/java/com/movefuel/mufil2/ui/screens/onb/ONB_011_OptionalBodyComposition.kt,a231490306a2dd6c99110e96f0a82fbdf7a195c6,1142,MUFIL2_UI_BASELINE
Mufil-2/app/src/main/java/com/movefuel/mufil2/ui/screens/onb/ONB_012_PrimaryGoal.kt,a77719a8ceaabce02b2bf64b3bde5b6ad5f8228b,1282,MUFIL2_UI_BASELINE
Mufil-2/app/src/main/java/com/movefuel/mufil2/ui/screens/onb/ONB_013_TargetContext.kt,8673d482496469c56ea49720a4234ded607f08ab,1327,MUFIL2_UI_BASELINE
Mufil-2/app/src/main/java/com/movefuel/mufil2/ui/screens/onb/ONB_014_TrainingFrequency.kt,f5408c2ca5fe696e6a90101be07386aaf5c3e0c6,1088,MUFIL2_UI_BASELINE
Mufil-2/app/src/main/java/com/movefuel/mufil2/ui/screens/onb/ONB_015_SessionDuration.kt,f3d00785d89d518171bab5c897c51945b8f5c0ad,1213,MUFIL2_UI_BASELINE
Mufil-2/app/src/main/java/com/movefuel/mufil2/ui/screens/onb/ONB_016_DietaryPreferences.kt,92416fa6d97d853b59fd8df5e6bd24449f615abc,1230,MUFIL2_UI_BASELINE
Mufil-2/app/src/main/java/com/movefuel/mufil2/ui/screens/onb/ONB_017_AllergiesAndExclusions.kt,6974ccf6ed26e739719374dc23f592717b4e0d02,1244,MUFIL2_UI_BASELINE
Mufil-2/app/src/main/java/com/movefuel/mufil2/ui/screens/onb/ONB_018_TargetReviewAndFinish.kt,e74a8e85e118220864f0771c54095c76d261953d,1179,MUFIL2_UI_BASELINE
Mufil-2/app/src/main/java/com/movefuel/mufil2/ui/screens/prg/PRG_001_ProgressDashboard.kt,3b01d1c722bafae05681a46f1d837ff8fa737b36,1290,MUFIL2_UI_BASELINE
Mufil-2/app/src/main/java/com/movefuel/mufil2/ui/screens/prg/PRG_002_MetricSelector.kt,a5975e900bf7d44179ec24115e79a1495d6dde28,1205,MUFIL2_UI_BASELINE
Mufil-2/app/src/main/java/com/movefuel/mufil2/ui/screens/prg/PRG_003_Range7Days.kt,a6d763303ebfd25c5386f3ed601d2f2489962e0b,1158,MUFIL2_UI_BASELINE
Mufil-2/app/src/main/java/com/movefuel/mufil2/ui/screens/prg/PRG_004_Range30Days.kt,2bca750576dd23234a47b7a065198cdb142aeab0,1181,MUFIL2_UI_BASELINE
Mufil-2/app/src/main/java/com/movefuel/mufil2/ui/screens/prg/PRG_005_Range3Months.kt,2b55f98737a24e953711b4346d55d583f9403c42,1150,MUFIL2_UI_BASELINE
Mufil-2/app/src/main/java/com/movefuel/mufil2/ui/screens/prg/PRG_006_Range6Months.kt,af04dbdca9d9cb38b68aea1bce7b35f86278df0a,1091,MUFIL2_UI_BASELINE
Mufil-2/app/src/main/java/com/movefuel/mufil2/ui/screens/prg/PRG_007_Range1Year.kt,b15d2a45343a627590032902963b539f673e354b,1101,MUFIL2_UI_BASELINE
Mufil-2/app/src/main/java/com/movefuel/mufil2/ui/screens/prg/PRG_008_RangeAll.kt,85c6b2a277e17f61347bc670cc1cd161973ec9b3,1074,MUFIL2_UI_BASELINE
Mufil-2/app/src/main/java/com/movefuel/mufil2/ui/screens/prg/PRG_009_ExpandedGraph.kt,9d15d1f543a90fa9bf64e7cabc873cafde130a09,1156,MUFIL2_UI_BASELINE
Mufil-2/app/src/main/java/com/movefuel/mufil2/ui/screens/prg/PRG_010_ExactDataPoint.kt,053e65800c17a5b50dfaa559fb49ee2e28ed9f69,1174,MUFIL2_UI_BASELINE
Mufil-2/app/src/main/java/com/movefuel/mufil2/ui/screens/prg/PRG_011_MissingDataPeriod.kt,c94efd092d21c3d72be450453e5ddceb65fae841,1148,MUFIL2_UI_BASELINE
Mufil-2/app/src/main/java/com/movefuel/mufil2/ui/screens/prg/PRG_012_DataCoverage.kt,34fe67ce9082ae20c9d65ad511b3a4259937a85a,1214,MUFIL2_UI_BASELINE
Mufil-2/app/src/main/java/com/movefuel/mufil2/ui/screens/prg/PRG_013_GoalProgress.kt,c5cd3012a7ae1ca9446932d04bacef77a7d8406e,1205,MUFIL2_UI_BASELINE
Mufil-2/app/src/main/java/com/movefuel/mufil2/ui/screens/prg/PRG_014_TargetRevisionMarker.kt,2c28ea02ac4c89c49af6d227099c614c6358157f,1203,MUFIL2_UI_BASELINE
Mufil-2/app/src/main/java/com/movefuel/mufil2/ui/screens/prg/PRG_015_MilestoneDetail.kt,ecef898e3193d6ad5072b322b54ba665d07b7f16,1184,MUFIL2_UI_BASELINE
Mufil-2/app/src/main/java/com/movefuel/mufil2/ui/screens/prg/PRG_016_PersonalRecords.kt,d1fea2fa4fb586698edf961e200ea6bc89c9ed1d,1151,MUFIL2_UI_BASELINE
Mufil-2/app/src/main/java/com/movefuel/mufil2/ui/screens/prg/PRG_017_TrainingProgress.kt,89176662ef77bda68c83cab7b28b4bcd6e61df87,1215,MUFIL2_UI_BASELINE
Mufil-2/app/src/main/java/com/movefuel/mufil2/ui/screens/prg/PRG_018_StrengthProgress.kt,bdcdd8c75b68a379cafe866f2bc767fb38140b99,1215,MUFIL2_UI_BASELINE
Mufil-2/app/src/main/java/com/movefuel/mufil2/ui/screens/prg/PRG_019_TrainingVolume.kt,e0a8a71d574b341cac2e6c2f08d9eb035865dd43,1205,MUFIL2_UI_BASELINE
Mufil-2/app/src/main/java/com/movefuel/mufil2/ui/screens/prg/PRG_020_WorkoutConsistency.kt,4a3ab7c8e39053fcb1e24d6ee932d508f4fd2072,1225,MUFIL2_UI_BASELINE
Mufil-2/app/src/main/java/com/movefuel/mufil2/ui/screens/prg/PRG_021_WorkoutDuration.kt,e4fdc714a7bbdd8f45e60c1d563097e88a6c4cc5,1210,MUFIL2_UI_BASELINE
Mufil-2/app/src/main/java/com/movefuel/mufil2/ui/screens/prg/PRG_022_NutritionProgress.kt,2e812df23224ccd78773fa5aff79efe61a8b11ce,1305,MUFIL2_UI_BASELINE
Mufil-2/app/src/main/java/com/movefuel/mufil2/ui/screens/prg/PRG_023_NutritionAverages.kt,d33e7a318d65aa80f4863f5efdca5b7e6f4d621e,1305,MUFIL2_UI_BASELINE
Mufil-2/app/src/main/java/com/movefuel/mufil2/ui/screens/prg/PRG_024_ProteinTrend.kt,38318d418de63368e80617ebb91b9811be7b04b6,1280,MUFIL2_UI_BASELINE
Mufil-2/app/src/main/java/com/movefuel/mufil2/ui/screens/prg/PRG_025_FiberTrend.kt,cb218b84750e959de8a647553f2059003518d75a,1270,MUFIL2_UI_BASELINE
Mufil-2/app/src/main/java/com/movefuel/mufil2/ui/screens/prg/PRG_026_ActivityProgress.kt,8d8d9a77738af78a67500a9c18a7fde854b50fd4,1208,MUFIL2_UI_BASELINE
Mufil-2/app/src/main/java/com/movefuel/mufil2/ui/screens/prg/PRG_027_RunningProgress.kt,7b2a78ab024fca9b4eb5b902225f7691d22998b8,1203,MUFIL2_UI_BASELINE
Mufil-2/app/src/main/java/com/movefuel/mufil2/ui/screens/prg/PRG_028_SwimmingProgress.kt,b16f3e8bc052d11ddf74d4b123b3bd008bf6200d,1208,MUFIL2_UI_BASELINE
Mufil-2/app/src/main/java/com/movefuel/mufil2/ui/screens/prg/PRG_029_WeeklyReport.kt,041f1db194feb83deec2e84f1f9fc2bd43c4737a,1292,MUFIL2_UI_BASELINE
Mufil-2/app/src/main/java/com/movefuel/mufil2/ui/screens/prg/PRG_030_MonthlyReport.kt,b5f880a396fc96916e94a1e4f0c6f21b76dc9dcb,1160,MUFIL2_UI_BASELINE
Mufil-2/app/src/main/java/com/movefuel/mufil2/ui/screens/pro/PRO_001_ProfileDashboard.kt,bfe1106fde026131e6046c4654ed3115426678af,1372,MUFIL2_UI_BASELINE
Mufil-2/app/src/main/java/com/movefuel/mufil2/ui/screens/pro/PRO_002_PersonalDetails.kt,e4f8c9ea67748ec9d92ab83bf3f918893edbca4f,1198,MUFIL2_UI_BASELINE
Mufil-2/app/src/main/java/com/movefuel/mufil2/ui/screens/pro/PRO_003_TargetsAndGoals.kt,6649bcea9451c63d566c52d4c6362fae1f071096,1264,MUFIL2_UI_BASELINE
Mufil-2/app/src/main/java/com/movefuel/mufil2/ui/screens/pro/PRO_004_EditTarget.kt,46d8166bc336b5559fa46c91a9e59fbb41d3a6ec,1104,MUFIL2_UI_BASELINE
Mufil-2/app/src/main/java/com/movefuel/mufil2/ui/screens/pro/PRO_005_TargetPreview.kt,2651cac5e2e307a2f9bfc2503326a8aea4a74bab,1239,MUFIL2_UI_BASELINE
Mufil-2/app/src/main/java/com/movefuel/mufil2/ui/screens/pro/PRO_006_TargetRevisionHistory.kt,6e44f30b842de80d65761c924d46b7f6d7ec04e1,1193,MUFIL2_UI_BASELINE
Mufil-2/app/src/main/java/com/movefuel/mufil2/ui/screens/pro/PRO_007_Units.kt,03f35284b95163d26e9cc29fc2f5b8b0436e8835,1103,MUFIL2_UI_BASELINE
Mufil-2/app/src/main/java/com/movefuel/mufil2/ui/screens/pro/PRO_008_LanguageAndRegion.kt,aedad9065cc9c13ec635bd1fa2a38481483c00a6,1163,MUFIL2_UI_BASELINE
Mufil-2/app/src/main/java/com/movefuel/mufil2/ui/screens/pro/PRO_009_Appearance.kt,f7a0f54da8a88970aa6b750cd723a99745f85f0b,1121,MUFIL2_UI_BASELINE
Mufil-2/app/src/main/java/com/movefuel/mufil2/ui/screens/pro/PRO_010_SoundAndHaptics.kt,e17d7125a2c15e1779ee77ee298790a148a1ff24,1178,MUFIL2_UI_BASELINE
Mufil-2/app/src/main/java/com/movefuel/mufil2/ui/screens/pro/PRO_011_Notifications.kt,12c161d4f8331de3e0f3a504af2a0a74240a05e8,1271,MUFIL2_UI_BASELINE
Mufil-2/app/src/main/java/com/movefuel/mufil2/ui/screens/pro/PRO_012_PrivacyAndData.kt,b917e45ef40c90594edcab28de49a37fdfe117ac,1243,MUFIL2_UI_BASELINE
Mufil-2/app/src/main/java/com/movefuel/mufil2/ui/screens/pro/PRO_013_ExportData.kt,773ba9be61296bdcc38c117794a1c88a2fd58ee2,1215,MUFIL2_UI_BASELINE
Mufil-2/app/src/main/java/com/movefuel/mufil2/ui/screens/pro/PRO_014_DeleteAccount.kt,7549dcdc68de589fba126a61dd3b102911ac13a8,1217,MUFIL2_UI_BASELINE
Mufil-2/app/src/main/java/com/movefuel/mufil2/ui/screens/pro/PRO_015_TermsAndPrivacy.kt,910f7a8b3ac0f04de5df49b25b2dc63d67e520c9,1165,MUFIL2_UI_BASELINE
Mufil-2/app/src/main/java/com/movefuel/mufil2/ui/screens/pro/PRO_016_HelpCenter.kt,602158ffa9e41063d460cc7994b1d6ce3397143a,1250,MUFIL2_UI_BASELINE
Mufil-2/app/src/main/java/com/movefuel/mufil2/ui/screens/pro/PRO_017_FinishPersonalization.kt,1a940fca512220d317e74e79d3584335a34f6838,1267,MUFIL2_UI_BASELINE
Mufil-2/app/src/main/java/com/movefuel/mufil2/ui/screens/pro/PRO_018_ProfileOffline.kt,5a0b9d406f4756b3440a3741e637d06829be56c5,1159,MUFIL2_UI_BASELINE
Mufil-2/app/src/main/java/com/movefuel/mufil2/ui/screens/rcp/RCP_001_RecipesDashboard.kt,0e0f1f23405ea50cf2a0606e6668aea39794dc29,1219,MUFIL2_UI_BASELINE
Mufil-2/app/src/main/java/com/movefuel/mufil2/ui/screens/rcp/RCP_002_SavedRecipes.kt,2a1ca028f7c15798f2ba717918219a24457ef791,1203,MUFIL2_UI_BASELINE
Mufil-2/app/src/main/java/com/movefuel/mufil2/ui/screens/rcp/RCP_003_RecipeSearch.kt,f9db492704a6342df551948db3373883a4f78b02,1188,MUFIL2_UI_BASELINE
Mufil-2/app/src/main/java/com/movefuel/mufil2/ui/screens/rcp/RCP_004_RecipeResults.kt,0e9a504558676a7c47f6ab49cfc1db0ba14dd3fd,1207,MUFIL2_UI_BASELINE
Mufil-2/app/src/main/java/com/movefuel/mufil2/ui/screens/rcp/RCP_005_RecipeDetail.kt,5bec7a550dd1b6d2897f8a6b507ac54c440af80d,1167,MUFIL2_UI_BASELINE
Mufil-2/app/src/main/java/com/movefuel/mufil2/ui/screens/rcp/RCP_006_RecipeNutrition.kt,78f2d3e0054bc184d9a333cda2683098a471b186,1137,MUFIL2_UI_BASELINE
Mufil-2/app/src/main/java/com/movefuel/mufil2/ui/screens/rcp/RCP_007_RecipeIngredients.kt,5e653e82648369ba5690c70daf39f9b5e7c8d141,1186,MUFIL2_UI_BASELINE
Mufil-2/app/src/main/java/com/movefuel/mufil2/ui/screens/rcp/RCP_008_CookingMode.kt,241bd3fea8bff0328f3fd3f2f96bdd3a4b903d64,1152,MUFIL2_UI_BASELINE
Mufil-2/app/src/main/java/com/movefuel/mufil2/ui/screens/rcp/RCP_009_CookingTimer.kt,ce96f19cc20c62522e4be915be4c2ee8902ebcd0,1160,MUFIL2_UI_BASELINE
Mufil-2/app/src/main/java/com/movefuel/mufil2/ui/screens/rcp/RCP_010_ServingAdjust.kt,3b545b701101d7e1c0cee76a85410c5965d5ae0e,1182,MUFIL2_UI_BASELINE
Mufil-2/app/src/main/java/com/movefuel/mufil2/ui/screens/rcp/RCP_011_IngredientSubstitution.kt,a213dfae33925d9c138ccfa5540acddd72df82f1,1221,MUFIL2_UI_BASELINE
Mufil-2/app/src/main/java/com/movefuel/mufil2/ui/screens/rcp/RCP_012_AddRecipeToPlan.kt,af4835e28b2e74f511c305987e041f8088549b72,1136,MUFIL2_UI_BASELINE
Mufil-2/app/src/main/java/com/movefuel/mufil2/ui/screens/rcp/RCP_013_AddRecipeToShop.kt,57a000dd1d2fc234f919b09a7288d517224470c8,1161,MUFIL2_UI_BASELINE
Mufil-2/app/src/main/java/com/movefuel/mufil2/ui/screens/rcp/RCP_014_LogRecipeAsMeal.kt,bce8912fd5acc0399686335febb4162212b01b76,1157,MUFIL2_UI_BASELINE
Mufil-2/app/src/main/java/com/movefuel/mufil2/ui/screens/rcp/RCP_015_CreateRecipe.kt,d425a8a0f6717c2fba1462a16c832d33bc48985e,1130,MUFIL2_UI_BASELINE
Mufil-2/app/src/main/java/com/movefuel/mufil2/ui/screens/rcp/RCP_016_CreateRecipeMetadata.kt,70c9b6de3b40b69918e3b5e5eb4252b556fac4fe,1163,MUFIL2_UI_BASELINE
Mufil-2/app/src/main/java/com/movefuel/mufil2/ui/screens/rcp/RCP_017_CreateRecipeIngredients.kt,75917623267bd8503f46b4421217cfcd59561ff7,1211,MUFIL2_UI_BASELINE
Mufil-2/app/src/main/java/com/movefuel/mufil2/ui/screens/rcp/RCP_018_CreateRecipeSteps.kt,560db0c638a16e76ca0099ea542d09c7e8e6b263,1177,MUFIL2_UI_BASELINE
Mufil-2/app/src/main/java/com/movefuel/mufil2/ui/screens/rcp/RCP_019_CreateRecipeReview.kt,30fd8b01c7ebf20f1104bcc9ad75a6001d8d7bf2,1192,MUFIL2_UI_BASELINE
Mufil-2/app/src/main/java/com/movefuel/mufil2/ui/screens/rcp/RCP_020_ImportSourceChoice.kt,db7e8fba3d1a40a068262aa7dc991f6d537ad0b2,1216,MUFIL2_UI_BASELINE
Mufil-2/app/src/main/java/com/movefuel/mufil2/ui/screens/rcp/RCP_021_YouTubeImport.kt,d2c6235d9978c83001df1550f63b4d3dcb9b698f,1187,MUFIL2_UI_BASELINE
Mufil-2/app/src/main/java/com/movefuel/mufil2/ui/screens/rcp/RCP_022_WebImport.kt,b729bab8af8642cbe4018a76993d55cb5c5f9a5b,1156,MUFIL2_UI_BASELINE
Mufil-2/app/src/main/java/com/movefuel/mufil2/ui/screens/rcp/RCP_023_TextImport.kt,81fae4998a51f20b1e4a329fe71fcebfe6f90744,1077,MUFIL2_UI_BASELINE
Mufil-2/app/src/main/java/com/movefuel/mufil2/ui/screens/rcp/RCP_024_ValidateImportSource.kt,096cb7071164efac1828224a49c1ba26c34e09e7,1307,MUFIL2_UI_BASELINE
Mufil-2/app/src/main/java/com/movefuel/mufil2/ui/screens/rcp/RCP_025_ImportQueued.kt,6d3075be6ead928ccb03c129178284906b50d1e1,1274,MUFIL2_UI_BASELINE
Mufil-2/app/src/main/java/com/movefuel/mufil2/ui/screens/rcp/RCP_026_ReadingSource.kt,26b29143068fadbc6158a5a6e1189e6260d3490e,1278,MUFIL2_UI_BASELINE
Mufil-2/app/src/main/java/com/movefuel/mufil2/ui/screens/rcp/RCP_027_ExtractingRecipeEvidence.kt,30f7be4febed6d7986acc5b34115ee5f303f86ed,1323,MUFIL2_UI_BASELINE
Mufil-2/app/src/main/java/com/movefuel/mufil2/ui/screens/rcp/RCP_028_NormalizingIngredients.kt,eb5f38659bbc11df4be51cd7ad6b9ba708fb3280,1314,MUFIL2_UI_BASELINE
Mufil-2/app/src/main/java/com/movefuel/mufil2/ui/screens/rcp/RCP_029_MatchingTrustedFoods.kt,76b96db0a59c70a3075e47e638af85ba4eeeed06,1307,MUFIL2_UI_BASELINE
Mufil-2/app/src/main/java/com/movefuel/mufil2/ui/screens/rcp/RCP_030_CheckingNutritionEligibility.kt,30939a96ee919a01a28965247cece086a660fd5d,1339,MUFIL2_UI_BASELINE
Mufil-2/app/src/main/java/com/movefuel/mufil2/ui/screens/rcp/RCP_031_ImportNeedsReview.kt,37780d65400a5ae2ec3133131a6f894e64cf252e,1184,MUFIL2_UI_BASELINE
Mufil-2/app/src/main/java/com/movefuel/mufil2/ui/screens/rcp/RCP_032_UnresolvedIngredient.kt,12b2af26e8a7da9607743bed0207bbf8179772d2,1195,MUFIL2_UI_BASELINE
Mufil-2/app/src/main/java/com/movefuel/mufil2/ui/screens/rcp/RCP_033_MissingQuantity.kt,9959077ea9dcd35ef399ed177c0bacc8e2d0fd56,1175,MUFIL2_UI_BASELINE
Mufil-2/app/src/main/java/com/movefuel/mufil2/ui/screens/rcp/RCP_034_MissingServings.kt,2f49be01065a38eb8b7aacd6f110049523e7b4f8,1175,MUFIL2_UI_BASELINE
Mufil-2/app/src/main/java/com/movefuel/mufil2/ui/screens/rcp/RCP_035_RecipeImportConfirmation.kt,df4c4c468dbbeba86317b905dbbc18b100fa6528,1235,MUFIL2_UI_BASELINE
Mufil-2/app/src/main/java/com/movefuel/mufil2/ui/screens/rcp/RCP_036_RecipeImportFailure.kt,30c4897354efab8043f507471c88b364f251b52c,1158,MUFIL2_UI_BASELINE
Mufil-2/app/src/main/java/com/movefuel/mufil2/ui/screens/rdy/RDY_001_ReadinessCheckIn.kt,f5d56f9b5c70810ee187e3079ef95e8bab9b4bc5,1205,MUFIL2_UI_BASELINE
Mufil-2/app/src/main/java/com/movefuel/mufil2/ui/screens/rdy/RDY_002_EnergyCheck.kt,8a437caedc10a23e795940339c166e20838f95d5,1129,MUFIL2_UI_BASELINE
Mufil-2/app/src/main/java/com/movefuel/mufil2/ui/screens/rdy/RDY_003_FatigueCheck.kt,4f9872b1f1bc167901278694f552753a9e3074a5,1133,MUFIL2_UI_BASELINE
Mufil-2/app/src/main/java/com/movefuel/mufil2/ui/screens/rdy/RDY_004_RecoverySleepCheck.kt,d93254bc49cad55f972d187af16a30a93f01fa24,1158,MUFIL2_UI_BASELINE
Mufil-2/app/src/main/java/com/movefuel/mufil2/ui/screens/rdy/RDY_005_SorenessCheck.kt,1d31e2e29a31598fac8026d7ff9699512159848d,1137,MUFIL2_UI_BASELINE
Mufil-2/app/src/main/java/com/movefuel/mufil2/ui/screens/rdy/RDY_006_EvaluatingReadiness.kt,7dc45ecc982c0b9333e36a7c60ec84037dcc7186,1184,MUFIL2_UI_BASELINE
Mufil-2/app/src/main/java/com/movefuel/mufil2/ui/screens/rdy/RDY_007_ReadinessFull.kt,33021dac4cce6a0f7e0144fc2b587d69def287d7,1119,MUFIL2_UI_BASELINE
Mufil-2/app/src/main/java/com/movefuel/mufil2/ui/screens/rdy/RDY_008_ReadinessReduced.kt,da5a4555166d428a15a1fe2f52b8686e53eb572d,1131,MUFIL2_UI_BASELINE
Mufil-2/app/src/main/java/com/movefuel/mufil2/ui/screens/rdy/RDY_009_ReadinessRecovery.kt,b2d301cd7152eee00d827c3ec9481af53b7725ef,1151,MUFIL2_UI_BASELINE
Mufil-2/app/src/main/java/com/movefuel/mufil2/ui/screens/rdy/RDY_010_ReadinessStop.kt,da45f843438bd2eb7703ad32311b4feb5be2f139,1160,MUFIL2_UI_BASELINE
Mufil-2/app/src/main/java/com/movefuel/mufil2/ui/screens/sor/SOR_001_SorenessDashboard.kt,98e0c35e734f60d552e1ebf9329cb70188b3aeae,1156,MUFIL2_UI_BASELINE
Mufil-2/app/src/main/java/com/movefuel/mufil2/ui/screens/sor/SOR_002_FrontBodyMap.kt,9fc8f2c249e0ca1a47e2f0e1af5a6b003ddceb13,1059,MUFIL2_UI_BASELINE
Mufil-2/app/src/main/java/com/movefuel/mufil2/ui/screens/sor/SOR_003_BackBodyMap.kt,9ccc769d269db615dc76bdcfd1ae2744e3659ca1,1056,MUFIL2_UI_BASELINE
Mufil-2/app/src/main/java/com/movefuel/mufil2/ui/screens/sor/SOR_004_SelectRegion.kt,bd461ded00c96441bd65f782aeee48506ae7696e,1136,MUFIL2_UI_BASELINE
Mufil-2/app/src/main/java/com/movefuel/mufil2/ui/screens/sor/SOR_005_SorenessSeverity.kt,d780617c32c86d404b5dbc7b9393909a569ddcdb,1150,MUFIL2_UI_BASELINE
Mufil-2/app/src/main/java/com/movefuel/mufil2/ui/screens/sor/SOR_006_MultipleRegionReview.kt,bdd40492c9705401b39cbeea17692fd4a61abef6,1188,MUFIL2_UI_BASELINE
Mufil-2/app/src/main/java/com/movefuel/mufil2/ui/screens/sor/SOR_007_SaveSoreness.kt,22e791e9d1831ab6c1eb5d2143f55957c6199f94,1113,MUFIL2_UI_BASELINE
Mufil-2/app/src/main/java/com/movefuel/mufil2/ui/screens/sor/SOR_008_CurrentSorenessSummary.kt,375a793fec18fca3a86f2f8ea579b1c628b11e62,1196,MUFIL2_UI_BASELINE
Mufil-2/app/src/main/java/com/movefuel/mufil2/ui/screens/sor/SOR_009_SorenessHistory.kt,9cc45fe66cc32affbae2265fa6a66fd5d687d7fc,1167,MUFIL2_UI_BASELINE
Mufil-2/app/src/main/java/com/movefuel/mufil2/ui/screens/sor/SOR_010_PainSafetyRoute.kt,1a39ee5b6051bf88249d26b135081f15daab5a4f,1153,MUFIL2_UI_BASELINE
Mufil-2/app/src/main/java/com/movefuel/mufil2/ui/screens/sys/SYS_001_SystemLoading.kt,dd242ba84b5f6c95ec40cb5381ce6c929a373e29,1117,MUFIL2_UI_BASELINE
Mufil-2/app/src/main/java/com/movefuel/mufil2/ui/screens/sys/SYS_002_SystemEmpty.kt,06b58419622dcbc1de3394cfce0ca3da1f9b91be,1137,MUFIL2_UI_BASELINE
Mufil-2/app/src/main/java/com/movefuel/mufil2/ui/screens/sys/SYS_003_SystemUnknown.kt,ec703d13f6aacd82d91b7699510239d0ba101654,1184,MUFIL2_UI_BASELINE
Mufil-2/app/src/main/java/com/movefuel/mufil2/ui/screens/sys/SYS_004_SystemPartialData.kt,3471e1c69f5e384471a24eefb56aa1df54b4c7f3,1178,MUFIL2_UI_BASELINE
Mufil-2/app/src/main/java/com/movefuel/mufil2/ui/screens/sys/SYS_005_SystemOffline.kt,06bdd066932c6f461591591e76521893fb911cf5,1135,MUFIL2_UI_BASELINE
Mufil-2/app/src/main/java/com/movefuel/mufil2/ui/screens/sys/SYS_006_SystemSavedOffline.kt,4b6b677b371d8b8cd67c9d1d4a6974d0972f11d7,1195,MUFIL2_UI_BASELINE
Mufil-2/app/src/main/java/com/movefuel/mufil2/ui/screens/sys/SYS_007_SystemStale.kt,f24cb0fe8b704eeb936a8b72a51bdc688cbfc11b,1101,MUFIL2_UI_BASELINE
Mufil-2/app/src/main/java/com/movefuel/mufil2/ui/screens/sys/SYS_008_RetryableError.kt,01deec7f5d0bb8968ec2e5e4dea5a30abea98de9,1121,MUFIL2_UI_BASELINE
Mufil-2/app/src/main/java/com/movefuel/mufil2/ui/screens/sys/SYS_009_UnavailableState.kt,b5c0347321471440e1ade2b509472caeb33a22e5,1147,MUFIL2_UI_BASELINE
Mufil-2/app/src/main/java/com/movefuel/mufil2/ui/screens/sys/SYS_010_PermissionRequired.kt,c13c55e2d65f5628372fc5361b1be88fc20def8c,1163,MUFIL2_UI_BASELINE
Mufil-2/app/src/main/java/com/movefuel/mufil2/ui/screens/sys/SYS_011_PermissionDenied.kt,0edff10e3d23e3d9f7ba8f6252a74f79e534326c,1146,MUFIL2_UI_BASELINE
Mufil-2/app/src/main/java/com/movefuel/mufil2/ui/screens/sys/SYS_012_UnsavedChanges.kt,ecce1c9a7d09ce7b022ddae0a7128f68d653abe0,1199,MUFIL2_UI_BASELINE
Mufil-2/app/src/main/java/com/movefuel/mufil2/ui/screens/sys/SYS_013_DestructiveConfirmation.kt,1a087aab447311c7129d04e272e9a75ff9a9fd24,1178,MUFIL2_UI_BASELINE
Mufil-2/app/src/main/java/com/movefuel/mufil2/ui/screens/sys/SYS_014_SuccessState.kt,6bc199e392a9e28ec9a6e12a7fd51062c60fc936,1098,MUFIL2_UI_BASELINE
Mufil-2/app/src/main/java/com/movefuel/mufil2/ui/screens/sys/SYS_015_Syncing.kt,cb7d09e669c9db1054c41c2f08a3a4e20b6432b4,1072,MUFIL2_UI_BASELINE
Mufil-2/app/src/main/java/com/movefuel/mufil2/ui/screens/sys/SYS_016_SyncPending.kt,c94e1db0003b81c1cb084e97b811a09d075c771a,1182,MUFIL2_UI_BASELINE
Mufil-2/app/src/main/java/com/movefuel/mufil2/ui/screens/sys/SYS_017_SyncFailed.kt,f69868ab95a14656570327f153f88f930f33a571,1107,MUFIL2_UI_BASELINE
Mufil-2/app/src/main/java/com/movefuel/mufil2/ui/screens/sys/SYS_018_ConflictReview.kt,9072896b99a7c65407cce375a18ba695355dd604,1249,MUFIL2_UI_BASELINE
Mufil-2/app/src/main/java/com/movefuel/mufil2/ui/screens/sys/SYS_019_InterruptedFlow.kt,c66f1adea78bc43a3a16831e49afcfe27aae9dca,1137,MUFIL2_UI_BASELINE
Mufil-2/app/src/main/java/com/movefuel/mufil2/ui/screens/sys/SYS_020_RestoredFlow.kt,4dd1d8b305ce31648b86afa5e789273b9fdc0aa1,1112,MUFIL2_UI_BASELINE
Mufil-2/app/src/main/java/com/movefuel/mufil2/ui/screens/tod/TOD_001_TodayDashboard.kt,2348518ec63d088e4bfe93081331f84342883d62,1438,MUFIL2_UI_BASELINE
Mufil-2/app/src/main/java/com/movefuel/mufil2/ui/screens/tod/TOD_002_NutritionExpanded.kt,240844378f958a770fe3afd847a81b1b3188e415,1084,MUFIL2_UI_BASELINE
Mufil-2/app/src/main/java/com/movefuel/mufil2/ui/screens/tod/TOD_003_NextActionDetail.kt,4657c582f75bd2d74438617bde807da920fdebd9,1213,MUFIL2_UI_BASELINE
Mufil-2/app/src/main/java/com/movefuel/mufil2/ui/screens/tod/TOD_004_DeviceStatus.kt,1f856e60e1e417a73da309cf490112c433776802,1120,MUFIL2_UI_BASELINE
Mufil-2/app/src/main/java/com/movefuel/mufil2/ui/screens/tod/TOD_005_TodayWorkoutPreview.kt,9430de6031ed47a6fef6e97cb1cd247e5c9301d1,1224,MUFIL2_UI_BASELINE
Mufil-2/app/src/main/java/com/movefuel/mufil2/ui/screens/tod/TOD_006_TodayMealPlan.kt,9e4dde530919eac8afb6479982e58afba1b44556,1206,MUFIL2_UI_BASELINE
Mufil-2/app/src/main/java/com/movefuel/mufil2/ui/screens/tod/TOD_007_ConfirmedMeals.kt,8165c95bc71559907e43920d19e9e18e8080441c,1185,MUFIL2_UI_BASELINE
Mufil-2/app/src/main/java/com/movefuel/mufil2/ui/screens/tod/TOD_008_TodayLoading.kt,3a8ca1d4e22524988f4d8c495571d10b33706ce4,1153,MUFIL2_UI_BASELINE
Mufil-2/app/src/main/java/com/movefuel/mufil2/ui/screens/tod/TOD_009_TodayEmpty.kt,adc78e12103926453433be9910abfe4c70c91dfb,1155,MUFIL2_UI_BASELINE
Mufil-2/app/src/main/java/com/movefuel/mufil2/ui/screens/tod/TOD_010_TodayUnknown.kt,ab04a9e1943d5b8c15879efede8ad984f5b7b14c,1165,MUFIL2_UI_BASELINE
Mufil-2/app/src/main/java/com/movefuel/mufil2/ui/screens/tod/TOD_011_TodayOffline.kt,012d401564b027704ecf47b8be715e317acc3cec,1165,MUFIL2_UI_BASELINE
Mufil-2/app/src/main/java/com/movefuel/mufil2/ui/screens/tod/TOD_012_TodayStale.kt,a88e64f5401936d2fcde91ed74f4fec1e451cb52,1155,MUFIL2_UI_BASELINE
Mufil-2/app/src/main/java/com/movefuel/mufil2/ui/screens/trn/TRN_001_TrainNowDashboard.kt,5fb8b3c61bd709e9ab30f566eb95f6e85be2f736,1372,MUFIL2_UI_BASELINE
Mufil-2/app/src/main/java/com/movefuel/mufil2/ui/screens/trn/TRN_002_ReadinessSummary.kt,113bd58bd0bac52a1bcae686a553a961aa07658d,1231,MUFIL2_UI_BASELINE
Mufil-2/app/src/main/java/com/movefuel/mufil2/ui/screens/trn/TRN_003_ReadinessDetail.kt,d3237108649221e9972dbc003650783d1510d794,1227,MUFIL2_UI_BASELINE
Mufil-2/app/src/main/java/com/movefuel/mufil2/ui/screens/trn/TRN_004_WhyAdapted.kt,32a51093d66d06c96cfeacccf9880d724906df94,1285,MUFIL2_UI_BASELINE
Mufil-2/app/src/main/java/com/movefuel/mufil2/ui/screens/trn/TRN_005_TodayWorkout.kt,1a75ac8a2509b1f59451d149457bd3bc1bd7602f,1247,MUFIL2_UI_BASELINE
Mufil-2/app/src/main/java/com/movefuel/mufil2/ui/screens/trn/TRN_006_WorkoutDetail.kt,dacdbae62424fd72c3d4e4dcda40d9be60575822,1251,MUFIL2_UI_BASELINE
Mufil-2/app/src/main/java/com/movefuel/mufil2/ui/screens/trn/TRN_007_StartWorkout.kt,8d4950affaa45c5870324a7bf82b9d9299fae404,1247,MUFIL2_UI_BASELINE
Mufil-2/app/src/main/java/com/movefuel/mufil2/ui/screens/trn/TRN_008_RescheduleWorkout.kt,7f46fe83011bc767e27c3a7c9d8ec8def98d0879,1106,MUFIL2_UI_BASELINE
Mufil-2/app/src/main/java/com/movefuel/mufil2/ui/screens/trn/TRN_009_QuickStart.kt,82e4c3cd8150ad0c13bf547509a0e38a6c38f133,1239,MUFIL2_UI_BASELINE
Mufil-2/app/src/main/java/com/movefuel/mufil2/ui/screens/trn/TRN_010_WeeklyPlan.kt,f69296f7633c0f2cf1bd8e31631993fbceb97980,1239,MUFIL2_UI_BASELINE
Mufil-2/app/src/main/java/com/movefuel/mufil2/ui/screens/trn/TRN_011_WeeklyDayDetail.kt,f2a4618ed6bd7d5ce99984a7c95b6254d5a81fe2,1260,MUFIL2_UI_BASELINE
Mufil-2/app/src/main/java/com/movefuel/mufil2/ui/screens/trn/TRN_012_LessTimeToday.kt,f53868438d4543a332414a7ea564aec39142045d,1214,MUFIL2_UI_BASELINE
Mufil-2/app/src/main/java/com/movefuel/mufil2/ui/screens/trn/TRN_013_EquipmentUnavailable.kt,8b0fedbcba6036a15d3048274a8d152508bbd6ba,1186,MUFIL2_UI_BASELINE
Mufil-2/app/src/main/java/com/movefuel/mufil2/ui/screens/trn/TRN_014_ReplacementOptions.kt,573987b745c9151ca3a8eceb02052bd8bef7498e,1178,MUFIL2_UI_BASELINE
Mufil-2/app/src/main/java/com/movefuel/mufil2/ui/screens/trn/TRN_015_RecoveryDay.kt,2c78422e9d14f5c156c969c11716c19244ba2212,1229,MUFIL2_UI_BASELINE
Mufil-2/app/src/main/java/com/movefuel/mufil2/ui/screens/trn/TRN_016_MissedWorkout.kt,1e201a0ee2471c864988452a56848b53ff431000,1248,MUFIL2_UI_BASELINE
Mufil-2/app/src/main/java/com/movefuel/mufil2/ui/screens/trn/TRN_017_ProgramSettings.kt,b2d41e1c30d4245c01511264f581c2f3a04cd983,1211,MUFIL2_UI_BASELINE
Mufil-2/app/src/main/java/com/movefuel/mufil2/ui/screens/trn/TRN_018_ProgramRevisionHistory.kt,f66e417a63036456f2b81077c89332dabfaabe9b,1240,MUFIL2_UI_BASELINE
Mufil-2/app/src/main/java/com/movefuel/mufil2/ui/screens/trn/TRN_019_RecentWorkouts.kt,eaec574af0e5c07fbc61af9808c713789e5bd058,1255,MUFIL2_UI_BASELINE
Mufil-2/app/src/main/java/com/movefuel/mufil2/ui/screens/trn/TRN_020_TrainLoading.kt,242f8b3628e8f784f0184602ecfa58767b3745c8,1133,MUFIL2_UI_BASELINE
Mufil-2/app/src/main/java/com/movefuel/mufil2/ui/screens/trn/TRN_021_TrainEmpty.kt,0938b50c3cc711a07d114cf94675e84e2aa7309c,1134,MUFIL2_UI_BASELINE
Mufil-2/app/src/main/java/com/movefuel/mufil2/ui/screens/trn/TRN_022_TrainUnknown.kt,a5ea7425620d4248efed2b513689ee8f94c32411,1144,MUFIL2_UI_BASELINE
Mufil-2/app/src/main/java/com/movefuel/mufil2/ui/screens/trn/TRN_023_TrainOffline.kt,f6c72bc7d31970e1409b6b825c60c6828ee0a006,1144,MUFIL2_UI_BASELINE
Mufil-2/app/src/main/java/com/movefuel/mufil2/ui/screens/trn/TRN_024_TrainStale.kt,f42a5de47764a9a8af5de5fee88d25881c573f46,1134,MUFIL2_UI_BASELINE
Mufil-2/app/src/main/java/com/movefuel/mufil2/ui/screens/trs/TRS_001_TrainSetupWelcome.kt,208ed7a781d3bf9f8c32c27fbe8692a676d36eac,1164,MUFIL2_UI_BASELINE
Mufil-2/app/src/main/java/com/movefuel/mufil2/ui/screens/trs/TRS_002_TrainingExperience.kt,cd6d2c25815d6d145c6e2b932e26c2db01bac33c,1146,MUFIL2_UI_BASELINE
Mufil-2/app/src/main/java/com/movefuel/mufil2/ui/screens/trs/TRS_003_ActivityExperience.kt,46edd2f044afb9eaa26073ade5eab51f3e4e0e32,1146,MUFIL2_UI_BASELINE
Mufil-2/app/src/main/java/com/movefuel/mufil2/ui/screens/trs/TRS_004_TrainingGoal.kt,6f7f565d3ade05f383c0b7b136a71ab06cedc1d3,1163,MUFIL2_UI_BASELINE
Mufil-2/app/src/main/java/com/movefuel/mufil2/ui/screens/trs/TRS_005_PreferredActivities.kt,d2cf9bbbdc4257312de9bae9238a2073428a1844,1191,MUFIL2_UI_BASELINE
Mufil-2/app/src/main/java/com/movefuel/mufil2/ui/screens/trs/TRS_006_Environment.kt,1b733717fce5b414119d04a51dceab45a341bf17,1104,MUFIL2_UI_BASELINE
Mufil-2/app/src/main/java/com/movefuel/mufil2/ui/screens/trs/TRS_007_Equipment.kt,6845cc2c6ac542b8d14b2ed65d9cb52d1f43e72c,1113,MUFIL2_UI_BASELINE
Mufil-2/app/src/main/java/com/movefuel/mufil2/ui/screens/trs/TRS_008_WeeklyAvailability.kt,461c62a848f5a786aa3a98566f0c79eede273032,1125,MUFIL2_UI_BASELINE
Mufil-2/app/src/main/java/com/movefuel/mufil2/ui/screens/trs/TRS_009_PreferredDays.kt,90381832e262e578ec3ac4e72715823cef52cb6e,1105,MUFIL2_UI_BASELINE
Mufil-2/app/src/main/java/com/movefuel/mufil2/ui/screens/trs/TRS_010_PreferredTime.kt,ba1034878b8e0fd09d2882bfeb07ce2c39d5f91b,1105,MUFIL2_UI_BASELINE
Mufil-2/app/src/main/java/com/movefuel/mufil2/ui/screens/trs/TRS_011_SessionDuration.kt,66bcdd323b1a6232a33ce624fc0526f658270198,1113,MUFIL2_UI_BASELINE
Mufil-2/app/src/main/java/com/movefuel/mufil2/ui/screens/trs/TRS_012_ExercisePreferences.kt,69507e0b7ca057ab17b117278b44f6540e851855,1114,MUFIL2_UI_BASELINE
Mufil-2/app/src/main/java/com/movefuel/mufil2/ui/screens/trs/TRS_013_ExerciseDislikes.kt,dfcf137670d0fc973b0b874264ab45ef3a94a958,1102,MUFIL2_UI_BASELINE
Mufil-2/app/src/main/java/com/movefuel/mufil2/ui/screens/trs/TRS_014_MovementLimitations.kt,e61eb79dab85dcb598504b3a8abcc4ab4da64db9,1114,MUFIL2_UI_BASELINE
Mufil-2/app/src/main/java/com/movefuel/mufil2/ui/screens/trs/TRS_015_LongTermRestrictions.kt,b1efba7338f752bd73544b2c827cce26736a845e,1119,MUFIL2_UI_BASELINE
Mufil-2/app/src/main/java/com/movefuel/mufil2/ui/screens/trs/TRS_016_PainSafety.kt,bbe8cf746dda7be63e81a980ae2461e375e2cec2,1129,MUFIL2_UI_BASELINE
Mufil-2/app/src/main/java/com/movefuel/mufil2/ui/screens/trs/TRS_017_SorenessSetup.kt,1b02049eb321e4757cce8ad3affb4f14b93bf3fd,1125,MUFIL2_UI_BASELINE
Mufil-2/app/src/main/java/com/movefuel/mufil2/ui/screens/trs/TRS_018_ReadinessSetup.kt,0ec145c6be3bea143687e3adfeecfa6d0605f119,1113,MUFIL2_UI_BASELINE
Mufil-2/app/src/main/java/com/movefuel/mufil2/ui/screens/trs/TRS_019_PerformanceBaseline.kt,920935d53fa2e4508f25ff3cff015eff571bd9f2,1178,MUFIL2_UI_BASELINE
Mufil-2/app/src/main/java/com/movefuel/mufil2/ui/screens/trs/TRS_020_PlanPreview.kt,7bec4566d526f0079761df2d842932fa814fd865,1150,MUFIL2_UI_BASELINE
Mufil-2/app/src/main/java/com/movefuel/mufil2/ui/screens/war/WAR_001_WearToday.kt,89e1ddfc6e05736110ba6250a0a96a5aa952bd59,1185,MUFIL2_UI_BASELINE
Mufil-2/app/src/main/java/com/movefuel/mufil2/ui/screens/war/WAR_002_WearReadiness.kt,d741c12639bafd9b7c47a2cc80723b2eb5a65434,1171,MUFIL2_UI_BASELINE
Mufil-2/app/src/main/java/com/movefuel/mufil2/ui/screens/war/WAR_003_WearWorkoutPreview.kt,102febfe6bb975b46e47f6939aece890f739072a,1210,MUFIL2_UI_BASELINE
Mufil-2/app/src/main/java/com/movefuel/mufil2/ui/screens/war/WAR_004_WearActiveExercise.kt,80d81dcfda3d83da4567fb201cd9a5e1f1489d02,1142,MUFIL2_UI_BASELINE
Mufil-2/app/src/main/java/com/movefuel/mufil2/ui/screens/war/WAR_005_WearSetInput.kt,051f8b51535dc9685e57de6783abfdeb99525573,1108,MUFIL2_UI_BASELINE
Mufil-2/app/src/main/java/com/movefuel/mufil2/ui/screens/war/WAR_006_WearCompleteSet.kt,8d9e17845dc273ce5b8125971f0a1bbf96a0546f,1132,MUFIL2_UI_BASELINE
Mufil-2/app/src/main/java/com/movefuel/mufil2/ui/screens/war/WAR_007_WearRestTimer.kt,8c60bfa5e2a1d8f60104586faba55765f5eef9f2,1148,MUFIL2_UI_BASELINE
Mufil-2/app/src/main/java/com/movefuel/mufil2/ui/screens/war/WAR_008_WearSubstitute.kt,45b6a1af98f06ae205f2582ec26fd01f98ac06d3,1111,MUFIL2_UI_BASELINE
Mufil-2/app/src/main/java/com/movefuel/mufil2/ui/screens/war/WAR_009_WearPause.kt,3d6d3d89dcbda22f0ee024ed76503345e24945ee,1063,MUFIL2_UI_BASELINE
Mufil-2/app/src/main/java/com/movefuel/mufil2/ui/screens/war/WAR_010_WearFinish.kt,6ebd6f17611f650c2dbb99f63a6cc47a5b3ad97b,1099,MUFIL2_UI_BASELINE
Mufil-2/app/src/main/java/com/movefuel/mufil2/ui/screens/war/WAR_011_WearSummary.kt,a6722724eacfe95501ed731cfba5fe2122c7c1ab,1135,MUFIL2_UI_BASELINE
Mufil-2/app/src/main/java/com/movefuel/mufil2/ui/screens/war/WAR_012_WearSyncPending.kt,bad8bb9a8ddde2de57d9b65318ae4ee52d2bc70c,1222,MUFIL2_UI_BASELINE
Mufil-2/app/src/main/java/com/movefuel/mufil2/ui/screens/wrk/WRK_001_PreWorkout.kt,ee300f3d5d6727051df46b5378e3d92d35565a5f,1164,MUFIL2_UI_BASELINE
Mufil-2/app/src/main/java/com/movefuel/mufil2/ui/screens/wrk/WRK_002_WorkoutStart.kt,d91c4f3a728b3afc4a216be21c7a9fa6a11a565b,1172,MUFIL2_UI_BASELINE
Mufil-2/app/src/main/java/com/movefuel/mufil2/ui/screens/wrk/WRK_003_ActiveExercise.kt,fbb8d917e9d4d0c6763d4c0039c65a4156ac67d6,1167,MUFIL2_UI_BASELINE
Mufil-2/app/src/main/java/com/movefuel/mufil2/ui/screens/wrk/WRK_004_ExerciseMediaLoading.kt,36249462313863ab6c7b4f3ad5e0feaf2635aefb,1212,MUFIL2_UI_BASELINE
Mufil-2/app/src/main/java/com/movefuel/mufil2/ui/screens/wrk/WRK_005_ExerciseInstructions.kt,899463cfd825c2abf207640617fcc3bfc0ad03ce,1265,MUFIL2_UI_BASELINE
Mufil-2/app/src/main/java/com/movefuel/mufil2/ui/screens/wrk/WRK_006_SetInput.kt,6f663f79567479fef8ac2f45451d844b53d292db,1175,MUFIL2_UI_BASELINE
Mufil-2/app/src/main/java/com/movefuel/mufil2/ui/screens/wrk/WRK_007_RepsInput.kt,79186d39edf5aed10239213f2c4a9405a81b3a89,1179,MUFIL2_UI_BASELINE
Mufil-2/app/src/main/java/com/movefuel/mufil2/ui/screens/wrk/WRK_008_LoadInput.kt,6ab82dd59bbef6007c45ec9e17a10520ef075b93,1064,MUFIL2_UI_BASELINE
Mufil-2/app/src/main/java/com/movefuel/mufil2/ui/screens/wrk/WRK_009_TimeInput.kt,a1427fedfaa18b5a74c76c7f93ee0083d079873e,1064,MUFIL2_UI_BASELINE
Mufil-2/app/src/main/java/com/movefuel/mufil2/ui/screens/wrk/WRK_010_DistanceInput.kt,c693c5468da2d784a71106ab3245aa82295a2424,1084,MUFIL2_UI_BASELINE
Mufil-2/app/src/main/java/com/movefuel/mufil2/ui/screens/wrk/WRK_011_RPEInput.kt,8fc3bdd4cf09070aee7932f119b4c6c109ae5d7b,1112,MUFIL2_UI_BASELINE
Mufil-2/app/src/main/java/com/movefuel/mufil2/ui/screens/wrk/WRK_012_ReviewSet.kt,93484383846b9006738e9ad8c98a4163561957e2,1178,MUFIL2_UI_BASELINE
Mufil-2/app/src/main/java/com/movefuel/mufil2/ui/screens/wrk/WRK_013_CompleteSet.kt,dc7a92f4272d155ac98ca4067ee22ca45cc16528,1186,MUFIL2_UI_BASELINE
Mufil-2/app/src/main/java/com/movefuel/mufil2/ui/screens/wrk/WRK_014_RestTimer.kt,cbad9587d28d0ab12e3d09def4469e5fad942d7c,1216,MUFIL2_UI_BASELINE
Mufil-2/app/src/main/java/com/movefuel/mufil2/ui/screens/wrk/WRK_015_ExtendRest.kt,70bb85c78202880bf70744a8f5e86bb0e7ba50d7,1220,MUFIL2_UI_BASELINE
Mufil-2/app/src/main/java/com/movefuel/mufil2/ui/screens/wrk/WRK_016_SkipRest.kt,a29ecd1525adebc2ced1b77589327d53fe928ef9,1212,MUFIL2_UI_BASELINE
Mufil-2/app/src/main/java/com/movefuel/mufil2/ui/screens/wrk/WRK_017_NextSet.kt,0ed409b1fe0101c6f58f98a4829bd46ecce18250,1163,MUFIL2_UI_BASELINE
Mufil-2/app/src/main/java/com/movefuel/mufil2/ui/screens/wrk/WRK_018_ExerciseComplete.kt,a07c1de9ead347c41275921dc562efebc4aa26c7,1199,MUFIL2_UI_BASELINE
Mufil-2/app/src/main/java/com/movefuel/mufil2/ui/screens/wrk/WRK_019_NextExercise.kt,3fc70d458d8f8ecaad28dadb7160e073871a210e,1183,MUFIL2_UI_BASELINE
Mufil-2/app/src/main/java/com/movefuel/mufil2/ui/screens/wrk/WRK_020_SubstituteExercise.kt,47e5794079ce48ff0bbea6b9f7f4d6f4d7f62ff3,1231,MUFIL2_UI_BASELINE
Mufil-2/app/src/main/java/com/movefuel/mufil2/ui/screens/wrk/WRK_021_SubstitutionCandidates.kt,2f80bfa0be9bd52a692a6ea846064b1aebc202f1,1247,MUFIL2_UI_BASELINE
Mufil-2/app/src/main/java/com/movefuel/mufil2/ui/screens/wrk/WRK_022_SubstitutionDetail.kt,101d53f917433e96b562eeba53f7a825c3641157,1231,MUFIL2_UI_BASELINE
Mufil-2/app/src/main/java/com/movefuel/mufil2/ui/screens/wrk/WRK_023_ConfirmSubstitute.kt,f24420b0f5e4e2795ac3d2dca0af43bb449e3308,1227,MUFIL2_UI_BASELINE
Mufil-2/app/src/main/java/com/movefuel/mufil2/ui/screens/wrk/WRK_024_SkipSet.kt,a995ea90dda1938ef87b80c9b138485ec9b5aeaa,1118,MUFIL2_UI_BASELINE
Mufil-2/app/src/main/java/com/movefuel/mufil2/ui/screens/wrk/WRK_025_SkipExercise.kt,ab9a1e5573aabce7297881bf797d1acdacef1c56,1138,MUFIL2_UI_BASELINE
Mufil-2/app/src/main/java/com/movefuel/mufil2/ui/screens/wrk/WRK_026_WorkoutNote.kt,ec620be5bc31e5a8979c59a538bbf20169cc6b16,1051,MUFIL2_UI_BASELINE
Mufil-2/app/src/main/java/com/movefuel/mufil2/ui/screens/wrk/WRK_027_PauseWorkout.kt,4063a7aef3d6120d3e9518891a6b29b128ab8e71,1109,MUFIL2_UI_BASELINE
Mufil-2/app/src/main/java/com/movefuel/mufil2/ui/screens/wrk/WRK_028_ResumeWorkout.kt,e489a2409f53a54681100f015556c96a459e3d4a,1113,MUFIL2_UI_BASELINE
Mufil-2/app/src/main/java/com/movefuel/mufil2/ui/screens/wrk/WRK_029_PainSafetyPause.kt,0718478f4284b3e88ec470520acdc6b0541a8e63,1164,MUFIL2_UI_BASELINE
Mufil-2/app/src/main/java/com/movefuel/mufil2/ui/screens/wrk/WRK_030_FinishEarlyConfirmation.kt,ce4325c73eec3d280eab29edc35a66829670f910,1166,MUFIL2_UI_BASELINE
Mufil-2/app/src/main/java/com/movefuel/mufil2/ui/screens/wrk/WRK_031_PostWorkoutCheckIn.kt,57944b24c87c8ec9ae793fba21c9f2e8644669a0,1197,MUFIL2_UI_BASELINE
Mufil-2/app/src/main/java/com/movefuel/mufil2/ui/screens/wrk/WRK_032_WorkoutSummary.kt,890924d909b8cab9bb45665f2e3852d7abecfd79,1345,MUFIL2_UI_BASELINE
Mufil-2/app/src/main/res/values/themes.xml,a74ed6bd0f8eea8cc5b84aab0556a84ae12b2fa4,357,MUFIL2_UI_BASELINE
Mufil-2/audit/MOVEFUEL_400_SCREEN_CONTROL_AUDIT.csv,c2d8f69730c5f19756d799965b6c3a2c339c8212,358356,MUFIL2_UI_BASELINE
Mufil-2/audit/MOVEFUEL_BUTTON_ACTION_CONTRACT.csv,59290ff04e5e3c02283904a9936eec07331a171b,292364,MUFIL2_UI_BASELINE
Mufil-2/audit/MOVEFUEL_CONTROL_AUDIT_SUMMARY.md,cc5627f06927ae81540f59883a9a6011677c08e0,5945,MUFIL2_UI_BASELINE
Mufil-2/audit/MOVEFUEL_FAMILY_CONTROL_COUNTS.csv,32cf5c56d679eda372c6f36f90d19492a276803a,1079,MUFIL2_UI_BASELINE
Mufil-2/audit/MOVEFUEL_IMPLEMENTATION_PLAN.md,6bc2599ca27c92b12b0cb8a2e6eda84f6f1e175f,3572,MUFIL2_UI_BASELINE
Mufil-2/audit/MOVEFUEL_PERMISSION_SENSOR_MATRIX.csv,47905396f1bd1b377db0553f4345b296a3cbef31,3008,MUFIL2_UI_BASELINE
Mufil-2/BUILD_STATUS.md,6563875fbfd82f996ca9a42b3a4775435888b31f,998,MUFIL2_UI_BASELINE
Mufil-2/build.gradle.kts,9e323e8534811c2c18b814ad53a638b63c1452bd,149,MUFIL2_UI_BASELINE
Mufil-2/database/architecture/FULL_PRODUCT_SCHEMA_EXPANSION.md,5176ab3b0515e873de587f52f474e19ef2784491,2643,MUFIL2_UI_BASELINE
Mufil-2/database/architecture/MOVEFUEL_81_ERD.md,5a7b5dd269c88510faa60ebf82ee07aeb835a9c4,3109,MUFIL2_UI_BASELINE
Mufil-2/database/architecture/MOVEFUEL_81_RELATIONSHIPS.csv,3abfba02b0bd68abef40067a1e1b879228a2c227,3087,MUFIL2_UI_BASELINE
Mufil-2/database/architecture/MOVEFUEL_81_TABLE_MANIFEST.csv,a68824d2592c4f86d2ca6a4f70ffa1ff501c0200,5381,MUFIL2_UI_BASELINE
Mufil-2/database/azure-sql/001_movefuel_core_81.sql,3ac1566428a0edd3c7195509004c6eb898c5b2ce,75729,MUFIL2_UI_BASELINE
Mufil-2/database/azure-sql/010_draft_full_product_additions_29.sql,5054c7add52f4ae98adcd32752d40a3d77b9f811,17342,MUFIL2_UI_BASELINE
Mufil-2/database/azure-sql/020_draft_food_barcode_catalog_15.sql,6e452db6a1888d8cb17eb7aef283eb9eadaf9062,5370,MUFIL2_UI_BASELINE
Mufil-2/database/README.md,64bf3c6232fa33550bb0922c30b147aa2aeebf73,643,MUFIL2_UI_BASELINE
Mufil-2/database/sqlite/001_movefuel_phone_offline_32.sql,20586d7f273328c1f45a37d46b3620f2a6867549,8456,MUFIL2_UI_BASELINE
Mufil-2/database/sqlite/002_movefuel_wear_offline_4.sql,7fa91aa2b05fd6aeaecc110c381b7be140897989,1726,MUFIL2_UI_BASELINE
Mufil-2/database/training/TRAINING_141_CONNECTION_MAP.md,f08e4c1b1441eaceb3e7fa3c30efc9e88c5ec163,4883,MUFIL2_UI_BASELINE
Mufil-2/database/training/TRAINING_141_TABLE_INDEX.csv,cdf86f36bfe2623783bac12494f1852ff9956a9e,22752,MUFIL2_UI_BASELINE
Mufil-2/gradle.properties,ffe335a5d647351f52938c923aa601f190bee42b,160,MUFIL2_UI_BASELINE
Mufil-2/README.md,33c1107f84320d85884a615b0f4a42bcea7b0f45,2347,MUFIL2_UI_BASELINE
Mufil-2/SCREEN_REGISTRY_404.csv,337d5c847283354e506e310b40b51779758b326a,53673,MUFIL2_UI_BASELINE
Mufil-2/settings.gradle.kts,d6c9a9f0ad1a682a8e5656a2981cb5a4a44e0a2b,325,MUFIL2_UI_BASELINE
Mufil-2/VISUAL_TARGET_IMPLEMENTATION.md,c01ac30ca73a186f36c240fe00dc957fe319a8ff,932,MUFIL2_UI_BASELINE
package.json,99613ade5ce1c3658fd624d274a8040bdd950efb,147,OTHER
README.md,d22df269aa1643baf225b9bed9b19efec3c795f6,4545,OTHER
research/algorithm-validation/acquire-vision-benchmarks.py,ed1a4888b662a6d5158ea06f410cb6af76a04ea7,10140,RESEARCH
research/algorithm-validation/CURRENT-PUBLIC-SOURCE-VERIFICATION-2026-08-10.md,41d667827ebaeb1b1e3b233bac46a4bd3d4c80ac,5916,RESEARCH
research/algorithm-validation/depth-rgbd-benchmark.py,cae2d741e99220536b79668c85f7e8de1ab01e46,4493,RESEARCH
research/algorithm-validation/foodseg-foreground-benchmark.py,4fd992fc6fdb3da54d49aca8573b04e2118b093b,4695,RESEARCH
research/algorithm-validation/nutrition5k-rgbd-physical-evidence.py,a2243994767da174b2063d353cd949f514014b0d,6665,RESEARCH
research/algorithm-validation/pack-results-v6.sh,ec849ce0d10aacda9d4c02a52fb2c8301b70816a,1014,RESEARCH
research/algorithm-validation/pack-results.sh,ab2515ef057f9d8df00247eb2a4f04e23995b7c7,1295,RESEARCH
research/algorithm-validation/README.md,01c9efd50d204a67a2cf5ab5a1340d4e47429c40,3662,RESEARCH
research/algorithm-validation/REQUIREMENTS-LATER.md,49a427710cc1a4e8dd6554d664bebaf46b31eed2,1046,RESEARCH
research/algorithm-validation/run_comprehensive_validation.py,dfaa33941b220e3f0e4117d1b0ab7e78bdc2ad82,47596,RESEARCH
research/algorithm-validation/run_validation.py,27ae0dd55a69469ed116eb962495a1daf6e0f853,32630,RESEARCH
research/algorithm-validation/run-all-public-v6.sh,9d449a5c1a2bbbe03ce24c41892a18626d393605,420,RESEARCH
research/algorithm-validation/scripts/redact.py,e2a106bca2d65a033bb73594157a2cd90e89f044,1064,RESEARCH
research/algorithm-validation/setup-depth-anything-v2.sh,c55376438ea2996bec404cdf900de483e6dd50c8,2004,RESEARCH
research/algorithm-validation/setup.sh,b2901b5162ebe6e1dea8dc73439f58053a34cf1f,1703,RESEARCH
research/algorithm-validation/status.sh,e5d7c3741cfebb392db0676469bee67df41be425,781,RESEARCH
research/algorithm-validation/templates/launch-market-weighed-meals.csv,45c280d7d26bbe42caecb86ab08a92c54e842954,209,RESEARCH
research/algorithm-validation/templates/regional-weighed-meals.csv,7e25fc485ecc07aee049cd941e806f80a1edc194,211,RESEARCH
research/algorithm-validation/test-nutrition5k-rgbd-physical-evidence.py,ea3bddd0d335769c40b224bc820aaf248808bd48,1379,RESEARCH
research/algorithm-validation/validate-all.sh,773d4f05901f3dea1ad7cc582e22d6ec40724e17,1629,RESEARCH
research/algorithm-validation/validate-v6.sh,005d17abf4bc3a0731c93385cfdd0a60fc711eb0,2354,RESEARCH
research/algorithm-validation/validate.sh,c620f0658ac4c983bfb5f642bf295b05ba9ec77c,2214,RESEARCH
research/algorithm-validation/validation-config.example.json,6b13be7a8d7353e61e92d25f8a3c20a056333678,977,RESEARCH
research/algorithm-validation/verified-source-ledger-2026-08-10.json,546100c2839a684d4c4222d6e3c0d6c97f4b9aed,12223,RESEARCH
research/nutrition-research/.gitignore,eae047382ba0f0d0b8a09cf4f5c97a7f149550a3,145,RESEARCH
research/nutrition-research/ADR/ADR-001-USDA-first-nutrition-authority.md,238a5a38d6a5c9be329ff04c4bfa8f6e317c9d92,1958,RESEARCH
research/nutrition-research/ADR/ADR-002-bulk-catalogue-and-API-refresh.md,96efa736b4bd47fa5e249933d79a24b809554f93,1651,RESEARCH
research/nutrition-research/ADR/ADR-003-portion-range-not-exact-weight.md,bf820f29fc67d0c299c5cca40278eb5d49df16a9,1348,RESEARCH
research/nutrition-research/ADR/ADR-004-model-and-licence-boundary.md,8e897529bf1a5c9705604213020ee01230c305b5,1468,RESEARCH
research/nutrition-research/benchmark/benchmark-manifest.schema.json,fc060b9f3b3fa307fd56a3bbd71bfa7751d1fdc3,1079,RESEARCH
research/nutrition-research/benchmark/benchmark-manifest.template.json,ef9256a3c2c1cee67c37459f0d0ec3348391c6ac,535,RESEARCH
research/nutrition-research/benchmark/benchmark-plan.json,a5f510f31e7ab67ac4e0a758b8f8656665d33706,10097,RESEARCH
research/nutrition-research/benchmark/benchmark-result.schema.json,964b689f18272f9ea1f8b42117e050919ecd6844,6001,RESEARCH
research/nutrition-research/benchmark/benchmark-sample.schema.json,9abb17d3dafc85c0a4487640f171f21c0a4be978,3843,RESEARCH
research/nutrition-research/benchmark/benchmark-sample.template.json,e003a999b8fc9b3837d60f4848c0d1a93573268a,961,RESEARCH
research/nutrition-research/benchmark/benchmark-samples.template.csv,c9b6cc7645ed34c85a99e54e900e82f882dd1f36,703,RESEARCH
research/nutrition-research/benchmark/internet-corpus/attribution/attribution.json,0b8c5d64d445633a98e2e93290409049b5e1663e,13845,RESEARCH
research/nutrition-research/benchmark/internet-corpus/attribution/ATTRIBUTION.md,da54e91c0f3708e3c62fe3236044f1e3cb511af4,4075,RESEARCH
research/nutrition-research/benchmark/internet-corpus/images/ic-001.png,65545c654301c0e3dd09f0815c6322c978d536d9,428028,RESEARCH
research/nutrition-research/benchmark/internet-corpus/images/ic-002.png,4bb96d1d6bb90829d8ff996eb734e1c5270f9739,437200,RESEARCH
research/nutrition-research/benchmark/internet-corpus/images/ic-003.png,583ba6b86e6856f7036e591420d2a7923317aa79,440627,RESEARCH
research/nutrition-research/benchmark/internet-corpus/images/ic-004.png,c4581b16b7218c11aa4daee49c5470d48df36fe3,352832,RESEARCH
research/nutrition-research/benchmark/internet-corpus/images/ic-005.png,81dc86f30418150702a98577f1dc12a0465e837f,398969,RESEARCH
research/nutrition-research/benchmark/internet-corpus/images/ic-006.png,f2801337bede4473684feb20ec2ca1afc8e4c04a,311054,RESEARCH
research/nutrition-research/benchmark/internet-corpus/images/ic-007.png,4d6ebf5108c12cfe0ac355f8cc061cc72e9720a9,317650,RESEARCH
research/nutrition-research/benchmark/internet-corpus/images/ic-008.png,e836774bf4fa64d930c17c5bfe94cb1a87a43e82,283947,RESEARCH
research/nutrition-research/benchmark/internet-corpus/images/ic-009.png,a0095ba968718c24bfb9eb268589c66eb604f62f,480987,RESEARCH
research/nutrition-research/benchmark/internet-corpus/images/ic-010.png,744698be600d0edecb3a115cd807d2bf35822446,389006,RESEARCH
research/nutrition-research/benchmark/internet-corpus/images/ic-011.jpg,ab15d50353c06a415d81a26c3987371e32505017,129814,RESEARCH
research/nutrition-research/benchmark/internet-corpus/images/ic-012.jpg,eba37f5a61bcf6cc8f0c932331b8cf0640363866,276818,RESEARCH
research/nutrition-research/benchmark/internet-corpus/images/ic-013.jpg,9318f3cc5c1c753547becaef9c048fc3958f58f4,263429,RESEARCH
research/nutrition-research/benchmark/internet-corpus/images/ic-014.jpg,a02958e3560970921252293b169035c59bd8f2e1,211955,RESEARCH
research/nutrition-research/benchmark/internet-corpus/images/ic-015.jpg,d444d5c788dce59e6498a1edd97b9f2375cb760a,447013,RESEARCH
research/nutrition-research/benchmark/internet-corpus/images/ic-016.jpg,ea12fb7837ad6f07ffa7fb811ab15202c97b0810,312660,RESEARCH
research/nutrition-research/benchmark/internet-corpus/images/ic-017.jpg,6310b8372fef16efb6b6e209da0e7b9da3c7e082,300548,RESEARCH
research/nutrition-research/benchmark/internet-corpus/images/ic-018.jpg,b05d9e439b9708e41efb8437691de2d4e9c553fe,330251,RESEARCH
research/nutrition-research/benchmark/internet-corpus/images/ic-019.jpg,c3d785f1f5e717e7f338c814a359a7147e881042,396236,RESEARCH
research/nutrition-research/benchmark/internet-corpus/images/ic-020.jpg,0e3c17d99e12464ecb12f148fb61482e44fc069f,263884,RESEARCH
research/nutrition-research/benchmark/internet-corpus/images/ic-021.jpg,63d5803a95433d41383093160bb7a031eb4945cc,128240,RESEARCH
research/nutrition-research/benchmark/internet-corpus/images/ic-022.jpg,a3bdec9e8d4a2d22b6eeab9ff36d942cb9362c85,409518,RESEARCH
research/nutrition-research/benchmark/internet-corpus/images/ic-023.jpg,c56893c759ff17b590c41391b63e649aa730fd10,157414,RESEARCH
research/nutrition-research/benchmark/internet-corpus/images/ic-024.jpg,9b9e57dd6830ea3084a36f397844824f93f50c30,316858,RESEARCH
research/nutrition-research/benchmark/internet-corpus/images/ic-025.jpg,73a9825fdc0d5498bf2375e115a3209d1ee9d532,290042,RESEARCH
research/nutrition-research/benchmark/internet-corpus/images/ic-026.jpg,8705249867d065ad77178daad310f1ec2fefa15c,276907,RESEARCH
research/nutrition-research/benchmark/internet-corpus/images/ic-027.jpg,6e4f220e71029ae5c94c2a30523500434700621b,367144,RESEARCH
research/nutrition-research/benchmark/internet-corpus/images/ic-028.jpg,5805b7bd15b8abbfd42efa8fc49412b8ec6249bc,309762,RESEARCH
research/nutrition-research/benchmark/internet-corpus/images/ic-029.jpg,4c80665b0f841b80b931154e924d19a285327c65,179674,RESEARCH
research/nutrition-research/benchmark/internet-corpus/images/ic-030.jpg,86c809435056393ee79c685d29cbe990cb160d95,215843,RESEARCH
research/nutrition-research/benchmark/internet-corpus/manifest.json,c395d5203f4e8955d592f177100c07a6752ac505,11371,RESEARCH
research/nutrition-research/benchmark/internet-corpus/samples/ic-001.json,1576bfca75540515d182064a068c7f29f77d87a2,3358,RESEARCH
research/nutrition-research/benchmark/internet-corpus/samples/ic-002.json,6702fd8e49f8dd5cb6fd9e17db80e3bc2d5be27b,3721,RESEARCH
research/nutrition-research/benchmark/internet-corpus/samples/ic-003.json,91278215e28917c8e1920605a68668395e99b610,3082,RESEARCH
research/nutrition-research/benchmark/internet-corpus/samples/ic-004.json,0fdc5614414a1d8db45c0c3db44bb66f78ea82af,3148,RESEARCH
research/nutrition-research/benchmark/internet-corpus/samples/ic-005.json,53c772bb028998b927fc92c8f66d13ad4ad60201,2720,RESEARCH
research/nutrition-research/benchmark/internet-corpus/samples/ic-006.json,d824896f6286d321f79222e9b42268c61a93a7c6,2798,RESEARCH
research/nutrition-research/benchmark/internet-corpus/samples/ic-007.json,3e86350a2a158cde62c847f4237dd71620005e75,3084,RESEARCH
research/nutrition-research/benchmark/internet-corpus/samples/ic-008.json,d974a7c9e2cdc43a0287325cbcd19b78e2080025,2264,RESEARCH
research/nutrition-research/benchmark/internet-corpus/samples/ic-009.json,939793cdd71724d3ba110702d73b41f77e0061fc,2179,RESEARCH
research/nutrition-research/benchmark/internet-corpus/samples/ic-010.json,e6faa32f5ceb274a315206526c4bbde410d2fab7,2387,RESEARCH
research/nutrition-research/benchmark/internet-corpus/samples/ic-011.json,e22d18e0a52b280c74aa925396e2ec8187018b7b,1462,RESEARCH
research/nutrition-research/benchmark/internet-corpus/samples/ic-012.json,69492f56760e519ff0d5ceed8f42bfd6306ad1d3,1401,RESEARCH
research/nutrition-research/benchmark/internet-corpus/samples/ic-013.json,e5bda56d2e775a0e1634337f31da8914ccfa4057,1517,RESEARCH
research/nutrition-research/benchmark/internet-corpus/samples/ic-014.json,db061b8e3c697e4d8ce1ebfe81d66c0aa6438559,1385,RESEARCH
research/nutrition-research/benchmark/internet-corpus/samples/ic-015.json,f968d2c547454e7c4de2b8a79eefe594ebc8a890,1424,RESEARCH
research/nutrition-research/benchmark/internet-corpus/samples/ic-016.json,30c2121900a98251a5781a805861136766a135ef,1492,RESEARCH
research/nutrition-research/benchmark/internet-corpus/samples/ic-017.json,3e2169130df33c472de5bf9b4ec1c3b3bea7c809,1468,RESEARCH
research/nutrition-research/benchmark/internet-corpus/samples/ic-018.json,42bbe16cabf274923913047eec2c1da849ab3b45,1421,RESEARCH
research/nutrition-research/benchmark/internet-corpus/samples/ic-019.json,339e9aa80d879524218499cbdc95c1b80b7dd116,1438,RESEARCH
research/nutrition-research/benchmark/internet-corpus/samples/ic-020.json,ad53fb069e39b10314f639abb6465942fca53d15,1417,RESEARCH
research/nutrition-research/benchmark/internet-corpus/samples/ic-021.json,bb198c9530a9b76fe4803ead0502b74da212e43c,1475,RESEARCH
research/nutrition-research/benchmark/internet-corpus/samples/ic-022.json,d8e5bb9d8ff95f61fe1855b0981ef1a6ca1858d9,1455,RESEARCH
research/nutrition-research/benchmark/internet-corpus/samples/ic-023.json,71e092fc3487e09c5609faac10120604ebda5e36,1433,RESEARCH
research/nutrition-research/benchmark/internet-corpus/samples/ic-024.json,679c843103693be584ad093a95ee9c9a0b233917,1453,RESEARCH
research/nutrition-research/benchmark/internet-corpus/samples/ic-025.json,8b574ff29b36ebf64c73aa1107ffaab2f7174919,1463,RESEARCH
research/nutrition-research/benchmark/internet-corpus/samples/ic-026.json,08e90cb03441af037147be6f95279f1c3524362e,1480,RESEARCH
research/nutrition-research/benchmark/internet-corpus/samples/ic-027.json,a646d31e38a1ffec5a79f7bae7bb7c6d60460515,1469,RESEARCH
research/nutrition-research/benchmark/internet-corpus/samples/ic-028.json,745273a9cd355dc87cbc121e2679b3ef43c4a660,1468,RESEARCH
research/nutrition-research/benchmark/internet-corpus/samples/ic-029.json,3437051f238cd514b48af197ac0c9e86135c1f3c,1475,RESEARCH
research/nutrition-research/benchmark/internet-corpus/samples/ic-030.json,f89cc29c9ab7e17ec462e7827b740b49d61ff33e,1480,RESEARCH
research/nutrition-research/benchmark/README.md,e42ca1a9da524e4e44c338d031c785d9e73a577c,1773,RESEARCH
research/nutrition-research/benchmark/v4/calorie-predictions.template.csv,3eb0da7ac9301b56628df1e745cd6b4069e8d7c0,1129,RESEARCH
research/nutrition-research/benchmark/v4/nutrition5k-ground-truth-15pct.json,90c24718de6edac305656721992b3d0586d9ca06,5829,RESEARCH
research/nutrition-research/benchmark/v4/web-usda-derived-spot-checks.json,0cce8492ee7b48f35f26db6efb8e3fda05d1b352,2570,RESEARCH
research/nutrition-research/benchmark/v6/blind-inference-manifest.json,2e0a1de65af8906577254692840368cf0bfab942,4126,RESEARCH
research/nutrition-research/benchmark/v6/blind-predictions.template.csv,3eb0da7ac9301b56628df1e745cd6b4069e8d7c0,1129,RESEARCH
research/nutrition-research/benchmark/v6/nutrition5k-sealed-ground-truth.json,90c24718de6edac305656721992b3d0586d9ca06,5829,RESEARCH
research/nutrition-research/data-sources/step1-sources.v1.json,709847f87215d5352abf197809ad78c37f2d639f,8623,RESEARCH
research/nutrition-research/database/algorithm-calibration-wave.v1.json,564bc582e43d5af0c158c7f3a62f91c3efb7062b,16697,RESEARCH
research/nutrition-research/database/algorithm-runtime-wave.v1.json,df67d320b9f8965cd487d18512a70bed18c2ec09,3483,RESEARCH
research/nutrition-research/models/vision-model-registry.v1.json,158d0820053e6729c57630daa82b5eb9ba85ccf6,709,RESEARCH
research/nutrition-research/python/movefuel_fdc.egg-info/dependency_links.txt,8b137891791fe96927ad78e64b0aad7bded08bdc,1,RESEARCH
research/nutrition-research/python/movefuel_fdc.egg-info/PKG-INFO,49362c6ea8a6a0b3c0259afe299a8b118e9c715a,521,RESEARCH
research/nutrition-research/python/movefuel_fdc.egg-info/requires.txt,6fefb9a4d2d0efeb0e596de4e1fe5adf4521c3e3,93,RESEARCH
research/nutrition-research/python/movefuel_fdc.egg-info/SOURCES.txt,d16fc97fb1c9052e655cb52e206e6f1c76ce5731,1875,RESEARCH
research/nutrition-research/python/movefuel_fdc.egg-info/top_level.txt,94e82ea7be6a60d2ffd379749c2f82ae0a0e0038,13,RESEARCH
research/nutrition-research/python/movefuel_fdc/__init__.py,668d5aa48a09f19244a2f91efd68a57f0818b243,203,RESEARCH
research/nutrition-research/python/movefuel_fdc/all_data_audit.py,ff2fd9dd4276871ba8df01f8a07c662c6022ce02,14819,RESEARCH
research/nutrition-research/python/movefuel_fdc/blind_acceptance.py,14bffd75a68246a558d605d57bcefcd4303cc1a5,9861,RESEARCH
research/nutrition-research/python/movefuel_fdc/calorie_validation.py,22c4fe012ccf8dc4a9969fbb949a4c3f24a25e4e,7358,RESEARCH
research/nutrition-research/python/movefuel_fdc/catalogue_schema.py,e22819a67b972e9f95bd24493e920c2f2c85ef36,4313,RESEARCH
research/nutrition-research/python/movefuel_fdc/cli.py,2a54e713bce2f82d7e67d6b4089dc03281001ce9,21182,RESEARCH
research/nutrition-research/python/movefuel_fdc/csv_importer.py,f75c0f07a7d3ca4c073a6d5f51424c103c2d19d9,2424,RESEARCH
research/nutrition-research/python/movefuel_fdc/density_importer.py,678f32c9bdf41c0d610d92563f83a546d2b53a55,8206,RESEARCH
research/nutrition-research/python/movefuel_fdc/depth_anything_v2_adapter.py,84d06fb7613439c41f8dbfc98e45136b1cb794c8,4369,RESEARCH
research/nutrition-research/python/movefuel_fdc/download_manager.py,a73b0d2c9ccdac61a5d876e4e3670d3fdeaf7916,14256,RESEARCH
research/nutrition-research/python/movefuel_fdc/importer.py,2078bcd0b17ef75fba3e9f72c3a2344a53e80e47,7971,RESEARCH
research/nutrition-research/python/movefuel_fdc/knowledge_base.py,53f5c64f54d8a63a2ccb5ebc76451c25a77ff767,8495,RESEARCH
research/nutrition-research/python/movefuel_fdc/knowledge_schema.py,b25f8270c55eee84176d7980011a4437e05f3ca4,7329,RESEARCH
research/nutrition-research/python/movefuel_fdc/nutrition5k_blind_set.py,9cfcf7af2c5408631dc62ab4e155c3ca4d62956c,6964,RESEARCH
research/nutrition-research/python/movefuel_fdc/nutrition5k_ground_truth.py,7f7ee29c233b95045f4b5b9ed24c725d36e2ca7f,7096,RESEARCH
research/nutrition-research/python/movefuel_fdc/nutrition5k_importer.py,743e00e9084597889f164ce8aaee4e880f27b999,9122,RESEARCH
research/nutrition-research/python/movefuel_fdc/parity_fixture.py,1680d1d678c76a6678d6048ae96a8f6245595add,3873,RESEARCH
research/nutrition-research/python/movefuel_fdc/physical_depth.py,6374ac6809f52d3c9d6ad5ac097fd57bdb6419e2,2827,RESEARCH
research/nutrition-research/python/movefuel_fdc/portion_benchmark.py,9a7c4f37efbffd6ce32422f80fc83262b43c3a09,6937,RESEARCH
research/nutrition-research/python/movefuel_fdc/recipe_builder.py,fe52f285f08814fb3ca28c2e8d439e36b99d5cea,7563,RESEARCH
research/nutrition-research/python/movefuel_fdc/regional_ground_truth.py,a1ef711dfa4cca85561936aa5dc6c998a8a01d13,5423,RESEARCH
research/nutrition-research/python/movefuel_fdc/release_manifest.py,87c2e4554a1735bc562a4bc10af08de98fe58a02,3334,RESEARCH
research/nutrition-research/python/movefuel_fdc/reporting.py,4cedf77a677728ce71c5381872649119abb4131a,2157,RESEARCH
research/nutrition-research/python/movefuel_fdc/runtime_lookup.py,b23cedbca446bdfaff24108f591ec70d19a98f3e,6137,RESEARCH
research/nutrition-research/python/movefuel_fdc/search_index.py,2e6ff15110d0a7d0d3e4a9d87c38806af75e31dc,1798,RESEARCH
research/nutrition-research/python/movefuel_fdc/source_registry.py,659a834ba4d576a26a4dee78be561faef93c9ec1,13017,RESEARCH
research/nutrition-research/python/movefuel_fdc/step1_pipeline.py,5d7333147786aaa260c13d26515c11a3e2d8ebd2,4250,RESEARCH
research/nutrition-research/python/movefuel_fdc/usda_density.py,1255f43d0d62fca9057f48ffd9296d1fe6a840d7,7166,RESEARCH
research/nutrition-research/python/movefuel_fdc/usda_live_smoke.py,0fb64843c94c8dc4a191cfea043ae90c19036abf,2782,RESEARCH
research/nutrition-research/python/movefuel_fdc/validator.py,fea2b6994078dbe4ec4fada615e8959c9e4faa53,2161,RESEARCH
research/nutrition-research/python/movefuel_fdc/vision_quality_worker.py,7a74f50253080670c693e21555f82eeeb32a8e28,485,RESEARCH
research/nutrition-research/python/movefuel_fdc/vision_quality.py,0d5fb301d8fa993bf25a72198f750b1cbc542335,3502,RESEARCH
research/nutrition-research/python/pyproject.toml,fe88adb4841e8355c00724fa299143f1220187a7,758,RESEARCH
research/nutrition-research/python/tests/test_all_data_audit.py,9c4fd87b394c8bb957e07f00eddafedf5f3896e3,4525,RESEARCH
research/nutrition-research/python/tests/test_blind_acceptance.py,9a5a1f527eab4cd0d7d29422c4c3501c89c52316,2245,RESEARCH
research/nutrition-research/python/tests/test_blind_runtime_executor_integration.py,6a5f060a05c23534f1a9677450ccc096c2996327,5679,RESEARCH
research/nutrition-research/python/tests/test_calorie_validation.py,80cf5b8908fb071a36e7e4e28eeb5f2bb55eba99,1459,RESEARCH
research/nutrition-research/python/tests/test_density_importer.py,42e9edd282cdb7f62e9b4a5507ba51d542b724c4,1795,RESEARCH
research/nutrition-research/python/tests/test_depth_anything_v2_adapter.py,3fc2146b4d4d5867e4626ffd2c7e3ea68a6d94fd,780,RESEARCH
research/nutrition-research/python/tests/test_importer.py,6480edd7c370e7ad733021b6c3446438096f83fa,3700,RESEARCH
research/nutrition-research/python/tests/test_manifest.py,60d0686abce09fe625a3a1f43d540045c97a2700,2446,RESEARCH
research/nutrition-research/python/tests/test_nutrition5k_blind_set.py,8a6a5f5c77b23c133a4eb69c07e590b8b4c5d3ca,1939,RESEARCH
research/nutrition-research/python/tests/test_nutrition5k_ground_truth.py,552431d1c0b7fdff7364bc706678c6cab96daf80,3502,RESEARCH
research/nutrition-research/python/tests/test_nutrition5k_importer.py,50d515caf395cada4b424efe4fb8d34cdcf2f388,2744,RESEARCH
research/nutrition-research/python/tests/test_physical_depth.py,08decef3576f773deab00d59e594757140d7aa19,843,RESEARCH
research/nutrition-research/python/tests/test_portion_benchmark.py,bec571061d21ebf39eb5382f633816f05022ca5a,1370,RESEARCH
research/nutrition-research/python/tests/test_public_gcs_fallback.py,f212260585de85b8a9e54b2aba36148f82f8c0f0,1429,RESEARCH
research/nutrition-research/python/tests/test_recipe.py,51a1c2bfb29c83e3d3f65289d079bc6a2dcbd04c,6670,RESEARCH
research/nutrition-research/python/tests/test_regional_ground_truth.py,b3f7622aa4ebc1350c05f888477e6c2f20357d0f,3313,RESEARCH
research/nutrition-research/python/tests/test_runtime_lookup.py,ef1a989fadca5229ab3750b806e17ca915d3b521,906,RESEARCH
research/nutrition-research/python/tests/test_step1_build.py,d179915a68e7d496708a42df42d120f9f880fbe9,3866,RESEARCH
research/nutrition-research/python/tests/test_step1_sources.py,6e0faee057c0b0e27d38504353c1eb0556f3f7f1,2417,RESEARCH
research/nutrition-research/python/tests/test_usda_density.py,fed3d803e5cb31314a024cd6f55ac4934ef9e21e,2197,RESEARCH
research/nutrition-research/python/tests/test_vision_quality_wave4.py,2fb1796a9ac8b291936ae71b11491036e1b85033,2599,RESEARCH
research/nutrition-research/python/tests/test_vision_quality.py,64a4eb9c755cb152c7d50318955e509d590be9b8,1251,RESEARCH
research/nutrition-research/python/verification-constraints.txt,f4dbea2dd89daf103ef0f8a493215b358c1e54c8,294,RESEARCH
research/nutrition-research/README.md,622bccf4cb4f2c098a3296fb1bf20307ed57b643,2417,RESEARCH
research/nutrition-research/reports/ALGORITHM_V4_SCIENCE_DATA_VALIDATION_REPORT.md,09cacb07cafa78480946f0dee64904a5c9128a26,9594,RESEARCH
research/nutrition-research/reports/BENCHMARK_PROTOCOL.md,b7970a799a523e555f1ab65aff97f65a869b8853,1528,RESEARCH
research/nutrition-research/reports/BENCHMARK_RESULTS.md,b3fb790649b35c0070656d25938849f8e2d9c2b0,1013,RESEARCH
research/nutrition-research/reports/CLARIFICATION_POLICY.md,b4d0a186f78fd843c39379a98496c6e98a22beaf,2477,RESEARCH
research/nutrition-research/reports/gemini-live-smoke-2026-08-10.json,82b988bf3236bfe61caa1d7440e2025537f1a3c6,69,RESEARCH
research/nutrition-research/reports/IMAGE_PIPELINE_CONTRACT.md,7c9c60f414fed879d5ec7c6e45eb9d6494f04e19,5082,RESEARCH
research/nutrition-research/reports/INTERNET_IMAGE_CORPUS_PLAN.md,5a12681e6db8d19afd3b53098fe5a28c9087a807,3349,RESEARCH
research/nutrition-research/reports/INTERNET_IMAGE_LICENSE_AUDIT.md,29308d25de118ba001a2477b5308b6435389a4f0,3407,RESEARCH
research/nutrition-research/reports/MODEL_LICENSE_AUDIT.md,d8839578d587808cc17d8d269512069ed93807a6,3068,RESEARCH
research/nutrition-research/reports/NUTRIENT_MAPPING.md,6468fc648440bd0b3507b4a2f5a6bcd471f9a019,1930,RESEARCH
research/nutrition-research/reports/PHASE5_SHA256_MANIFEST.txt,33e3fa22a2b8199b92856d686e0bd6a2b6403571,3738,RESEARCH
research/nutrition-research/reports/PHASE5_USDA_NUTRITION_CHECKPOINT.md,ddd0bdc6aafb86585c73e3eb753a4ff13233a0a2,5799,RESEARCH
research/nutrition-research/reports/PHASE6_CHECKPOINT.md,9c58074656b21bd11cd48173b07a662d2924e36a,7390,RESEARCH
research/nutrition-research/reports/PHASE6_IMAGE_PIPELINE_COMPLETION_REPORT.md,235f868acdb2c194b89c1940013d5a7de571f5c4,4353,RESEARCH
research/nutrition-research/reports/PHASE7_PROVIDER_COMPARISON_COMPLETION_REPORT.md,21323ec2a75dac08e44386bcd2d2260530262782,6452,RESEARCH
research/nutrition-research/reports/PHASE8A_INTERNET_CORPUS_REPORT.md,065c2c798c7bcaf4e4082d6e5bb4bb3fad70670a,5442,RESEARCH
research/nutrition-research/reports/PORTION_ESTIMATION_POLICY.md,944c7a358e094c54719274b57b117cdced4ad1fb,3189,RESEARCH
research/nutrition-research/reports/PRODUCTION_GAPS.md,fb7a9bcb195e0c5a5dd9f870ff268fdf36161ee5,1410,RESEARCH
research/nutrition-research/reports/PROVIDER_EVALUATION_MATRIX.md,fdfad6538c7ec389d24ec8f713ef978732c4c9a1,2911,RESEARCH
research/nutrition-research/reports/PROVIDER_PRIVACY_AUDIT.md,719aace0e283a64e434bdc241e3200a781be2342,2242,RESEARCH
research/nutrition-research/reports/REGIONAL_RECIPE_POLICY.md,55fa0e0b9e04c753c716bf42b545546d18bdd4d6,1617,RESEARCH
research/nutrition-research/reports/SOURCE_RANKING_POLICY.md,0320d30b6c049baafb92b4f3f7ffc21203341163,1934,RESEARCH
research/nutrition-research/reports/STEP1_INTERNET_KNOWLEDGE_BASE_COMPLETION_REPORT.md,7c1a32f84d80ba2f9a123f18a4e26bca889bdb40,7773,RESEARCH
research/nutrition-research/reports/target-reference-validation.json,a58326d89189b35aa26bb7c922d90c4bff0c939e,2564,RESEARCH
research/nutrition-research/reports/USDA_ATTRIBUTION.md,8c0ffecffe4d4e8c763df31f51e5b584f0210b94,874,RESEARCH
research/nutrition-research/reports/USDA_IMPORT_QA.md,5ed2fb1e5beb0acdef6dc39757e937f842bb39aa,1297,RESEARCH
research/nutrition-research/reports/USDA_SOURCE_INVENTORY.md,2e182dc9d07b726abb25969ad709f5e0b2cbd823,1641,RESEARCH
research/nutrition-research/reports/usda-live-smoke-2026-08-10.json,ac551a623d2d109a023e99126a2a3b9345d4852a,127,RESEARCH
research/nutrition-research/reports/WEIGHED_FOOD_BENCHMARK_PROTOCOL.md,aab0a8f7f1c0faf875a1611c97d7e8a51eae489d,4322,RESEARCH
research/nutrition-research/schemas/clarification-question.schema.json,7eb196dcc2acb5802dab972c3509b39620a3453f,1355,RESEARCH
research/nutrition-research/schemas/food-candidate.schema.json,40b7496673444bf3aeda1fa95b0e25693cc87bea,1053,RESEARCH
research/nutrition-research/schemas/food-density-record.schema.json,1fb913e58d2b1d5de46ba382c5f176afa778b262,1592,RESEARCH
research/nutrition-research/schemas/food-region.schema.json,f36ed9dc5915eeae6c7021347d689dd97c60a13a,2245,RESEARCH
research/nutrition-research/schemas/image-estimate-result.schema.json,b848c40a59ce4bced1ca194f01c7e4b973f82ad5,10514,RESEARCH
research/nutrition-research/schemas/image-quality.schema.json,3765364dfc6db284a49f6df9e5c54d468bf93d4c,1340,RESEARCH
research/nutrition-research/schemas/nutrition-estimate.schema.json,d226e0ccbf526c31903c10baacb16ee92d97d70c,4645,RESEARCH
research/nutrition-research/schemas/physical-volume-estimate.schema.json,8bfdcfb3461f382efd75cfb6604f04e39890b970,1540,RESEARCH
research/nutrition-research/schemas/portion-calibration-profile.schema.json,e860453715a31dcdb162cdcde9627c884b0c69e1,1246,RESEARCH
research/nutrition-research/schemas/portion-estimate.schema.json,cce17bc8a467c3fadfd3fe34d7514cbd2600a6f8,6064,RESEARCH
research/nutrition-research/schemas/portion-evidence.schema.json,014df81b4eaa0392ec5b66568346d7e71e165d8d,1910,RESEARCH
research/nutrition-research/schemas/recipe-parity.fixture.json,f39bfcdd4b846edf0dfeccd4e1338775266e74ed,2280,RESEARCH
services/backend/.gitignore,f0186e6543a259acc11e0574b65efc608449c6ea,62,OTHER
services/backend/.npmrc,f631a79851c24f2537764015ad09ee172ffd37e7,39,OTHER
services/backend/algorithm-artifacts/knowledge-snapshot.template.json,45ea6c5a2da4b00316ea8e40a0770168c79a654b,135,OTHER
services/backend/algorithm-artifacts/portion-calibration.template.json,c905c95e4cbcc7a5de4ff5ddf9b213eb94394a58,21,OTHER
services/backend/algorithm-artifacts/README.md,9a04bd444d8b8fcdf97130e9fa93142b17446be5,1354,OTHER
services/backend/algorithm-artifacts/reviewed-recipes.template.json,f5134ca66075e0d1dfc695a62305f045a4915fb7,167,OTHER
services/backend/appwrite.config.json.template,dd4de2bc506deece3e64b6bec1782333506fa650,756,OTHER
services/backend/docs/foundation-slice.md,1719bc7e3696d3a2459db8e02affa1f3361d1e0d,2090,OTHER
services/backend/docs/meal-mvp.md,8a96f84fc16f9d9a672538eb45660783c3cfbfb3,3456,OTHER
services/backend/docs/sync-product-mvp.md,ac75c40a2ffd0b778018ddf9d60f9df630fa0004,2894,OTHER
services/backend/functions/api/src/main.ts,13e080ad5bdfa018a3eb21b4ed12c04d52cb00db,2370,OTHER
services/backend/functions/README.md,3fe6529cccaa7e4f84c147c58a2046b3b11fff47,1155,OTHER
services/backend/migrations/ai-provider-config-wave.v1.json,041053329e1900d09d2b4169f03a686c43dc23ad,9750,OTHER
services/backend/migrations/ai-provider-routing-wave.v2.json,2eca76270b6ad57a610a6ce35a4907b6cc429f67,1318,OTHER
services/backend/migrations/algorithm-personalization-wave.v1.json,d9ab4527e49c910cb51f07c970aeccb67d6477e9,2868,OTHER
services/backend/migrations/analysis-nutrition-wave.v1.json,178838fdb68ba919d16bf8c62797e5a54ce88918,10062,OTHER
services/backend/migrations/appwrite-live-ledger-inspection-20260803.json,4abb4d4cb66e219269b08ba3f26b2c00b7aee1bc,28434,OTHER
services/backend/migrations/appwrite-snapshot-20260801.json,7a0a4953483badca7526fbf3cfa72a27bb6bb9d3,337,OTHER
services/backend/migrations/appwrite-snapshot-20260802.json,1138aabb0470e21810a4e82a55f8a4b832254f57,27856,OTHER
services/backend/migrations/auth-permission-wave.v1.json,a042bf8045bc66da8b447d0b7a14fea42e36b822,27095,OTHER
services/backend/migrations/billing-schema-wave.v1.json,2857dcfe5bc61a8770f079a2b3fb0fb798e25df8,12569,OTHER
services/backend/migrations/build-full-spec-manifest.ts,be88b0d823881b108d300aa3f0b6733785f10b64,5086,OTHER
services/backend/migrations/contracts-data-foundation-wave.v1.json,439b05f543e5e341de2dc0f5cd8359503528951e,16555,OTHER
services/backend/migrations/dry-run.ts,a455dd8645134552e90f29cf3e3b92a58f34331c,4780,OTHER
services/backend/migrations/full-spec-catalog.v1.json,b2512935519e42b6dfc7edef8d7b0ba9bf315d52,4843,OTHER
services/backend/migrations/full-spec-manifest.v1.json,65a53fd36b631890a9793a1fc58bf06597054e0e,51464,OTHER
services/backend/migrations/health-device-wave.v1.json,e884bca5f0bcc45e23d0ad7225e4f2b74e7785c9,9097,OTHER
services/backend/migrations/manifest.v1.json,90554bab63fb7e85c5eb180e3220a39e8365824d,10274,OTHER
services/backend/migrations/meal-media-aggregate-wave.v1.json,bf87c81bc00ace3e7cf36ff803631c8e84d30d58,7661,OTHER
services/backend/migrations/notification-sync-exercise-wave.v1.json,665dfe1df2df296294a3e121753417f3aeaef719,10293,OTHER
services/backend/migrations/personal-dashboard-wave.v1.json,ee4f98fe1106cbb053e112ad4dfd81b1f4e878b1,14014,OTHER
services/backend/migrations/recommendation-evidence-wave.v1.json,e810ac771fe3244fa18df5467e6722525181baad,2193,OTHER
services/backend/migrations/reconciled-preflight.ts,dd0a1ebcde6b102cff65e13b0d70fc2f45f06687,12482,OTHER
services/backend/migrations/report-lifecycle-wave.v1.json,92ef607f0d3f7e399eff1a53733e3673838240a0,23011,OTHER
services/backend/migrations/saved-meal-wave.v1.json,ffc5f6e03e9abbb0a6fc1e10595b8954d33cfecd,4419,OTHER
services/backend/migrations/sync-reconciliation-extension-wave.v1.json,cbfb3e39e66dae7018de44ebbf68b75af2daab18,7858,OTHER
services/backend/migrations/training-exercise-catalog-hardening-wave.v1.json,b638be7443338e239774cdc4b579914f79afeedf,7515,OTHER
services/backend/migrations/watch-compatibility-preflight.ts,e5f654cd9acff22164cbb5831a9583d82ae94d5c,3296,OTHER
services/backend/migrations/watch-sync-persistence-wave.v1.json,ec3408b9a51ad6091997c02f14c79fbdd8f1f1f6,4361,OTHER
services/backend/migrations/workout-plan-session-wave.v1.json,8de781bde21bc387658a295ac7720f860953083c,13050,OTHER
services/backend/migrations/workout-session-revision-fix-wave.v1.json,bad419bb529db8852b630ee8d85b0e73815c7c91,2655,OTHER
services/backend/ops/com.movefuel.backend.plist,ea60c02ee597c1807b525d109e0d6aed5cf0e9ff,948,OTHER
services/backend/ops/install-launchd.sh,66bdb584ced67a983aa2be521de8efc5c90b0039,970,OTHER
services/backend/ops/README.md,74a286936df85b021413cb2326c35f29458274d5,662,OTHER
services/backend/package-lock.json,4e3be4f26c707cf81615a2a565f615ee44a1adc4,891,OTHER
services/backend/package.json,a4837f8030e1109a85075b12e16e6048434eaf4c,1770,OTHER
services/backend/README.md,25fdf34236c1b557416068d24542ef78175ff4f4,5125,OTHER
services/backend/scripts/live-gemini-food-scene-smoke.ts,76ce7f1d0c54149709eada66bc2b5e4dd673bef1,2551,OTHER
services/backend/scripts/live-openrouter-food-scene-smoke.ts,e94fe8e4aee2224efa82aea98b7bfe00f3120025,2611,OTHER
services/backend/scripts/run-blind-algorithm.ts,ba417f100fa4c8b245fd8ddd06dbcb3a0b3f35c0,22897,OTHER
services/backend/scripts/validate-target-exhaustive.ts,5d59b7b770907c3649219e313389dc5c23e643b8,6163,OTHER
services/backend/scripts/validate-target-reference.ts,1487b1ec0af9797d74e60acd9f17d56b93e2b1c1,8377,OTHER
services/backend/src/appwrite/function-http.ts,2ce8fa7f8da2e18094759c37c3fcb55b8d51490e,4104,BACKEND_SRC
services/backend/src/billing/entitlements.ts,538b71281bafceb2fc1bbd66b1b7e86b446546d6,2609,BACKEND_SRC
services/backend/src/billing/index.ts,0c8388bbe060e8154e90c8e2bfcea4b307c301d5,35,BACKEND_SRC
services/backend/src/bootstrap/backend-runtime.ts,69240152c2a2086692c935bde02e8ce4d7646dcf,27332,BACKEND_SRC
services/backend/src/bootstrap/feature-runtime.ts,50d6c345132876ebbaed955a8b11abe77045ad27,9029,BACKEND_SRC
services/backend/src/bootstrap/product-route-handlers.ts,4b1c87881962b5001daffd10ed763265c6f6b5f3,1285,BACKEND_SRC
services/backend/src/bootstrap/sync-calendar-runtime.ts,2fea94d90c2b933c18c13a345c81ac685fc6cdd3,6693,BACKEND_SRC
services/backend/src/calendar/appwrite-calendar-store.ts,977d5b493a1350f1278c0ac429ed76163860b3e4,15044,BACKEND_SRC
services/backend/src/calendar/calendar-service.ts,14170c7acdb6b0e87cf51a8bd531f5a0ab74f36f,26834,BACKEND_SRC
services/backend/src/calendar/types.ts,1e2a01ee76d8c7f6156eee6c26d99061901aa7c2,2369,BACKEND_SRC
services/backend/src/config-check.ts,36ecc58ee6a9e21023ffe5be80bf025efd608edd,1991,BACKEND_SRC
services/backend/src/dashboard/dashboard.ts,5fe9cd2e1c5b3f44e8bd681c6fd2f6c8ebbb80bb,7194,BACKEND_SRC
services/backend/src/device/appwrite-device-commands.ts,e9bd0547b3db89d30ba271dd9dcd595c63d891a4,6994,BACKEND_SRC
services/backend/src/device/appwrite-device-trust.ts,f847474f994aac381b3a75cf8f48bc70b8b54b2f,7732,BACKEND_SRC
services/backend/src/device/device-commands.ts,50957767f9377e689976f930465846f15c6addd3,6440,BACKEND_SRC
services/backend/src/device/device-trust.ts,3109072c98781c66fded097e7241279a0b53559d,6128,BACKEND_SRC
services/backend/src/diet-intelligence/diet-plan-service.ts,24e028b6abcae355c2ec40bfbb4dc5699437eb4f,11121,BACKEND_SRC
services/backend/src/diet-intelligence/index.ts,799ff35808ad8e8a3dc1f64b2e2bd20d24a7a620,150,BACKEND_SRC
services/backend/src/diet-intelligence/ledger-state.ts,9311f1c615974ee6c5d989480af3749acdfd3f55,11324,BACKEND_SRC
services/backend/src/diet-intelligence/persistence.ts,a36850b6e1c3d2aeb4f6da53b1804da6c2004a37,9614,BACKEND_SRC
services/backend/src/diet-intelligence/profile-policy.ts,7b60016050e694ed01d34607ab3ff34a29625437,5692,BACKEND_SRC
services/backend/src/diet-intelligence/recommendation-engine.ts,f06d77d7a1e7b9e6b905538eeeace988d785938d,19405,BACKEND_SRC
services/backend/src/domain/invalidation-boundary.ts,3c94cbff9c6d4eeecfea819317c01f6fca50e11e,2116,BACKEND_SRC
services/backend/src/domain/sync-store.ts,75b577be3b64456f01adf27ef835dec5d510b8c1,6933,BACKEND_SRC
services/backend/src/foundation/account-lifecycle.ts,3773c7c273884c52c3bc9cbb0fafacccdb28b503,7203,BACKEND_SRC
services/backend/src/foundation/appwrite-account-admin.ts,4d01a916683962c59f40a3af3a157bf13c33ad9c,3712,BACKEND_SRC
services/backend/src/foundation/appwrite-runtime.ts,e06fdcf8cf60a683287258e9ad2e62a82f27838e,1637,BACKEND_SRC
services/backend/src/foundation/appwrite-server-tables-client.ts,95491fd89493a2a7698d494218d171208bf64de8,4751,BACKEND_SRC
services/backend/src/foundation/appwrite-session-client.ts,61fd704e5b7a9b4d0177a8c5bcf767e849cb3e60,1755,BACKEND_SRC
services/backend/src/foundation/appwrite-tables-client.ts,e699601ceec5bba819cc9ee65ff6eb0018ccaa49,6029,BACKEND_SRC
services/backend/src/foundation/bootstrap.ts,0e915f0eca61eac58b4a89315e3354457a9df2c6,3138,BACKEND_SRC
services/backend/src/foundation/consents.ts,d661ba2c2d5a90b5ce324f2902ba17573db7f92e,3881,BACKEND_SRC
services/backend/src/foundation/idempotency.ts,1eaeb3c26009c1bc62a8732dedd759c34064c037,3890,BACKEND_SRC
services/backend/src/foundation/index.ts,c10b66f277e2d08e15d1cc9c4ff1f0b60c5c7ce3,483,BACKEND_SRC
services/backend/src/foundation/permissions.ts,893bd99471840766d7f056de134ffcb98403cb72,7903,BACKEND_SRC
services/backend/src/foundation/profile.ts,cac44286eed29ee04fcbabad4d429129f6322e15,19234,BACKEND_SRC
services/backend/src/foundation/repository.ts,fef04dae07bc8b8ae74f74b6d3e8e32af9495ed3,11710,BACKEND_SRC
services/backend/src/foundation/session.ts,7efcc326fa8b94f80244e052a7a1db48afc6814f,3416,BACKEND_SRC
services/backend/src/foundation/target-eligibility-policy.ts,dadc5cad77fbbcce011b3a20b07077f6fc67b26c,6286,BACKEND_SRC
services/backend/src/foundation/target-engine.ts,49eb3e3727c1fd4c2c4ad4a7147bae04e3936723,19674,BACKEND_SRC
services/backend/src/health/health-store.ts,a23a3d64d46ec74fc177a0dd43ed581310cf2d1f,20726,BACKEND_SRC
services/backend/src/http/calendar-routes.ts,ca39eae47750e6547644c0db24452a2c9421ce38,4544,BACKEND_SRC
services/backend/src/http/canonical-sync-routes.ts,235f599b25e42ab76a56755ba4533ffd0c93bbbe,2385,BACKEND_SRC
services/backend/src/http/device-command-routes.ts,258f21ebd770802ebee0133080e52f0021f3e93d,4510,BACKEND_SRC
services/backend/src/http/device-routes.ts,210c740c880a195caa1b6ead55d8f2e303363138,4293,BACKEND_SRC
services/backend/src/http/diet-routes.ts,93be8efc2a1d86fe806191c252977c86c02f66ef,3703,BACKEND_SRC
services/backend/src/http/experience-routes.ts,442c9f737f16d4a02acbe62f169e8a8408bdd55c,4052,BACKEND_SRC
services/backend/src/http/health-routes.ts,9f76d51fd24fa05161037e759878839d9d551838,5747,BACKEND_SRC
services/backend/src/http/insight-routes.ts,b9a67232ca81e9cc59906e12db641e9a83093142,8503,BACKEND_SRC
services/backend/src/http/local-server.ts,f55dc441dd09a30308a07b2aa5ab8e29cf37cb55,384,BACKEND_SRC
services/backend/src/http/meal-library-routes.ts,ac0c49d1115b40fa5c51c2a83970fd46e67768a4,7992,BACKEND_SRC
services/backend/src/http/meal-route-support.ts,974e6a66c3b54e9850cebf4e79e4b1f5f8fab198,5974,BACKEND_SRC
services/backend/src/http/meal-routes.ts,47ee16117879546844a87c915514783f7791e8eb,27123,BACKEND_SRC
services/backend/src/http/packaged-food-routes.ts,1ace546f89e2bd6d621368c3ecb63628d589b42f,2953,BACKEND_SRC
services/backend/src/http/privacy-routes.ts,7e886e42a2f629ab0df589e4a948b5a7dd488835,3590,BACKEND_SRC
services/backend/src/http/profile-account-routes.ts,91a752e82c580eacfb1131bbeb5b322ab9321ebe,10751,BACKEND_SRC
services/backend/src/http/report-routes.ts,4dbad5cceb2ea691397b56877ef0ff0595fd708f,6072,BACKEND_SRC
services/backend/src/http/request-handler.ts,678595b15dd1b386bfee10c27b39dcbb1c596139,9780,BACKEND_SRC
services/backend/src/http/requestSupport.ts,346438412c4fd2c19dcc2b6fa4a45afacdec0403,3857,BACKEND_SRC
services/backend/src/http/sync-routes.ts,9c3aecce4591f935488d919a1607dfdfbd8a74a5,14135,BACKEND_SRC
services/backend/src/http/training-routes.ts,1f730aff3b482e7d0076bb9801a645a9ce9b499c,6040,BACKEND_SRC
services/backend/src/meal/analysis-rate-limit.ts,ba8ec17ecfdb1d82e4a51b4fe5f6b441cac8627f,2600,BACKEND_SRC
services/backend/src/meal/appwrite-draft-persistence.ts,9e0accd7ffe7c64cbd999213c063fed78d104bbc,6458,BACKEND_SRC
services/backend/src/meal/appwrite-image-store.ts,9bd2801d99bf680151ba4695a68e71c3687966c2,8051,BACKEND_SRC
services/backend/src/meal/canonical-food.ts,a531815c0f586812f5f0099f405df9e5118ed838,5962,BACKEND_SRC
services/backend/src/meal/confirmed-meal-projection.ts,45f9424015754c03e018c9751895b4a116d9e1d4,7123,BACKEND_SRC
services/backend/src/meal/confirmed-meals.ts,a0cf8428f64a07647ed5e7b287c35fa955ee2a8c,7207,BACKEND_SRC
services/backend/src/meal/contracts.ts,211d2a2e7bc0c0633c9cee9f0e026cb9fa530674,6870,BACKEND_SRC
services/backend/src/meal/image-estimate-adapter.ts,099751e2b8af0c1e5d4f450e364eca70aef25cef,7360,BACKEND_SRC
services/backend/src/meal/index.ts,ec6b60888cca7bc4765659d4941a0e756405edc0,306,BACKEND_SRC
services/backend/src/meal/local-image-store.ts,7a6d3510f51cdc1d88de9db3790ef9ffb5f97fa3,4042,BACKEND_SRC
services/backend/src/meal/media.ts,e815ac8a83345eb56b9abec2f6fa6d2796e06735,482,BACKEND_SRC
services/backend/src/meal/nutrition-catalog.ts,66be89252a17626920ee7c7415096591649db99f,6986,BACKEND_SRC
services/backend/src/meal/nutrition-fixtures.ts,8fd6a6d7445bebc3b75b7aed78dccbdef944a9f6,1974,BACKEND_SRC
services/backend/src/meal/nutrition-report.ts,e8b3e3859cac95e08359e8dd2cfdb20a9df853ad,3105,BACKEND_SRC
services/backend/src/meal/nutrition.ts,b07038174f8fb7b0451b9605d82d3c443df8d292,6444,BACKEND_SRC
services/backend/src/meal/personal-food.ts,685411473f4c41b62f4504fb47e08712873da11f,16005,BACKEND_SRC
services/backend/src/meal/providers.ts,cda50bff78a04360402ae36b8211aa2b4c25a33b,3238,BACKEND_SRC
services/backend/src/meal/saved-meals.ts,b44f19e70328eb7e1642a7f71453e5f8909d78f3,11903,BACKEND_SRC
services/backend/src/meal/store-support.ts,4dd8e67e2721245e78c93f5df5317b24b3f6c55c,2753,BACKEND_SRC
services/backend/src/meal/store-types.ts,c90f6c442ebe6d36751946d43a5c7465e66d1c71,1276,BACKEND_SRC
services/backend/src/meal/store.ts,d8bf52de3239895e9543a79ead9a7c1bff9001a7,24018,BACKEND_SRC
services/backend/src/notification/notification-store.ts,f012c1340b22fd5238e00264a496cc5092b25ccd,4531,BACKEND_SRC
services/backend/src/nutrition/algorithm/contracts.ts,0e2f7fcfa2b9a326389860c5bb7c598d8b182467,4651,BACKEND_SRC
services/backend/src/nutrition/algorithm/estimateConfidencePolicy.ts,a888fdf633341464eb9fe56e1515bd772311074e,4519,BACKEND_SRC
services/backend/src/nutrition/algorithm/imageEstimateContracts.ts,83c57835ee292883c1e1f61db55f921c72979ae5,7025,BACKEND_SRC
services/backend/src/nutrition/algorithm/imageEstimatePipeline.ts,06290075bbed59647750b4dbc9f3b6efd48aa5b1,29738,BACKEND_SRC
services/backend/src/nutrition/algorithm/moveFuelAlgorithm.ts,65c776bfcf261e3f16508f2f8455d5b0b97541cf,6450,BACKEND_SRC
services/backend/src/nutrition/algorithm/nutrientProjection.ts,0a7939a05914506766580f3f4372b30dcd17f981,3639,BACKEND_SRC
services/backend/src/nutrition/benchmark/benchmarkContracts.ts,14cc5e2df32a1f8b21c9d5bec0b60c9a26c37b24,7768,BACKEND_SRC
services/backend/src/nutrition/benchmark/benchmarkEvaluator.ts,0190ba83fbc13ea787c6a1b7af0aaf0f9b8a3379,18598,BACKEND_SRC
services/backend/src/nutrition/benchmark/benchmarkMetrics.ts,6bad7c6049d5f76f5733f013149dd0b8c2ea2661,10509,BACKEND_SRC
services/backend/src/nutrition/benchmark/blindPrediction.ts,2f55993216eb6fca1abf3c1e9610b2182759d8df,3372,BACKEND_SRC
services/backend/src/nutrition/benchmark/blindRuntimeSupport.ts,bf911eeecb7336d569d594cfea80d093dcc3a4b9,6369,BACKEND_SRC
services/backend/src/nutrition/benchmark/foodAccuracyCalibration.ts,c12ce603eaa81a57b2a522efee574b28861e1565,21117,BACKEND_SRC
services/backend/src/nutrition/benchmark/gold-reference-benchmark.ts,4d89eb9ff80352a0740e38a559b1fe68b95a7f46,5311,BACKEND_SRC
services/backend/src/nutrition/confidence/clarification.ts,241804b43b693ac60058243b1d861f0f6a2aa67c,11591,BACKEND_SRC
services/backend/src/nutrition/confidence/confidence.ts,a0a69bee611cea6aa2530f36cfc9d950ffcc8fc3,2682,BACKEND_SRC
services/backend/src/nutrition/confidence/intervalCalibration.ts,f8bac94bedb775b29c4c2938f89220d21ca72959,5820,BACKEND_SRC
services/backend/src/nutrition/evidence/aliases.ts,e7521675d437b7da84290816611415fe27ed9cdf,4692,BACKEND_SRC
services/backend/src/nutrition/evidence/constitutional-scenarios.ts,24dbc3a32a8c55af25465cdc60da7f5a6aa0a531,4236,BACKEND_SRC
services/backend/src/nutrition/evidence/contracts.ts,95610a7a8b606a8103e8d9cecbfc9924b35b0d65,6032,BACKEND_SRC
services/backend/src/nutrition/evidence/country-manifests.ts,cfc5e7b2e77460735f53f2762a711083a8aabe18,2927,BACKEND_SRC
services/backend/src/nutrition/evidence/evidence-source-registry.ts,79faf326b322f4076b03b6925717f866e84185f8,7401,BACKEND_SRC
services/backend/src/nutrition/evidence/gold-reference-cases.ts,b954f0654835e9e6c58acd7619316c09d36fb11e,4351,BACKEND_SRC
services/backend/src/nutrition/evidence/guidelines.ts,9c32dd82813c425c525fcad17b29ef932419e643,4021,BACKEND_SRC
services/backend/src/nutrition/evidence/simulation.ts,289b55faa6bfa9afd863e3ee92f5b12ed97cc8d0,5362,BACKEND_SRC
services/backend/src/nutrition/evidence/source-manifests.ts,48139711599932f7833f3c0e46edc86576f82322,9951,BACKEND_SRC
services/backend/src/nutrition/identity/foodResolver.ts,9373129c7f7b690ab3e779266f713df4f73ade7b,9217,BACKEND_SRC
services/backend/src/nutrition/identity/knowledgeNutritionResolver.ts,0f6e3cda0e44ef840196df0819e24e3c65782a8b,12703,BACKEND_SRC
services/backend/src/nutrition/identity/knowledgeSnapshot.ts,d77b799a746e2c200c084a166061c04f3f919a28,6004,BACKEND_SRC
services/backend/src/nutrition/identity/regionalIdentity.ts,d2fb6e53c8477d143ea865d4d0c444b9e7cc0b75,3055,BACKEND_SRC
services/backend/src/nutrition/identity/reviewedRecipeCalculator.ts,317d696ef279e4671ff3f61100c2094144fe6d01,5941,BACKEND_SRC
services/backend/src/nutrition/identity/reviewedRecipeSnapshot.ts,88c119db456e75b8aeed9a152e25166b36857cb5,6157,BACKEND_SRC
services/backend/src/nutrition/index.ts,3c55fd041bd3b47558ecf9ab62c9e540d0ba545a,1806,BACKEND_SRC
services/backend/src/nutrition/nutrients/nutrientCalculator.ts,f3584a51e1a2429c9a99d665702be22066290319,4039,BACKEND_SRC
services/backend/src/nutrition/nutrients/nutrientNormalizer.ts,6c343dc94b98a8c4060ffdae00f7eb4c8ce3a175,2403,BACKEND_SRC
services/backend/src/nutrition/nutrients/usdaClient.ts,22e3b457a86146c1f02a78763f008e3183ad71a8,11342,BACKEND_SRC
services/backend/src/nutrition/packaged/barcode.ts,2f8dca69b6f5a8b0fe9336dda173e416ad923921,1247,BACKEND_SRC
services/backend/src/nutrition/packaged/cachePolicy.ts,cf6a5f6adc64c3d6ade9fca1bb0bee0b32a56f45,685,BACKEND_SRC
services/backend/src/nutrition/packaged/fallback.ts,c505ba221dc61ec5abdef6d89792d7d2d0cb889e,493,BACKEND_SRC
services/backend/src/nutrition/packaged/index.ts,b4cbff6313699571cb336184dec29840ebb0db22,423,BACKEND_SRC
services/backend/src/nutrition/packaged/openFoodFactsClient.ts,41e343230fc5b36488f4b4aef9407d14ef5a89ab,6928,BACKEND_SRC
services/backend/src/nutrition/packaged/packagedFoodService.ts,1f038ee19d7937ec1fe8931804c9c2b274b87f5d,4402,BACKEND_SRC
services/backend/src/nutrition/packaged/provider.ts,c0cec316019605b44b1312157c542ae2d51cca0b,263,BACKEND_SRC
services/backend/src/nutrition/packaged/README.md,9230190112c7e056680fe7c319691d0dc79cefc2,580,BACKEND_SRC
services/backend/src/nutrition/packaged/service.ts,1eea962738b17305d1af4e9186e8ab403a4cd830,1941,BACKEND_SRC
services/backend/src/nutrition/personalization/personalServingPrior.ts,640bc64b9257cb8a7b77cfd70e76877a0a7c7cab,1680,BACKEND_SRC
services/backend/src/nutrition/personalization/servingPriorStore.ts,bc3429a45d0fb939927ce9ab8bfa8e76f9b02719,7505,BACKEND_SRC
services/backend/src/nutrition/portion/densityLibrary.ts,b58fc6b1285a037e84b0c14823a5360791fea9fa,5329,BACKEND_SRC
services/backend/src/nutrition/portion/depthScaleAdapter.ts,533005ce158c879f987878ab888ee6d1c406fe7f,4433,BACKEND_SRC
services/backend/src/nutrition/portion/physicalEvidenceGraph.ts,6e6092c7cb571c809bf376c46a84a3cd232f4f37,13821,BACKEND_SRC
services/backend/src/nutrition/portion/portionEstimator.ts,8d9335034aecbb8155ca0eafd40b4cd92bb1c829,20664,BACKEND_SRC
services/backend/src/nutrition/portion/portionEvidence.ts,86f7c58b2e664a93fc96f6e5bac459261035bea9,9857,BACKEND_SRC
services/backend/src/nutrition/portion/shapeAwareEvidence.ts,d2ec25e51f5c5864a13c9faeb641505a6a393d75,4925,BACKEND_SRC
services/backend/src/nutrition/portion/sidecarDepthScaleAdapter.ts,577b6099268c57891b2f18e6fff5df01d87c944e,3159,BACKEND_SRC
services/backend/src/nutrition/portion/volumeReconstruction.ts,ec8c4682437cf44254ef8c6df1692cd584fd9353,7737,BACKEND_SRC
services/backend/src/nutrition/release/algorithmArtifacts.ts,df3ce1a9f1bdef3892fd282154fd72120a8990be,2285,BACKEND_SRC
services/backend/src/nutrition/service/liveImageEstimateService.ts,93cc2d3ff0e1bbbfbdbb39339671c52831cdd285,20365,BACKEND_SRC
services/backend/src/nutrition/validation/internetCorpus.ts,0ca0f0367b37996e79876e7b4ae13b91bdf29086,9132,BACKEND_SRC
services/backend/src/nutrition/validation/knowledgeSourcePolicy.ts,dd765fcc523db00154178769ce6aba7d4a3b66b1,3617,BACKEND_SRC
services/backend/src/nutrition/validation/providerComparison.ts,bd608c88ee8a45b45dee6e3f25b9125442c01983,6830,BACKEND_SRC
services/backend/src/nutrition/validation/providerRegistry.ts,73c9f81e679f1299706ae99eb83ca9aa41662226,3663,BACKEND_SRC
services/backend/src/nutrition/vision/candidateGraph.ts,3b43e8e1c45e11a572d52ab841593259c383562c,8150,BACKEND_SRC
services/backend/src/nutrition/vision/candidateProviderAdapter.ts,3fe21ba701717eeb392728a40efe27e78b4158dd,4214,BACKEND_SRC
services/backend/src/nutrition/vision/config/modelConfiguration.ts,833452c8e33689c26c1b4b1f9e44d28475dcf5ce,5647,BACKEND_SRC
services/backend/src/nutrition/vision/configuredVision.ts,a495fa3c63f1486e67c25cfd3662f775bb594a55,1582,BACKEND_SRC
services/backend/src/nutrition/vision/configuredVisionRouter.ts,d7716d9b298dedac80c69a2d0916bfe3b3678251,5079,BACKEND_SRC
services/backend/src/nutrition/vision/openCvPixelQualityAssessor.ts,ca36c8c33272d2499abf91afe878268654701e7f,4068,BACKEND_SRC
services/backend/src/nutrition/vision/providers/geminiFoodSceneAdapter.ts,72d4ade7b97d94d93adf38178e46e89608cb9973,21861,BACKEND_SRC
services/backend/src/nutrition/vision/providers/openRouterFoodSceneAdapter.ts,7ca70e1d699f04c353475cd64215bb362901b8ee,24768,BACKEND_SRC
services/backend/src/nutrition/vision/qualityAssessment.ts,5c6e85f6876bdaa0c8487bb0802e2e816870ebf1,6721,BACKEND_SRC
services/backend/src/nutrition/vision/segmentationAdapter.ts,e960f0174ce458dd660c3e75bd75dc7680b06f89,6969,BACKEND_SRC
services/backend/src/nutrition/vision/telemetry/providerCallRecorder.ts,4160611e125e047df430b4b15534a3c2030fa49f,2979,BACKEND_SRC
services/backend/src/nutrition/vision/visionEnsemble.ts,6d15a30a306ddf3f1ea6ec8707b0a2e520ecc6d1,3119,BACKEND_SRC
services/backend/src/privacy/image-estimate-privacy-guard.ts,bcbda08f41056cfd1b85f882b05a752f8739a979,2843,BACKEND_SRC
services/backend/src/privacy/meal-media-lifecycle.ts,bf1a4bd88a41cac35f59f1ea65c2a42ece86615c,10697,BACKEND_SRC
services/backend/src/privacy/preferences.ts,60ff3d7a5fa8964472367edf2ce6f8eb94527645,5544,BACKEND_SRC
services/backend/src/privacy/privacy-inventory.ts,c2f3e4a93b72df23c2b465a133614ea5eb6bbd3a,1489,BACKEND_SRC
services/backend/src/production-preflight.ts,17e00aa5ff8fcb1095a5a221c60ca79091bbfd6c,10733,BACKEND_SRC
services/backend/src/progress/progress.ts,78c4f5d25e1068327a86a8e487c589c23a3aab9c,7920,BACKEND_SRC
services/backend/src/report/progress-report-source.ts,be4ad5a5131ceafe59a37b61a27b9a7770f102a9,1870,BACKEND_SRC
services/backend/src/report/report-narrative.ts,13b8b80d33a1549f0f4f8c8c512cbf9487dccc8c,9987,BACKEND_SRC
services/backend/src/report/report-store.ts,c0c31fcd5c5407b79625a70224678d8dc7a0adcb,11759,BACKEND_SRC
services/backend/src/server.ts,c2fad88f6999ae1a63ebc01485b6ad0cff55a47f,1786,BACKEND_SRC
services/backend/src/shared/api-contracts.ts,9ac9ede61d857d069d1822a41b3918f249b5715b,2471,BACKEND_SRC
services/backend/src/shared/contracts.ts,546e66cf27fcc1c87e90d350927d32086fffc43e,6300,BACKEND_SRC
services/backend/src/support/support-store.ts,949b3c20f5aba111c32f20db3a2f1b44058baf6d,3006,BACKEND_SRC
services/backend/src/sync/adapter.ts,228bb75319f60b277f56d0677a364377bddb7621,9895,BACKEND_SRC
services/backend/src/sync/appwrite-adapter.ts,544fe9f56d5e8a56ec28bea09a8598e9960bb6cf,4821,BACKEND_SRC
services/backend/src/sync/appwrite-summary-store.ts,2ca1487c9a6094dbdbe0356915f633e213ea008f,9331,BACKEND_SRC
services/backend/src/sync/appwrite-watch-store.ts,b554ddf6efd003dcb70c9bb6df4fb7518a8d1033,11395,BACKEND_SRC
services/backend/src/sync/appwrite-workout-store.ts,eb4cf28ff410cf6cfc954d360c9bccdf861dceb6,25143,BACKEND_SRC
services/backend/src/sync/canonical-meal-reconciler.ts,459d216416c511d0124324912e4433c6997b1399,12267,BACKEND_SRC
services/backend/src/sync/canonical-reconciliation.ts,0029f17cc117a1c09a7091dc2c2a94c4a9f070b3,16522,BACKEND_SRC
services/backend/src/sync/canonical-workout-reconciler.ts,77dec65d100b1bc0a2fd1b92487d34240eeb24c1,22289,BACKEND_SRC
services/backend/src/sync/phone-sync-session.ts,804b9801b984a64d6909b0b1890b497309c41e50,4540,BACKEND_SRC
services/backend/src/sync/product-store.ts,d12cd12d68d0e8cffa2d3001b8845037cc3ba067,24298,BACKEND_SRC
services/backend/src/sync/retry-policy.ts,342cebe9478ac96cfeef5e4b1374a4404e82f04c,6482,BACKEND_SRC
services/backend/src/sync/types.ts,b77a82191bf21a1f3e64b86b941292bec4ad1abc,7022,BACKEND_SRC
services/backend/src/tests/ai-model-configuration.test.ts,f266406869f359a4506330f2d99e791fd5bec54e,2176,BACKEND_SRC
services/backend/src/tests/appwrite-function-http.test.ts,8efec2790f8b021041e3a9b4784167dfeeb535a8,5730,BACKEND_SRC
services/backend/src/tests/billing/entitlements.test.ts,43b35cb52fbd6cddc1a5dc78e5764eea95ce48a8,1087,BACKEND_SRC
services/backend/src/tests/calendar/appwrite-calendar-store.test.ts,a142a0bc278955d23ce4e36abd78fccf808e35d0,10971,BACKEND_SRC
services/backend/src/tests/calendar/wave4-missed-reschedule-hardening.test.ts,bbbfe02812f6d3ea8fb5cc11e80434d3f4909895,11994,BACKEND_SRC
services/backend/src/tests/contracts/contracts-data-foundation.test.ts,9fad07a8838da440614e5287b30329f1df1b6afe,6274,BACKEND_SRC
services/backend/src/tests/credential-boundary-http.test.ts,d350f69c9ade49b631ba009476bb58921d8821f0,1499,BACKEND_SRC
services/backend/src/tests/dashboard/dashboard.test.ts,94fe9e8c7357c43f732f5c0b342106c7163e4548,3807,BACKEND_SRC
services/backend/src/tests/device/appwrite-device-commands.test.ts,9d53dd80ef80618e4f2f42a08e11dc331c47c45b,2735,BACKEND_SRC
services/backend/src/tests/device/appwrite-device-trust.test.ts,cfef2585b8a6b1fb810e142de8ac1207651857f9,3827,BACKEND_SRC
services/backend/src/tests/device/device-commands.test.ts,577d63eec0ac0daf1a0a94cc85781ad16093113c,1410,BACKEND_SRC
services/backend/src/tests/device/device-routes.test.ts,852ab798458577ec0faa3790b955ec9082aa26ee,2135,BACKEND_SRC
services/backend/src/tests/device/device-trust.test.ts,fb9c30c62e2cb8904750d70940b6c4694d920275,1973,BACKEND_SRC
services/backend/src/tests/diet-intelligence/diet-intelligence.test.ts,d00f47b7907a6b859d36aeff25c9e038d4e6f98c,22463,BACKEND_SRC
services/backend/src/tests/diet-intelligence/diet-routes.test.ts,d2ef33155935d90cf7735381a6912d88cd2e7a02,12653,BACKEND_SRC
services/backend/src/tests/diet-intelligence/ledger-state-unknown-propagation.test.ts,b007a1acabfbaa53abcd6afcbfb9aa5c1725b72a,7426,BACKEND_SRC
services/backend/src/tests/diet-intelligence/nutrition-constitutional-benchmark.test.ts,252aa4d2516b8adb7bbb066eb22962806990d25d,10505,BACKEND_SRC
services/backend/src/tests/diet-intelligence/nutrition-wave4-hardening-benchmark.test.ts,374a92d8b9149ffced647cdc299d935758a4b9b0,15477,BACKEND_SRC
services/backend/src/tests/foundation/account-lifecycle.test.ts,febc1f93eaca99fdde3f22a1e8bbf623f4309764,5716,BACKEND_SRC
services/backend/src/tests/foundation/ai-provider-config-manifest.test.ts,4ad7c5f1f2b789544877d74bc3df4c6cfc23f1ca,1465,BACKEND_SRC
services/backend/src/tests/foundation/algorithm-calibration-wave.test.ts,d4b4f3214fb510fa320c48105f0bfc6a39e0aa63,1307,BACKEND_SRC
services/backend/src/tests/foundation/algorithm-personalization-wave.test.ts,d7927f63e45ab5e8eddebed83be72be5691cb31e,1284,BACKEND_SRC
services/backend/src/tests/foundation/algorithm-runtime-wave.test.ts,863686b594c0743a6103899ef8e334f1f0e67e4a,1083,BACKEND_SRC
services/backend/src/tests/foundation/analysis-nutrition-manifest.test.ts,a94879e65641dd0ab4e7ef6a10f41adfaccbfb44,1565,BACKEND_SRC
services/backend/src/tests/foundation/api-contracts.test.ts,c60cd04d68cd00e2f3a4a3b13bb93a6ea35eec2e,1150,BACKEND_SRC
services/backend/src/tests/foundation/appwrite-account-admin.test.ts,5dab91225f73ebe786ffd8e39f6b7c5cf8423549,957,BACKEND_SRC
services/backend/src/tests/foundation/appwrite-foundation-closure.test.ts,b082912e115579649149ecc40a91038258404ff1,6192,BACKEND_SRC
services/backend/src/tests/foundation/appwrite-session-client.test.ts,6b3025f91e13f858460994e512163e0f0b755a3b,1539,BACKEND_SRC
services/backend/src/tests/foundation/appwrite-tables-client.test.ts,1c1e3eb76477c236956ae0c569f68cf93772e438,3868,BACKEND_SRC
services/backend/src/tests/foundation/auth-permission-manifest.test.ts,14836683d09e25ec4d96bfecd1386047873e21e8,1702,BACKEND_SRC
services/backend/src/tests/foundation/billing-schema-wave.test.ts,a52965a6d3c23d198506e16dbe846c077463f0aa,1382,BACKEND_SRC
services/backend/src/tests/foundation/bootstrap.test.ts,b54742c19a2513aa746b55b023a1e742e99cedad,2696,BACKEND_SRC
services/backend/src/tests/foundation/extended-owner-repository.test.ts,4aa52ee34dbb472ac6fb0cabaa15d35543749066,3506,BACKEND_SRC
services/backend/src/tests/foundation/full-spec-manifest.test.ts,db3dc702ef11a17b7d89810991710f8e77e39e05,1040,BACKEND_SRC
services/backend/src/tests/foundation/health-device-manifest.test.ts,00d398a70e7ba70e6c01e1d547ea4de6bc1c9867,1699,BACKEND_SRC
services/backend/src/tests/foundation/idempotency.test.ts,c051336f7e72fa26830aa510907592c7dc5b6fec,1529,BACKEND_SRC
services/backend/src/tests/foundation/meal-media-aggregate-manifest.test.ts,5ed4a53eec4e4cdfb8723734f47d4a2bd22fd3e8,1380,BACKEND_SRC
services/backend/src/tests/foundation/migration.test.ts,69fa5cfc4ca766dd2c8af68e6193b1ed8a683707,3972,BACKEND_SRC
services/backend/src/tests/foundation/notification-sync-exercise-manifest.test.ts,f8c4d293ce5e596111f4b96de444ef0ee737f120,1701,BACKEND_SRC
services/backend/src/tests/foundation/personal-dashboard-manifest.test.ts,1270ef8ead4f166fa1e9fc3bea8cd4b88bea4f93,1494,BACKEND_SRC
services/backend/src/tests/foundation/profile.test.ts,105094fc7b6881f879bd6ce08c2cd033fd434250,10587,BACKEND_SRC
services/backend/src/tests/foundation/recommendation-evidence-manifest.test.ts,c7954f2261cd1691a622a01423a1a3a9c1934035,1158,BACKEND_SRC
services/backend/src/tests/foundation/reconciled-preflight.test.ts,cb6f6a8dcb990ba2c3e9aab62bda7ceac5b133a0,4520,BACKEND_SRC
services/backend/src/tests/foundation/report-lifecycle-manifest.test.ts,8af4d0c5ab04496ccfead6cdf36eccd40e896c4f,1642,BACKEND_SRC
services/backend/src/tests/foundation/repository.test.ts,bd0ca83931b64bdb733c7fa37ad81cebed70d963,4242,BACKEND_SRC
services/backend/src/tests/foundation/server-owned-repository.test.ts,9bbb46fb7f13c9afa4dbe2094a5dcd862b0d47a1,4049,BACKEND_SRC
services/backend/src/tests/foundation/session.test.ts,fba61b38e078964ad439e3b6b769d4070ae36820,1721,BACKEND_SRC
services/backend/src/tests/foundation/target-engine.test.ts,bedd89b88ed16dd67f0718a6810e455548fa1ff3,5785,BACKEND_SRC
services/backend/src/tests/foundation/watch-compatibility-preflight.test.ts,60eabb9879151362d17c9c8ae49a8578be7f0520,1432,BACKEND_SRC
services/backend/src/tests/foundation/watch-sync-persistence-wave.test.ts,3715faf2179b9fb13df95d396f8c976d92059af2,1776,BACKEND_SRC
services/backend/src/tests/foundation/workout-plan-session-manifest.test.ts,ed98d7f8f028c99f160b5261fd07161b568bc5fd,1590,BACKEND_SRC
services/backend/src/tests/foundation/workout-session-revision-fix-wave.test.ts,62de84c07afc94d6f8cd0b1aa781cf69b0c97082,1986,BACKEND_SRC
services/backend/src/tests/health/appwrite-health-store.test.ts,ac7b371c954bf028e26c72b88dc50747eb23c24f,3462,BACKEND_SRC
services/backend/src/tests/health/health-gaps.test.ts,f492e526d6f146349a1733adb13ca0cfa4430e6c,1243,BACKEND_SRC
services/backend/src/tests/health/health-routes.test.ts,4f8cad55a7d52a7d6f29f329ffaaae179e98f3f0,4050,BACKEND_SRC
services/backend/src/tests/helpers/memoryRepositories.ts,8c79506a1473b4dbd9515eac37d0e3eba5ce782e,8241,BACKEND_SRC
services/backend/src/tests/helpers/mockCandidateProvider.ts,8c35fbcd9d20dced503b27788382567358474fcf,3174,BACKEND_SRC
services/backend/src/tests/helpers/mockPixelQualityAssessor.ts,d441ed5df0bc45ec4d8a8e9411565c6cc6670894,2215,BACKEND_SRC
services/backend/src/tests/helpers/mockSegmentationAdapter.ts,dc59107b27e9df84af74c433a0506067e16b4356,4956,BACKEND_SRC
services/backend/src/tests/http-integration.test.ts,8ba15216c968a6bb664596722655a226d8fa819f,37806,BACKEND_SRC
services/backend/src/tests/meal/analysis-rate-limit.test.ts,b89199327480564b30eaf5952eb0fe335e891363,1143,BACKEND_SRC
services/backend/src/tests/meal/appwrite-confirmed-meals.test.ts,483b0eef0f8145ff8571a2d58b3ba8396e12c6ed,4798,BACKEND_SRC
services/backend/src/tests/meal/appwrite-image-store.test.ts,f09c857fe3fca30341946d2f4613489a429c94c6,4563,BACKEND_SRC
services/backend/src/tests/meal/appwrite-saved-meals.test.ts,aa6d4bf9db73518cb24a66ebd147a29fc4ea4cab,3216,BACKEND_SRC
services/backend/src/tests/meal/canonical-food-revision.test.ts,1a9c9b2c623120d000bee07b877c82cab32bace9,2744,BACKEND_SRC
services/backend/src/tests/meal/canonical-food-source-firewall.test.ts,7cfd21296adf38add752011b89bcec7e9197da73,600,BACKEND_SRC
services/backend/src/tests/meal/confirmed-snapshot-provenance.test.ts,950ea2674889a1fbc86e1d0fb2480472638d35c9,2388,BACKEND_SRC
services/backend/src/tests/meal/empty-day-zero.test.ts,21788e1d15f67c2c0c7ea3022ea0aca7eb9f7cc6,513,BACKEND_SRC
services/backend/src/tests/meal/food-ai-disabled.test.ts,1c9727fc58199958fb34612bc1cfd47a83b3c2e8,1205,BACKEND_SRC
services/backend/src/tests/meal/food-correction-boundary.test.ts,77287843f426a652abf74f2682a459d740a4bd36,1811,BACKEND_SRC
services/backend/src/tests/meal/food-ledger-boundary.test.ts,8b37f4b5cab7965ee0d63a17efc51fd2768ac5cd,4005,BACKEND_SRC
services/backend/src/tests/meal/food-p0-contracts.test.ts,a92bc9fce633e97a2e7faa7eb350dc8612cfb85e,3871,BACKEND_SRC
services/backend/src/tests/meal/image-estimate-adapter.test.ts,2ff75ffb1d556d0ef94b97e26298f2398fbf0d37,4792,BACKEND_SRC
services/backend/src/tests/meal/media-privacy-lifecycle.test.ts,83320f5a2f1ccd812bce42cf798dca3039206ada,6267,BACKEND_SRC
services/backend/src/tests/meal/nutrition-catalog.test.ts,6bc7b37f11344168767111dfd01275d7e9a96ad7,1853,BACKEND_SRC
services/backend/src/tests/meal/nutrition-report-unknown.test.ts,c09bc84e26699424e2bda6b33f64d427c9b0fef5,963,BACKEND_SRC
services/backend/src/tests/meal/nutrition-report.test.ts,6a97f8fe433b9849943d7ac1d3d1ce762d29154b,1434,BACKEND_SRC
services/backend/src/tests/meal/open-food-facts.test.ts,79245f391c403befb964d42078a385efdfbe6c97,4795,BACKEND_SRC
services/backend/src/tests/meal/packaged-cache-policy.test.ts,dc0eadde1811f8a524af0bc780b9425ebe69b761,371,BACKEND_SRC
services/backend/src/tests/meal/packaged-fallback.test.ts,3b3ba069882272363d9081711a8ff0f5eb2c41ef,590,BACKEND_SRC
services/backend/src/tests/meal/packaged-food-index.test.ts,4d5225a7a77b255f473d9e195086fecb0e5985a5,449,BACKEND_SRC
services/backend/src/tests/meal/packaged-food-service.test.ts,3282dc7acd7d3229c19ec9c83795b32d0e083949,1969,BACKEND_SRC
services/backend/src/tests/meal/packaged-route.test.ts,2400b21fa95916e55f093700735228798b4462da,2955,BACKEND_SRC
services/backend/src/tests/meal/packaged-service.test.ts,724581df3a2fe0d83da2a6d1629be46c58fdc6d1,1607,BACKEND_SRC
services/backend/src/tests/meal/personal-food.test.ts,452173e125a708b384bf9efcc37a60f89894a160,1767,BACKEND_SRC
services/backend/src/tests/meal/portion-strength.test.ts,159013476ec284fca5d2f7846138a37c7f938246,525,BACKEND_SRC
services/backend/src/tests/meal/README-food-p0.md,838728c00f8b3d05f39b312a347fb8b32272a02b,403,BACKEND_SRC
services/backend/src/tests/meal/regional-identity.test.ts,4707f78b1ec92ba6afed51e0c9201eac055e6e8b,1357,BACKEND_SRC
services/backend/src/tests/meal/routes.test.ts,47736668e189264e7dfbf36ed77b256d8b389710,24808,BACKEND_SRC
services/backend/src/tests/meal/saved-meals.test.ts,047a842ab2d78eb37d6276e1f1d8196a780f83f8,2285,BACKEND_SRC
services/backend/src/tests/meal/store.test.ts,b0c2db4a709311f2cd23d93e4f497dec510b2cec,14806,BACKEND_SRC
services/backend/src/tests/notification/notification-store.test.ts,296c8ced3bec2b9140ade278dfacc4a31e35c498,764,BACKEND_SRC
services/backend/src/tests/nutrition-evidence/nutrition-evidence.test.ts,e5886d0a0234f61abf30b721a49364a650bbf607,9836,BACKEND_SRC
services/backend/src/tests/nutrition/benchmark-metrics.test.ts,3500e8eae87d675b6c495f44ba0abd1fc2d26083,5398,BACKEND_SRC
services/backend/src/tests/nutrition/benchmark-schemas.test.ts,59d4e9218dd8932fc5f47726cdbf74d36158bb21,9433,BACKEND_SRC
services/backend/src/tests/nutrition/blind-prediction.test.ts,72782e8838733432936e5c0e547faa88b262990c,3450,BACKEND_SRC
services/backend/src/tests/nutrition/blind-runtime-support.test.ts,14d1fa85c11542dbf3232ec4f93bac638e169fdc,4036,BACKEND_SRC
services/backend/src/tests/nutrition/candidate-graph.test.ts,b7ba1cda8e37e6d3e59a421dbbf415fec157cd65,1842,BACKEND_SRC
services/backend/src/tests/nutrition/candidate-provider.test.ts,05c8dd4c140fadbff0c91151841136c497823fdb,4283,BACKEND_SRC
services/backend/src/tests/nutrition/clarification.test.ts,b9d1ba97d0c1b9aa39f8bb5e13f2e479b92157ca,4899,BACKEND_SRC
services/backend/src/tests/nutrition/configured-vision-router.test.ts,6acb872e5e1ddd58cb49c84d3291c2a7f0b13d22,3091,BACKEND_SRC
services/backend/src/tests/nutrition/configured-vision.test.ts,3279cbaa5a5aab60a647ea69b828a41f1f1e2e25,692,BACKEND_SRC
services/backend/src/tests/nutrition/density-library.test.ts,5e489bdc88b141d2d64a2cdf5ff883273a069519,1782,BACKEND_SRC
services/backend/src/tests/nutrition/evidence-source-registry.test.ts,6c9b5f9669e4dd274b858f12ca5126cf7b278408,2345,BACKEND_SRC
services/backend/src/tests/nutrition/food-resolver.test.ts,b7176ab9ce372d98080dcde237812c5695c1a58d,3965,BACKEND_SRC
services/backend/src/tests/nutrition/food-wave4-calibration.test.ts,52ef10d1e3b99e2f8801f6d70e21b3e37718cc9d,10320,BACKEND_SRC
services/backend/src/tests/nutrition/gemini-food-scene-adapter.test.ts,b63299d126be317a7162c68a24a9abb86587138f,7537,BACKEND_SRC
services/backend/src/tests/nutrition/gold-reference-benchmark.test.ts,fb0d2b1709594cbedd0027d5384d226e56d1fd3f,3982,BACKEND_SRC
services/backend/src/tests/nutrition/image-estimate-pipeline.test.ts,eb5588af6f045f4bef50b59e4aabf5b3cf114b48,14795,BACKEND_SRC
services/backend/src/tests/nutrition/internet-corpus.test.ts,d5652ea658ebc47c93ecb123be2d19c1060f8980,8722,BACKEND_SRC
services/backend/src/tests/nutrition/interval-calibration.test.ts,3b862e4e42f84789c7fd44f3be9b0a250f7bcecb,1535,BACKEND_SRC
services/backend/src/tests/nutrition/knowledge-nutrition-resolver.test.ts,60b0e5b2cb2b704dadd59521c383272d320c1055,1554,BACKEND_SRC
services/backend/src/tests/nutrition/knowledge-snapshot.test.ts,2729e932c5d8c864295d93c81a3f682fdc60d1e3,2260,BACKEND_SRC
services/backend/src/tests/nutrition/knowledge-source-policy.test.ts,0c2de6f6e20a973f128d80abb90bcaac1165a3ca,2731,BACKEND_SRC
services/backend/src/tests/nutrition/live-image-estimate-service.test.ts,a87edd86d8355819e3e4008436615adc38ad3f38,12029,BACKEND_SRC
services/backend/src/tests/nutrition/movefuel-algorithm.test.ts,e0fca96260558ca2b2c5648d845c8c55934f826c,6440,BACKEND_SRC
services/backend/src/tests/nutrition/nutrient-calculator.test.ts,0f9f3575e734da24c9f70d819b05d001d4a221c0,2261,BACKEND_SRC
services/backend/src/tests/nutrition/opencv-pixel-quality.test.ts,8c6be56398996b5e349314b65bec71fcf45accc4,1635,BACKEND_SRC
services/backend/src/tests/nutrition/openrouter-food-scene-adapter.test.ts,74d1fd08117aa475860a8b0c3cf97b761903e3c5,6061,BACKEND_SRC
services/backend/src/tests/nutrition/personal-serving-prior.test.ts,9b7e44df017c98dc88126391ba21befc9589a03d,856,BACKEND_SRC
services/backend/src/tests/nutrition/portion-estimator.test.ts,dac8d45753b15668cca9f12cf2a97b778fa65c17,12260,BACKEND_SRC
services/backend/src/tests/nutrition/provider-comparison.test.ts,18f16f105a23dca65f865d16c50e1f748a725f45,10502,BACKEND_SRC
services/backend/src/tests/nutrition/provider-registry.test.ts,5d5a3876e2416c371793540da6b2c38dfe8533f1,4695,BACKEND_SRC
services/backend/src/tests/nutrition/quality-assessment.test.ts,07e97eb94197f9dd17b31d40b2730dd51bc1c3c7,3991,BACKEND_SRC
services/backend/src/tests/nutrition/recipe-resolver.test.ts,17b8d2792f74334a0dabcf3f8510bc6f95f5c668,11289,BACKEND_SRC
services/backend/src/tests/nutrition/reviewed-recipe-snapshot.test.ts,b067bcab09c595ed25f66c750c6ed9cdb9df42d6,2845,BACKEND_SRC
services/backend/src/tests/nutrition/schema-validation.test.ts,8f4e7b7dcc81c8e08c085f86fb79b49c9d677984,14485,BACKEND_SRC
services/backend/src/tests/nutrition/segmentation-adapter.test.ts,e9bdec5a4e859c60e6cc0b7ee08628cbd4e6cf5d,4970,BACKEND_SRC
services/backend/src/tests/nutrition/serving-prior-admission.test.ts,37474a89ea185d1db6bcbb1bfc995593ecd655e7,1814,BACKEND_SRC
services/backend/src/tests/nutrition/serving-prior-store.test.ts,9d7cae14b9d68cfa8f1b81001ce0bb61e1d64b55,4009,BACKEND_SRC
services/backend/src/tests/nutrition/sidecar-depth-scale-adapter.test.ts,b1a88d07111a6ebbc1d78a5cb4cb8c2fccad6658,1918,BACKEND_SRC
services/backend/src/tests/nutrition/usda-client.test.ts,07239afaba92c9dda10680f270176e6e0106e311,7455,BACKEND_SRC
services/backend/src/tests/nutrition/vision-ensemble.test.ts,99724735aaa69547bc5fba4d46e82ea3022deed2,1919,BACKEND_SRC
services/backend/src/tests/nutrition/volume-reconstruction.test.ts,d1ea12c16d485e358210350afd3a75984c9d090e,2283,BACKEND_SRC
services/backend/src/tests/privacy-http-runtime.test.ts,82d3427be98a0a73f165ae39607c929c933a73f7,5941,BACKEND_SRC
services/backend/src/tests/privacy/image-estimate-privacy-guard.test.ts,466b54641a5ff16a9bf646cba4edb45d70b78ec8,3302,BACKEND_SRC
services/backend/src/tests/production-preflight.test.ts,c6be6d8f797ade7cc45d787aecb8a4a5b3de4a6b,6387,BACKEND_SRC
services/backend/src/tests/progress/progress.test.ts,c0ba65247101aae69a38afb13f2601be7373bae7,2506,BACKEND_SRC
services/backend/src/tests/provider-call-recorder.test.ts,10130ea520af7d91412101a00a8f5c8d196b330a,2242,BACKEND_SRC
services/backend/src/tests/report/report-narrative.test.ts,7e39145afddb23e277f360de63c3d753d8d7bfa0,3051,BACKEND_SRC
services/backend/src/tests/report/report-store.test.ts,db77919e3df6445a3931a74fc6a7cd42fb53b5ac,2429,BACKEND_SRC
services/backend/src/tests/support/support-store.test.ts,84b9038d3985abb3fb64a07c17775991c73fb217,1317,BACKEND_SRC
services/backend/src/tests/sync-product/adapter.test.ts,df9ba2a2774239119bc9d4c40ff368e3651a6dd3,8346,BACKEND_SRC
services/backend/src/tests/sync-product/appwrite-summary-store.test.ts,51d3659ad11202cd7780910d4e40271ecd384127,4647,BACKEND_SRC
services/backend/src/tests/sync-product/appwrite-watch-store.test.ts,e6051e81518a767f018de8a426dc744f60ab1859,7465,BACKEND_SRC
services/backend/src/tests/sync-product/appwrite-workout-store.test.ts,027c3098981edee856f66da5166f7d6c933a6f29,5388,BACKEND_SRC
services/backend/src/tests/sync-product/canonical-reconciliation-closure.test.ts,661193fb75cefc8795e52549ced369ad0fe7ab26,12956,BACKEND_SRC
services/backend/src/tests/sync-product/http.test.ts,db68f1fa02f7609459eaf5861c4f9aa53bc08915,6680,BACKEND_SRC
services/backend/src/tests/sync-product/wave4-operation-id-reuse.test.ts,f89aa81aa3ffc28fb20a80c0d19c53b821a00d7a,9015,BACKEND_SRC
services/backend/src/tests/sync-product/workout-authority-transfer.test.ts,eda1b016dcb72ab176488af5f0579902dc5fd6f8,14405,BACKEND_SRC
services/backend/src/tests/sync.test.ts,e38eea0664ba3a635ef9c5f234786d327eb70fcd,3176,BACKEND_SRC
services/backend/src/tests/sync/phone-session-matrix.test.ts,3ef2fd89935d0cf4b1249263607620c3a0774f7c,17395,BACKEND_SRC
services/backend/src/tests/today/context-adapters.test.ts,83af556b95be73b250415320a5885d391af89c36,2522,BACKEND_SRC
services/backend/src/tests/today/decision-orchestrator.test.ts,1116f8d1ed01149dc030288794affa6f82c953fa,12183,BACKEND_SRC
services/backend/src/tests/today/input-hash-integrity.test.ts,acb64f7f483c590ef390f3a7aec15f2916bd8763,5334,BACKEND_SRC
services/backend/src/tests/today/production-source.test.ts,89b02fb6bfe99c28713ac5cf95b89e129abe2d1c,7701,BACKEND_SRC
services/backend/src/tests/today/source-revision-conflict.test.ts,4c664b8a2414cab0a82af98a05f6f60386db4ffb,4828,BACKEND_SRC
services/backend/src/tests/today/wave4-stress-matrix.test.ts,96dcce3f93cc380b89b544b14b409c87e49fe5a0,7099,BACKEND_SRC
services/backend/src/tests/training/backend-training-adapter.test.ts,93818e87256fdd86a84ca97383ca5430aadc8e96,7910,BACKEND_SRC
services/backend/src/tests/training/calendar-adaptation-requester.test.ts,ed9efd5068f2dafc47a60fd2690a34dc4eb188ee,4921,BACKEND_SRC
services/backend/src/tests/training/calendar-constraint-runtime.test.ts,0d5d4ff615b57ab6da33340c75ff3fcbea50f222,18367,BACKEND_SRC
services/backend/src/tests/training/canonical-training-history.test.ts,c2a87ce087b801e8df3b2dd6020d92d1520885af,6757,BACKEND_SRC
services/backend/src/tests/training/catalog-ingestion.test.ts,74eb9bd83ffc817edafe64d2ea08e84ac4a5af17,7751,BACKEND_SRC
services/backend/src/tests/training/current-plan-recovery-matrix.test.ts,1a19b25b6a925c7be73c60fdd31d3c8ec467c601,11737,BACKEND_SRC
services/backend/src/tests/training/generation-coordinator.test.ts,0317b7fdd76b6a3078e99840b44ca88a2f7a260c,12246,BACKEND_SRC
services/backend/src/tests/training/runtime-input.test.ts,4df16ecd2c1cad91eb5dee58a93aa476d3e57dd3,6191,BACKEND_SRC
services/backend/src/tests/training/setup-service.test.ts,ef2ddde3f10be9e1aa7f7dc606800525339a253e,2804,BACKEND_SRC
services/backend/src/tests/training/training-calendar-today-boundary.test.ts,6a4dd479f2ae6bfdff7b67a8dc2029023739263e,6355,BACKEND_SRC
services/backend/src/tests/training/training-foundation.test.ts,53deaec72caa503c39c10556a66f80617272158b,7211,BACKEND_SRC
services/backend/src/tests/training/training-program.test.ts,52e6fd7e5a8fc6e2e187488135fd3d4b58f21259,8806,BACKEND_SRC
services/backend/src/tests/training/training-progression.test.ts,81cca3116488a1e1593f6ebf7294578e91637cf3,3213,BACKEND_SRC
services/backend/src/tests/training/training-simulation-matrix.test.ts,e0c64c9d32aa0956e7265db6310c468560ae658b,6755,BACKEND_SRC
services/backend/src/tests/training/training-simulation.test.ts,d8cc6143576b6ac73d1ea1e7b588f2f06e5b7978,7135,BACKEND_SRC
services/backend/src/tests/training/wave4-training-algorithm-benchmark.test.ts,0bcc6ad8ee61bde7f363d5ea0ce32a30c772a831,14655,BACKEND_SRC
services/backend/src/today/context-adapters.ts,4204c0291ec4133f320ff242c31fb648d2c2c1dd,2776,BACKEND_SRC
services/backend/src/today/contracts.ts,ca53f973bbe7dd5e8ef7a09dd9aa3cf24ec7c262,2639,BACKEND_SRC
services/backend/src/today/decision-orchestrator.ts,8a48817d6d4b64e95feb0fa7485cedcd55745b0f,12441,BACKEND_SRC
services/backend/src/today/production-source.ts,12dcba5fe4839e157ba398914d99a6530fdf1655,10405,BACKEND_SRC
services/backend/src/today/projection.ts,b4ae5c25c0981325109e994ec8e86c758175064a,2248,BACKEND_SRC
services/backend/src/today/runtime.ts,3bf4c4a187e2a7800c2b5e24424bfd7e872b7dee,2846,BACKEND_SRC
services/backend/src/today/service.ts,fe530e2a09473c908236a35a3190a2600dcdc0b8,3227,BACKEND_SRC
services/backend/src/training/calendar-adaptation-requester.ts,f08dbadfe27d661e16a14b4eebe4c72d7db8c525,2413,BACKEND_SRC
services/backend/src/training/canonical-history-store.ts,00e89208d20fe7189526af4e94adc573c04d6d0e,3899,BACKEND_SRC
services/backend/src/training/catalog-ingestion-cli.ts,69d25184bcd1dd387662891d415193b36a9afc2e,5046,BACKEND_SRC
services/backend/src/training/catalog-ingestion.ts,abb9d01235492217b0741503604cdb30fe4744f7,8352,BACKEND_SRC
services/backend/src/training/catalog-store.ts,f5af61109e07555fbb9b71bae28e81c5fbf96441,3097,BACKEND_SRC
services/backend/src/training/current-plan-store.ts,b1473258a6d8b9777bec597f40ce27f3544d98e5,4145,BACKEND_SRC
services/backend/src/training/generation-coordinator.ts,5b6d61e7e26df38b876888f7b09f5733db2a55ea,12396,BACKEND_SRC
services/backend/src/training/plan-store.ts,e939c3d876cb276a86b4dba91f0d0f2a2ead8b95,8912,BACKEND_SRC
services/backend/src/training/runtime-input.ts,dce727ab2bff980b3dfb01ae00ab9be042582113,10169,BACKEND_SRC
services/backend/src/training/setup-service.ts,70d138a2be0125e0b169612aec0c64b55611753f,6129,BACKEND_SRC
services/backend/src/training/today-adapter.ts,d8753c4b4597944612fa0ffff2489c74f1a60aa4,3418,BACKEND_SRC
services/backend/src/training/training-service.ts,3f9b61442c86380ffeb5c5d8a135f7f534f625ba,3477,BACKEND_SRC
services/backend/tsconfig.production.json,06a873503b9c52a5cb2967a0ed001f09e58c11a5,491,OTHER
TESTING_READY_HANDOFF.md,9b40c19c3c5221295a817bd4d80bcc6d78a600fd,4152,OTHER
tools/verification/agent12_wear_trust_breaker.py,0c2264ca7500cffbfdedc3e663b94ddeb768e525,11518,OTHER
tools/verification/appwrite_resource_audit.py,941bbe19252bb665e129955c45575eefe3cef63b,5592,OTHER
tools/verification/appwrite_staging_inventory.py,b4c7708ff1926cf3c714a5ae6081e6f7c2cdef5f,8183,OTHER
tools/verification/architecture_guard.py,ea1542d49a0a5156d1503aa196aad7c91ada2a82,9001,OTHER
tools/verification/build-all-local.sh,4e0d699093a9c3532b1fbe581e4007367486d504,2457,OTHER
tools/verification/master_release_gate.py,43969b970f47a0b6642b426e2a73ee44d40abac4,8271,OTHER
tools/verification/package-appwrite-function.sh,bfedc00949bce559669a9bf6052f4ec3a196b440,1338,OTHER
tools/verification/package-source.sh,b1ff6dc6bce3b069ec22addb8fb53c115ebc2bec,1625,OTHER
tools/verification/packaging_hygiene_static.py,79ca0af972b7cb5d96b5e0bbe0facfb92c1a293d,1070,OTHER
tools/verification/production_source_static.py,f846fba375fa700bcba1409b6e60a991a0fe5c0f,5753,OTHER
tools/verification/repository_integrity_static.py,45a8bdb82a2f9dd434a9a0016006b7334e362f11,3076,OTHER
tools/verification/test-machine-preflight.py,e9d2756d736874aef991445f5de1b04aa15aa3b8,4103,OTHER
tools/verification/testing_readiness_static.py,99dfdb6ff7f07c0fe994cd9ae8b63124ad02a12a,4902,OTHER
tools/verification/ui_acceptance_static.py,53adbbc78b7a96bbc3f481f1137d6b1d3e69eaea,13314,OTHER
tools/verification/verify_all_local.sh,174dc4f637bc33a97f2ec90aa93eaddd0cf377de,947,OTHER
tools/verification/watch_connection_static.py,7447aca017b2253eb9d15290be1441c4686407a1,13716,OTHER
tools/verification/wear_authority_acceptance.py,a8a9edfb6efc9f2cfcebb18826c6682fdb2a7355,11154,OTHER
UI-Test/assets/css/app.css,8d16e28ed40ea8c802f52a5a6f30d33bc08e7acb,3244,OTHER
UI-Test/assets/css/motion.css,f9c57059739dd0a4cfc39e84db851c453cf9b297,3665,OTHER
UI-Test/assets/css/tokens.css,ae7f47249ae07ae56d5f921fd7dd87a3b0542355,730,OTHER
UI-Test/assets/js/motion.js,be9398c35b58befba3ece373a312ee5f32f34733,1213,OTHER
UI-Test/docs/MOTION_AND_USER_FLOWS.md,5ed1a5a901573c77740bfdcf4d932cc0e8837aff,13315,OTHER
UI-Test/index.html,e52aba0d42220adcca10866e99fc53edae3323c0,971,OTHER
UI-Test/README.md,adc2ca352a86da774e2892892ddf2cc6b96d0e7a,1622,OTHER
UI-Test/screens/auth/AUTH-001_secure-restore.html,17a155326f3f96de46c9b6c1ba12f6b4d5434938,1439,OTHER
UI-Test/screens/auth/AUTH-002_sign-in.html,71db7dccd937eeaab541129ba4db0cee35ea54c6,1406,OTHER
UI-Test/screens/auth/AUTH-003_create-account.html,00215ebb3890f01a107abc3d856925483b3d7449,1539,OTHER
UI-Test/screens/auth/AUTH-004_verify-email.html,651937836d414cea833aa3454cf26e056acdcd90,1298,OTHER
UI-Test/screens/auth/AUTH-005_resend-verification.html,f4a0f453e3ac6b9fd4fbd17700dd9b48bcb0972a,1232,OTHER
UI-Test/screens/auth/AUTH-006_verified.html,2e44f93190d05b28456c221a4372399ac506e164,950,OTHER
UI-Test/screens/auth/AUTH-007_verification-expired.html,7b7a3a5b7dda795e4891f179e6130c10d87c6051,1069,OTHER
UI-Test/screens/auth/AUTH-008_forgot-password.html,eea39d723f5e5c8bec71db19c3a8c65569d883b9,1125,OTHER
UI-Test/screens/auth/AUTH-009_reset-password.html,29259e6d603d3dbe844294c6854cfc36d637269f,1137,OTHER
UI-Test/screens/auth/AUTH-010_password-reset-success.html,f5193626450bb6f0a4d51a41ea10bfc180645706,928,OTHER
UI-Test/screens/auth/AUTH-011_offline.html,c844488747210f2214cdb4e962391ecc211db247,1174,OTHER
UI-Test/screens/auth/AUTH-012_session-expired.html,1cd5cbd1c2cebe6d485a6dd008f7b6cf2dc48576,971,OTHER
UI-Test/screens/auth/AUTH-013_backend-unavailable.html,b4621ed4e167c1c68df443db4ef0cf2d71ca4938,1236,OTHER
UI-Test/screens/auth/AUTH-014_verification-error.html,7ec8981828292e51bad35e616dbfa267a0f1c738,1053,OTHER
UI-Test/screens/onboarding/ONB-001_welcome.html,e0b54bd9a850931b46bb130de50fbf2a0155018a,1554,OTHER
UI-Test/screens/onboarding/ONB-002_setup-choice.html,701b9311b16ca8550068ab1c8cf7a4561c5af901,1444,OTHER
UI-Test/screens/onboarding/ONB-003_name.html,38710a5a5386b6a3686382fe5c2be154746d6ebf,1400,OTHER
UI-Test/screens/onboarding/ONB-004_dob.html,fbb8a198fe449ba94359f177323f8f5160aa33e0,1399,OTHER
UI-Test/screens/onboarding/ONB-005_country.html,7214f8fd66e57b22abc7cef56e5e33c0a7ca900d,1948,OTHER
UI-Test/screens/onboarding/ONB-006_units.html,f0d79771e9501dcd68133f7fb78c28e5a2d2d32c,1444,OTHER
UI-Test/screens/onboarding/ONB-007_height.html,e144093d7b619953d9d7f9600677eb5a5f509ee1,1514,OTHER
UI-Test/screens/onboarding/ONB-008_current-weight.html,487ca6a4684b871c2637d31e3a95a01f9fe3b53f,1543,OTHER
UI-Test/screens/onboarding/ONB-009_energy-profile.html,6612909a8eb9833244b5adfa4b78e151893e4934,1750,OTHER
UI-Test/screens/onboarding/ONB-010_activity.html,424da1bbf8aa58a815af174b9e4c248ecdc12ac6,1676,OTHER
UI-Test/screens/onboarding/ONB-011_body-composition.html,00c2ec4db57af1410f970e75cd7512a31a7a1469,1693,OTHER
UI-Test/screens/onboarding/ONB-012_goal.html,270216ea5ca337554066bddeb9c415f4555778a0,1881,OTHER
UI-Test/screens/onboarding/ONB-013_target-context.html,acf6f270ac6ab994e1e2e4ebf049717b45f61ace,1909,OTHER
UI-Test/screens/onboarding/ONB-013A_target-details.html,003193efcd8e46487cdf52c492a5785bd8cdcf2f,1814,OTHER
UI-Test/screens/onboarding/ONB-014_training-frequency.html,bfeb666fd6ccfee4c6d066eec5eae9e177a87681,1535,OTHER
UI-Test/screens/onboarding/ONB-015_session-duration.html,99d2a3b7eef08e6e2d6d86f441b0ca728e3727ad,1701,OTHER
UI-Test/screens/onboarding/ONB-016_dietary-preferences.html,c99c0f288744fdc0c410f5982cfd744b4bae9338,1845,OTHER
UI-Test/screens/onboarding/ONB-017_allergies.html,4719adc5bdb8d8a1d6694aec6d3c6391394ba6e6,2023,OTHER
UI-Test/screens/onboarding/ONB-018_calculating-targets.html,1c5831eb14189336c5be338719d4caa89004e00e,2326,OTHER
UI-Test/screens/onboarding/ONB-019_target-review.html,ea9897d5b36ae2596e8df276ba054d22e69cb302,2178,OTHER
UI-Test/screens/onboarding/ONB-020_how-estimated.html,ffaa55ffd856bfd0faf30acde0da7b30173f966e,2144,OTHER
UI-Test/screens/onboarding/ONB-021_final-summary.html,8bb5cfa8778e0ed119e8dd7b907270b5be2e5c88,1975,OTHER
UI-Test/screens/onboarding/ONB-022_permissions-privacy.html,027504bde09b8e68deec288f3ad96864c59af4c3,2133,OTHER
UI-Test/screens/onboarding/ONB-023_complete.html,b1e315f15d491d560070c243e1e1a124447446b6,1241,OTHER
WATCH_CONNECTION_UPDATE_2026-08-18.md,f9675a9d24c5b5b44bb0c05c7fa6218c197dd2a9,4448,OTHER
