"screen_id","screen_title","control","control_type","current_implementation","expected_on_click","confirmation_required","permission_gate","data_effect","priority","implementation_note"
"AUTH_001","Secure Restore","Continue","current primary button","WIRED_BUT_WRONG_SEMANTICS","navigate to next registry route","no","none","navigation only","P0","replace with semantic primary action"
"AUTH_001","Secure Restore","Back","current text button","WIRED_BUT_WRONG_SEMANTICS","navigate to previous registry route","no","none","navigation only","P0","replace with parent/back-stack/cancel behavior"
"AUTH_001","Secure Restore","Retry restore","button","PLANNED_REQUIRED","rerun secure session restore","no","none","none","P0","implement via typed UiAction/ViewModel; add disabled/loading/success/error states"
"AUTH_001","Secure Restore","Sign in instead","text","PLANNED_REQUIRED","open Sign In","no","none","none","P0","implement via typed UiAction/ViewModel; add disabled/loading/success/error states"
"AUTH_002","Sign In","Continue","current primary button","WIRED_BUT_WRONG_SEMANTICS","navigate to next registry route","no","none","navigation only","P0","replace with semantic primary action"
"AUTH_002","Sign In","Back","current text button","WIRED_BUT_WRONG_SEMANTICS","navigate to previous registry route","no","none","navigation only","P0","replace with parent/back-stack/cancel behavior"
"AUTH_002","Sign In","Sign in","primary","PLANNED_REQUIRED","validate credentials then open onboarding or Today","no","network","create session","P0","implement via typed UiAction/ViewModel; add disabled/loading/success/error states"
"AUTH_002","Sign In","Forgot password","text","PLANNED_REQUIRED","open Forgot Password","no","none","none","P0","implement via typed UiAction/ViewModel; add disabled/loading/success/error states"
"AUTH_002","Sign In","Create account","text","PLANNED_REQUIRED","open Create Account","no","none","none","P0","implement via typed UiAction/ViewModel; add disabled/loading/success/error states"
"AUTH_003","Create Account","Continue","current primary button","WIRED_BUT_WRONG_SEMANTICS","navigate to next registry route","no","none","navigation only","P0","replace with semantic primary action"
"AUTH_003","Create Account","Back","current text button","WIRED_BUT_WRONG_SEMANTICS","navigate to previous registry route","no","none","navigation only","P0","replace with parent/back-stack/cancel behavior"
"AUTH_003","Create Account","Create account","primary","PLANNED_REQUIRED","create account then Verify Email","no","network","create account","P0","implement via typed UiAction/ViewModel; add disabled/loading/success/error states"
"AUTH_003","Create Account","Sign in","text","PLANNED_REQUIRED","open Sign In","no","none","none","P0","implement via typed UiAction/ViewModel; add disabled/loading/success/error states"
"AUTH_003","Create Account","Terms","link","PLANNED_REQUIRED","open Terms","no","none","none","P0","implement via typed UiAction/ViewModel; add disabled/loading/success/error states"
"AUTH_003","Create Account","Privacy","link","PLANNED_REQUIRED","open Privacy","no","none","none","P0","implement via typed UiAction/ViewModel; add disabled/loading/success/error states"
"AUTH_004","Verify Email","Continue","current primary button","WIRED_BUT_WRONG_SEMANTICS","navigate to next registry route","no","none","navigation only","P0","replace with semantic primary action"
"AUTH_004","Verify Email","Back","current text button","WIRED_BUT_WRONG_SEMANTICS","navigate to previous registry route","no","none","navigation only","P0","replace with parent/back-stack/cancel behavior"
"AUTH_004","Verify Email","I've verified","primary","PLANNED_REQUIRED","refresh verification then continue","no","none","none","P0","implement via typed UiAction/ViewModel; add disabled/loading/success/error states"
"AUTH_004","Verify Email","Resend","secondary","PLANNED_REQUIRED","request new verification email","no","network","verification request","P0","implement via typed UiAction/ViewModel; add disabled/loading/success/error states"
"AUTH_005","Resend Verification","Continue","current primary button","WIRED_BUT_WRONG_SEMANTICS","navigate to next registry route","no","none","navigation only","P0","replace with semantic primary action"
"AUTH_005","Resend Verification","Back","current text button","WIRED_BUT_WRONG_SEMANTICS","navigate to previous registry route","no","none","navigation only","P0","replace with parent/back-stack/cancel behavior"
"AUTH_005","Resend Verification","Resend verification","primary","PLANNED_REQUIRED","request email","no","network","verification request","P0","implement via typed UiAction/ViewModel; add disabled/loading/success/error states"
"AUTH_006","Verification Success","Continue","current primary button","WIRED_BUT_WRONG_SEMANTICS","navigate to next registry route","no","none","navigation only","P0","replace with semantic primary action"
"AUTH_006","Verification Success","Back","current text button","WIRED_BUT_WRONG_SEMANTICS","navigate to previous registry route","no","none","navigation only","P0","replace with parent/back-stack/cancel behavior"
"AUTH_006","Verification Success","Continue","primary","PLANNED_REQUIRED","open onboarding/Today","no","none","none","P0","implement via typed UiAction/ViewModel; add disabled/loading/success/error states"
"AUTH_007","Verification Expired","Continue","current primary button","WIRED_BUT_WRONG_SEMANTICS","navigate to next registry route","no","none","navigation only","P0","replace with semantic primary action"
"AUTH_007","Verification Expired","Back","current text button","WIRED_BUT_WRONG_SEMANTICS","navigate to previous registry route","no","none","navigation only","P0","replace with parent/back-stack/cancel behavior"
"AUTH_007","Verification Expired","Resend link","primary","PLANNED_REQUIRED","create fresh verification/reset request","no","network","request","P0","implement via typed UiAction/ViewModel; add disabled/loading/success/error states"
"AUTH_008","Forgot Password","Continue","current primary button","WIRED_BUT_WRONG_SEMANTICS","navigate to next registry route","no","none","navigation only","P0","replace with semantic primary action"
"AUTH_008","Forgot Password","Back","current text button","WIRED_BUT_WRONG_SEMANTICS","navigate to previous registry route","no","none","navigation only","P0","replace with parent/back-stack/cancel behavior"
"AUTH_008","Forgot Password","Send reset link","primary","PLANNED_REQUIRED","request password reset","no","network","reset request","P0","implement via typed UiAction/ViewModel; add disabled/loading/success/error states"
"AUTH_009","Reset Password","Continue","current primary button","WIRED_BUT_WRONG_SEMANTICS","navigate to next registry route","no","none","navigation only","P0","replace with semantic primary action"
"AUTH_009","Reset Password","Back","current text button","WIRED_BUT_WRONG_SEMANTICS","navigate to previous registry route","no","none","navigation only","P0","replace with parent/back-stack/cancel behavior"
"AUTH_009","Reset Password","Save new password","primary","PLANNED_REQUIRED","update password then success","no","network","credential update","P0","implement via typed UiAction/ViewModel; add disabled/loading/success/error states"
"AUTH_010","Password Reset Success","Continue","current primary button","WIRED_BUT_WRONG_SEMANTICS","navigate to next registry route","no","none","navigation only","P0","replace with semantic primary action"
"AUTH_010","Password Reset Success","Back","current text button","WIRED_BUT_WRONG_SEMANTICS","navigate to previous registry route","no","none","navigation only","P0","replace with parent/back-stack/cancel behavior"
"AUTH_010","Password Reset Success","Sign in","primary","PLANNED_REQUIRED","open Sign In","no","none","none","P0","implement via typed UiAction/ViewModel; add disabled/loading/success/error states"
"AUTH_011","Offline Account State","Continue","current primary button","WIRED_BUT_WRONG_SEMANTICS","navigate to next registry route","no","none","navigation only","P0","replace with semantic primary action"
"AUTH_011","Offline Account State","Back","current text button","WIRED_BUT_WRONG_SEMANTICS","navigate to previous registry route","no","none","navigation only","P0","replace with parent/back-stack/cancel behavior"
"AUTH_011","Offline Account State","Retry","primary","PLANNED_REQUIRED","retry account/session operation","no","none","none","P0","implement via typed UiAction/ViewModel; add disabled/loading/success/error states"
"AUTH_011","Offline Account State","Sign in","secondary","PLANNED_REQUIRED","open Sign In","no","none","none","P0","implement via typed UiAction/ViewModel; add disabled/loading/success/error states"
"AUTH_012","Session Expired","Continue","current primary button","WIRED_BUT_WRONG_SEMANTICS","navigate to next registry route","no","none","navigation only","P0","replace with semantic primary action"
"AUTH_012","Session Expired","Back","current text button","WIRED_BUT_WRONG_SEMANTICS","navigate to previous registry route","no","none","navigation only","P0","replace with parent/back-stack/cancel behavior"
"AUTH_012","Session Expired","Resend link","primary","PLANNED_REQUIRED","create fresh verification/reset request","no","network","request","P0","implement via typed UiAction/ViewModel; add disabled/loading/success/error states"
"ONB_001","Welcome","Continue","current primary button","WIRED_BUT_WRONG_SEMANTICS","navigate to next registry route","no","none","navigation only","P0","replace with semantic primary action"
"ONB_001","Welcome","Back","current text button","WIRED_BUT_WRONG_SEMANTICS","navigate to previous registry route","no","none","navigation only","P0","replace with parent/back-stack/cancel behavior"
"ONB_001","Welcome","Continue","primary","PLANNED_REQUIRED","validate/save current step then open next onboarding step","no","none","save onboarding draft","P0","implement via typed UiAction/ViewModel; add disabled/loading/success/error states"
"ONB_001","Welcome","Back","secondary","PLANNED_REQUIRED","open prior onboarding step without losing draft","no","none","none","P0","implement via typed UiAction/ViewModel; add disabled/loading/success/error states"
"ONB_002","Setup Choice","Continue","current primary button","WIRED_BUT_WRONG_SEMANTICS","navigate to next registry route","no","none","navigation only","P0","replace with semantic primary action"
"ONB_002","Setup Choice","Back","current text button","WIRED_BUT_WRONG_SEMANTICS","navigate to previous registry route","no","none","navigation only","P0","replace with parent/back-stack/cancel behavior"
"ONB_002","Setup Choice","Continue","primary","PLANNED_REQUIRED","validate/save current step then open next onboarding step","no","none","save onboarding draft","P0","implement via typed UiAction/ViewModel; add disabled/loading/success/error states"
"ONB_002","Setup Choice","Back","secondary","PLANNED_REQUIRED","open prior onboarding step without losing draft","no","none","none","P0","implement via typed UiAction/ViewModel; add disabled/loading/success/error states"
"ONB_002","Setup Choice","Finish later","secondary","PLANNED_REQUIRED","save deferred personalization then enter Today","no","none","set personalization incomplete","P0","implement via typed UiAction/ViewModel; add disabled/loading/success/error states"
"ONB_003","Name","Continue","current primary button","WIRED_BUT_WRONG_SEMANTICS","navigate to next registry route","no","none","navigation only","P0","replace with semantic primary action"
"ONB_003","Name","Back","current text button","WIRED_BUT_WRONG_SEMANTICS","navigate to previous registry route","no","none","navigation only","P0","replace with parent/back-stack/cancel behavior"
"ONB_003","Name","Continue","primary","PLANNED_REQUIRED","validate/save current step then open next onboarding step","no","none","save onboarding draft","P0","implement via typed UiAction/ViewModel; add disabled/loading/success/error states"
"ONB_003","Name","Back","secondary","PLANNED_REQUIRED","open prior onboarding step without losing draft","no","none","none","P0","implement via typed UiAction/ViewModel; add disabled/loading/success/error states"
"ONB_004","Date of Birth","Continue","current primary button","WIRED_BUT_WRONG_SEMANTICS","navigate to next registry route","no","none","navigation only","P0","replace with semantic primary action"
"ONB_004","Date of Birth","Back","current text button","WIRED_BUT_WRONG_SEMANTICS","navigate to previous registry route","no","none","navigation only","P0","replace with parent/back-stack/cancel behavior"
"ONB_004","Date of Birth","Continue","primary","PLANNED_REQUIRED","validate/save current step then open next onboarding step","no","none","save onboarding draft","P0","implement via typed UiAction/ViewModel; add disabled/loading/success/error states"
"ONB_004","Date of Birth","Back","secondary","PLANNED_REQUIRED","open prior onboarding step without losing draft","no","none","none","P0","implement via typed UiAction/ViewModel; add disabled/loading/success/error states"
"ONB_005","Country Language Timezone","Continue","current primary button","WIRED_BUT_WRONG_SEMANTICS","navigate to next registry route","no","none","navigation only","P0","replace with semantic primary action"
"ONB_005","Country Language Timezone","Back","current text button","WIRED_BUT_WRONG_SEMANTICS","navigate to previous registry route","no","none","navigation only","P0","replace with parent/back-stack/cancel behavior"
"ONB_005","Country Language Timezone","Continue","primary","PLANNED_REQUIRED","validate/save current step then open next onboarding step","no","none","save onboarding draft","P0","implement via typed UiAction/ViewModel; add disabled/loading/success/error states"
"ONB_005","Country Language Timezone","Back","secondary","PLANNED_REQUIRED","open prior onboarding step without losing draft","no","none","none","P0","implement via typed UiAction/ViewModel; add disabled/loading/success/error states"
"ONB_006","Units","Continue","current primary button","WIRED_BUT_WRONG_SEMANTICS","navigate to next registry route","no","none","navigation only","P0","replace with semantic primary action"
"ONB_006","Units","Back","current text button","WIRED_BUT_WRONG_SEMANTICS","navigate to previous registry route","no","none","navigation only","P0","replace with parent/back-stack/cancel behavior"
"ONB_006","Units","Continue","primary","PLANNED_REQUIRED","validate/save current step then open next onboarding step","no","none","save onboarding draft","P0","implement via typed UiAction/ViewModel; add disabled/loading/success/error states"
"ONB_006","Units","Back","secondary","PLANNED_REQUIRED","open prior onboarding step without losing draft","no","none","none","P0","implement via typed UiAction/ViewModel; add disabled/loading/success/error states"
"ONB_007","Height","Continue","current primary button","WIRED_BUT_WRONG_SEMANTICS","navigate to next registry route","no","none","navigation only","P0","replace with semantic primary action"
"ONB_007","Height","Back","current text button","WIRED_BUT_WRONG_SEMANTICS","navigate to previous registry route","no","none","navigation only","P0","replace with parent/back-stack/cancel behavior"
"ONB_007","Height","Continue","primary","PLANNED_REQUIRED","validate/save current step then open next onboarding step","no","none","save onboarding draft","P0","implement via typed UiAction/ViewModel; add disabled/loading/success/error states"
"ONB_007","Height","Back","secondary","PLANNED_REQUIRED","open prior onboarding step without losing draft","no","none","none","P0","implement via typed UiAction/ViewModel; add disabled/loading/success/error states"
"ONB_008","Current Weight","Continue","current primary button","WIRED_BUT_WRONG_SEMANTICS","navigate to next registry route","no","none","navigation only","P0","replace with semantic primary action"
"ONB_008","Current Weight","Back","current text button","WIRED_BUT_WRONG_SEMANTICS","navigate to previous registry route","no","none","navigation only","P0","replace with parent/back-stack/cancel behavior"
"ONB_008","Current Weight","Continue","primary","PLANNED_REQUIRED","validate/save current step then open next onboarding step","no","none","save onboarding draft","P0","implement via typed UiAction/ViewModel; add disabled/loading/success/error states"
"ONB_008","Current Weight","Back","secondary","PLANNED_REQUIRED","open prior onboarding step without losing draft","no","none","none","P0","implement via typed UiAction/ViewModel; add disabled/loading/success/error states"
"ONB_009","Energy Estimation Setting","Continue","current primary button","WIRED_BUT_WRONG_SEMANTICS","navigate to next registry route","no","none","navigation only","P0","replace with semantic primary action"
"ONB_009","Energy Estimation Setting","Back","current text button","WIRED_BUT_WRONG_SEMANTICS","navigate to previous registry route","no","none","navigation only","P0","replace with parent/back-stack/cancel behavior"
"ONB_009","Energy Estimation Setting","Continue","primary","PLANNED_REQUIRED","validate/save current step then open next onboarding step","no","none","save onboarding draft","P0","implement via typed UiAction/ViewModel; add disabled/loading/success/error states"
"ONB_009","Energy Estimation Setting","Back","secondary","PLANNED_REQUIRED","open prior onboarding step without losing draft","no","none","none","P0","implement via typed UiAction/ViewModel; add disabled/loading/success/error states"
"ONB_010","Daily Activity","Continue","current primary button","WIRED_BUT_WRONG_SEMANTICS","navigate to next registry route","no","none","navigation only","P0","replace with semantic primary action"
"ONB_010","Daily Activity","Back","current text button","WIRED_BUT_WRONG_SEMANTICS","navigate to previous registry route","no","none","navigation only","P0","replace with parent/back-stack/cancel behavior"
"ONB_010","Daily Activity","Continue","primary","PLANNED_REQUIRED","validate/save current step then open next onboarding step","no","none","save onboarding draft","P0","implement via typed UiAction/ViewModel; add disabled/loading/success/error states"
"ONB_010","Daily Activity","Back","secondary","PLANNED_REQUIRED","open prior onboarding step without losing draft","no","none","none","P0","implement via typed UiAction/ViewModel; add disabled/loading/success/error states"
"ONB_011","Optional Body Composition","Continue","current primary button","WIRED_BUT_WRONG_SEMANTICS","navigate to next registry route","no","none","navigation only","P0","replace with semantic primary action"
"ONB_011","Optional Body Composition","Back","current text button","WIRED_BUT_WRONG_SEMANTICS","navigate to previous registry route","no","none","navigation only","P0","replace with parent/back-stack/cancel behavior"
"ONB_011","Optional Body Composition","Continue","primary","PLANNED_REQUIRED","validate/save current step then open next onboarding step","no","none","save onboarding draft","P0","implement via typed UiAction/ViewModel; add disabled/loading/success/error states"
"ONB_011","Optional Body Composition","Back","secondary","PLANNED_REQUIRED","open prior onboarding step without losing draft","no","none","none","P0","implement via typed UiAction/ViewModel; add disabled/loading/success/error states"
"ONB_011","Optional Body Composition","Skip / Not sure","text","PLANNED_REQUIRED","save unknown and continue","no","none","none","P0","implement via typed UiAction/ViewModel; add disabled/loading/success/error states"
"ONB_012","Primary Goal","Continue","current primary button","WIRED_BUT_WRONG_SEMANTICS","navigate to next registry route","no","none","navigation only","P0","replace with semantic primary action"
"ONB_012","Primary Goal","Back","current text button","WIRED_BUT_WRONG_SEMANTICS","navigate to previous registry route","no","none","navigation only","P0","replace with parent/back-stack/cancel behavior"
"ONB_012","Primary Goal","Continue","primary","PLANNED_REQUIRED","validate/save current step then open next onboarding step","no","none","save onboarding draft","P0","implement via typed UiAction/ViewModel; add disabled/loading/success/error states"
"ONB_012","Primary Goal","Back","secondary","PLANNED_REQUIRED","open prior onboarding step without losing draft","no","none","none","P0","implement via typed UiAction/ViewModel; add disabled/loading/success/error states"
"ONB_013","Target Context","Continue","current primary button","WIRED_BUT_WRONG_SEMANTICS","navigate to next registry route","no","none","navigation only","P0","replace with semantic primary action"
"ONB_013","Target Context","Back","current text button","WIRED_BUT_WRONG_SEMANTICS","navigate to previous registry route","no","none","navigation only","P0","replace with parent/back-stack/cancel behavior"
"ONB_013","Target Context","Continue","primary","PLANNED_REQUIRED","validate/save current step then open next onboarding step","no","none","save onboarding draft","P0","implement via typed UiAction/ViewModel; add disabled/loading/success/error states"
"ONB_013","Target Context","Back","secondary","PLANNED_REQUIRED","open prior onboarding step without losing draft","no","none","none","P0","implement via typed UiAction/ViewModel; add disabled/loading/success/error states"
"ONB_014","Training Frequency","Continue","current primary button","WIRED_BUT_WRONG_SEMANTICS","navigate to next registry route","no","none","navigation only","P0","replace with semantic primary action"
"ONB_014","Training Frequency","Back","current text button","WIRED_BUT_WRONG_SEMANTICS","navigate to previous registry route","no","none","navigation only","P0","replace with parent/back-stack/cancel behavior"
"ONB_014","Training Frequency","Continue","primary","PLANNED_REQUIRED","validate/save current step then open next onboarding step","no","none","save onboarding draft","P0","implement via typed UiAction/ViewModel; add disabled/loading/success/error states"
"ONB_014","Training Frequency","Back","secondary","PLANNED_REQUIRED","open prior onboarding step without losing draft","no","none","none","P0","implement via typed UiAction/ViewModel; add disabled/loading/success/error states"
"ONB_015","Session Duration","Continue","current primary button","WIRED_BUT_WRONG_SEMANTICS","navigate to next registry route","no","none","navigation only","P0","replace with semantic primary action"
"ONB_015","Session Duration","Back","current text button","WIRED_BUT_WRONG_SEMANTICS","navigate to previous registry route","no","none","navigation only","P0","replace with parent/back-stack/cancel behavior"
"ONB_015","Session Duration","Continue","primary","PLANNED_REQUIRED","validate/save current step then open next onboarding step","no","none","save onboarding draft","P0","implement via typed UiAction/ViewModel; add disabled/loading/success/error states"
"ONB_015","Session Duration","Back","secondary","PLANNED_REQUIRED","open prior onboarding step without losing draft","no","none","none","P0","implement via typed UiAction/ViewModel; add disabled/loading/success/error states"
"ONB_016","Dietary Preferences","Continue","current primary button","WIRED_BUT_WRONG_SEMANTICS","navigate to next registry route","no","none","navigation only","P0","replace with semantic primary action"
"ONB_016","Dietary Preferences","Back","current text button","WIRED_BUT_WRONG_SEMANTICS","navigate to previous registry route","no","none","navigation only","P0","replace with parent/back-stack/cancel behavior"
"ONB_016","Dietary Preferences","Continue","primary","PLANNED_REQUIRED","validate/save current step then open next onboarding step","no","none","save onboarding draft","P0","implement via typed UiAction/ViewModel; add disabled/loading/success/error states"
"ONB_016","Dietary Preferences","Back","secondary","PLANNED_REQUIRED","open prior onboarding step without losing draft","no","none","none","P0","implement via typed UiAction/ViewModel; add disabled/loading/success/error states"
"ONB_017","Allergies and Exclusions","Continue","current primary button","WIRED_BUT_WRONG_SEMANTICS","navigate to next registry route","no","none","navigation only","P0","replace with semantic primary action"
"ONB_017","Allergies and Exclusions","Back","current text button","WIRED_BUT_WRONG_SEMANTICS","navigate to previous registry route","no","none","navigation only","P0","replace with parent/back-stack/cancel behavior"
"ONB_017","Allergies and Exclusions","Continue","primary","PLANNED_REQUIRED","validate/save current step then open next onboarding step","no","none","save onboarding draft","P0","implement via typed UiAction/ViewModel; add disabled/loading/success/error states"
"ONB_017","Allergies and Exclusions","Back","secondary","PLANNED_REQUIRED","open prior onboarding step without losing draft","no","none","none","P0","implement via typed UiAction/ViewModel; add disabled/loading/success/error states"
"ONB_018","Target Review and Finish","Continue","current primary button","WIRED_BUT_WRONG_SEMANTICS","navigate to next registry route","no","none","navigation only","P0","replace with semantic primary action"
"ONB_018","Target Review and Finish","Back","current text button","WIRED_BUT_WRONG_SEMANTICS","navigate to previous registry route","no","none","navigation only","P0","replace with parent/back-stack/cancel behavior"
"ONB_018","Target Review and Finish","Continue","primary","PLANNED_REQUIRED","validate/save current step then open next onboarding step","no","none","save onboarding draft","P0","implement via typed UiAction/ViewModel; add disabled/loading/success/error states"
"ONB_018","Target Review and Finish","Back","secondary","PLANNED_REQUIRED","open prior onboarding step without losing draft","no","none","none","P0","implement via typed UiAction/ViewModel; add disabled/loading/success/error states"
"ONB_018","Target Review and Finish","Edit","secondary","PLANNED_REQUIRED","return to relevant inputs","no","none","none","P0","implement via typed UiAction/ViewModel; add disabled/loading/success/error states"
"ONB_018","Target Review and Finish","Confirm targets","primary","PLANNED_REQUIRED","save future target revision then finish","no","none","write target revision","P0","implement via typed UiAction/ViewModel; add disabled/loading/success/error states"
"TOD_001","Today Dashboard","Continue","current primary button","WIRED_BUT_WRONG_SEMANTICS","navigate to next registry route","no","none","navigation only","P0","replace with semantic primary action"
"TOD_001","Today Dashboard","Back","current text button","WIRED_BUT_WRONG_SEMANTICS","navigate to previous registry route","no","none","navigation only","P0","replace with parent/back-stack/cancel behavior"
"TOD_001","Today Dashboard","Log Food","primary","PLANNED_REQUIRED","open Camera/Add Food","no","none","none","P0","implement via typed UiAction/ViewModel; add disabled/loading/success/error states"
"TOD_001","Today Dashboard","More Nutrition","text","PLANNED_REQUIRED","expand/open Nutrition Expanded","no","none","none","P0","implement via typed UiAction/ViewModel; add disabled/loading/success/error states"
"TOD_001","Today Dashboard","Next Action","card","PLANNED_REQUIRED","open prioritized action","no","none","none","P0","implement via typed UiAction/ViewModel; add disabled/loading/success/error states"
"TOD_001","Today Dashboard","Calendar","icon","PLANNED_REQUIRED","open global Calendar","no","none","none","P0","implement via typed UiAction/ViewModel; add disabled/loading/success/error states"
"TOD_001","Today Dashboard","Profile","icon","PLANNED_REQUIRED","open Profile","no","none","none","P0","implement via typed UiAction/ViewModel; add disabled/loading/success/error states"
"TOD_001","Today Dashboard","Workout","card","PLANNED_REQUIRED","open Today Workout/Train","no","none","none","P0","implement via typed UiAction/ViewModel; add disabled/loading/success/error states"
"TOD_001","Today Dashboard","Meal","row","PLANNED_REQUIRED","open meal detail","no","none","none","P0","implement via typed UiAction/ViewModel; add disabled/loading/success/error states"
"TOD_001","Today Dashboard","Device","row","PLANNED_REQUIRED","open device status","no","none","none","P0","implement via typed UiAction/ViewModel; add disabled/loading/success/error states"
"TOD_002","Nutrition Expanded","Continue","current primary button","WIRED_BUT_WRONG_SEMANTICS","navigate to next registry route","no","none","navigation only","P0","replace with semantic primary action"
"TOD_002","Nutrition Expanded","Back","current text button","WIRED_BUT_WRONG_SEMANTICS","navigate to previous registry route","no","none","navigation only","P0","replace with parent/back-stack/cancel behavior"
"TOD_002","Nutrition Expanded","Open detail/action","primary","PLANNED_REQUIRED","open relevant Fuel/Train/Device destination","no","none","none","P0","implement via typed UiAction/ViewModel; add disabled/loading/success/error states"
"TOD_002","Nutrition Expanded","Back to Today","secondary","PLANNED_REQUIRED","return Today","no","none","none","P0","implement via typed UiAction/ViewModel; add disabled/loading/success/error states"
"TOD_003","Next Action Detail","Continue","current primary button","WIRED_BUT_WRONG_SEMANTICS","navigate to next registry route","no","none","navigation only","P0","replace with semantic primary action"
"TOD_003","Next Action Detail","Back","current text button","WIRED_BUT_WRONG_SEMANTICS","navigate to previous registry route","no","none","navigation only","P0","replace with parent/back-stack/cancel behavior"
"TOD_003","Next Action Detail","Open detail/action","primary","PLANNED_REQUIRED","open relevant Fuel/Train/Device destination","no","none","none","P0","implement via typed UiAction/ViewModel; add disabled/loading/success/error states"
"TOD_003","Next Action Detail","Back to Today","secondary","PLANNED_REQUIRED","return Today","no","none","none","P0","implement via typed UiAction/ViewModel; add disabled/loading/success/error states"
"TOD_004","Device Status","Continue","current primary button","WIRED_BUT_WRONG_SEMANTICS","navigate to next registry route","no","none","navigation only","P0","replace with semantic primary action"
"TOD_004","Device Status","Back","current text button","WIRED_BUT_WRONG_SEMANTICS","navigate to previous registry route","no","none","navigation only","P0","replace with parent/back-stack/cancel behavior"
"TOD_004","Device Status","Open detail/action","primary","PLANNED_REQUIRED","open relevant Fuel/Train/Device destination","no","none","none","P0","implement via typed UiAction/ViewModel; add disabled/loading/success/error states"
"TOD_004","Device Status","Back to Today","secondary","PLANNED_REQUIRED","return Today","no","none","none","P0","implement via typed UiAction/ViewModel; add disabled/loading/success/error states"
"TOD_005","Today Workout Preview","Continue","current primary button","WIRED_BUT_WRONG_SEMANTICS","navigate to next registry route","no","none","navigation only","P0","replace with semantic primary action"
"TOD_005","Today Workout Preview","Back","current text button","WIRED_BUT_WRONG_SEMANTICS","navigate to previous registry route","no","none","navigation only","P0","replace with parent/back-stack/cancel behavior"
"TOD_005","Today Workout Preview","Open detail/action","primary","PLANNED_REQUIRED","open relevant Fuel/Train/Device destination","no","none","none","P0","implement via typed UiAction/ViewModel; add disabled/loading/success/error states"
"TOD_005","Today Workout Preview","Back to Today","secondary","PLANNED_REQUIRED","return Today","no","none","none","P0","implement via typed UiAction/ViewModel; add disabled/loading/success/error states"
"TOD_006","Today Meal Plan","Continue","current primary button","WIRED_BUT_WRONG_SEMANTICS","navigate to next registry route","no","none","navigation only","P0","replace with semantic primary action"
"TOD_006","Today Meal Plan","Back","current text button","WIRED_BUT_WRONG_SEMANTICS","navigate to previous registry route","no","none","navigation only","P0","replace with parent/back-stack/cancel behavior"
"TOD_006","Today Meal Plan","Open detail/action","primary","PLANNED_REQUIRED","open relevant Fuel/Train/Device destination","no","none","none","P0","implement via typed UiAction/ViewModel; add disabled/loading/success/error states"
"TOD_006","Today Meal Plan","Back to Today","secondary","PLANNED_REQUIRED","return Today","no","none","none","P0","implement via typed UiAction/ViewModel; add disabled/loading/success/error states"
"TOD_007","Confirmed Meals","Continue","current primary button","WIRED_BUT_WRONG_SEMANTICS","navigate to next registry route","no","none","navigation only","P0","replace with semantic primary action"
"TOD_007","Confirmed Meals","Back","current text button","WIRED_BUT_WRONG_SEMANTICS","navigate to previous registry route","no","none","navigation only","P0","replace with parent/back-stack/cancel behavior"
"TOD_007","Confirmed Meals","Open detail/action","primary","PLANNED_REQUIRED","open relevant Fuel/Train/Device destination","no","none","none","P0","implement via typed UiAction/ViewModel; add disabled/loading/success/error states"
"TOD_007","Confirmed Meals","Back to Today","secondary","PLANNED_REQUIRED","return Today","no","none","none","P0","implement via typed UiAction/ViewModel; add disabled/loading/success/error states"
"TOD_008","Today Loading","Continue","current primary button","WIRED_BUT_WRONG_SEMANTICS","navigate to next registry route","no","none","navigation only","P0","replace with semantic primary action"
"TOD_008","Today Loading","Back","current text button","WIRED_BUT_WRONG_SEMANTICS","navigate to previous registry route","no","none","navigation only","P0","replace with parent/back-stack/cancel behavior"
"TOD_008","Today Loading","Open detail/action","primary","PLANNED_REQUIRED","open relevant Fuel/Train/Device destination","no","none","none","P0","implement via typed UiAction/ViewModel; add disabled/loading/success/error states"
"TOD_008","Today Loading","Back to Today","secondary","PLANNED_REQUIRED","return Today","no","none","none","P0","implement via typed UiAction/ViewModel; add disabled/loading/success/error states"
"TOD_008","Today Loading","Retry/Refresh","button","PLANNED_REQUIRED","refresh Today aggregate","no","none","none","P0","implement via typed UiAction/ViewModel; add disabled/loading/success/error states"
"TOD_009","Today Empty","Continue","current primary button","WIRED_BUT_WRONG_SEMANTICS","navigate to next registry route","no","none","navigation only","P0","replace with semantic primary action"
"TOD_009","Today Empty","Back","current text button","WIRED_BUT_WRONG_SEMANTICS","navigate to previous registry route","no","none","navigation only","P0","replace with parent/back-stack/cancel behavior"
"TOD_009","Today Empty","Open detail/action","primary","PLANNED_REQUIRED","open relevant Fuel/Train/Device destination","no","none","none","P0","implement via typed UiAction/ViewModel; add disabled/loading/success/error states"
"TOD_009","Today Empty","Back to Today","secondary","PLANNED_REQUIRED","return Today","no","none","none","P0","implement via typed UiAction/ViewModel; add disabled/loading/success/error states"
"TOD_010","Today Unknown","Continue","current primary button","WIRED_BUT_WRONG_SEMANTICS","navigate to next registry route","no","none","navigation only","P0","replace with semantic primary action"
"TOD_010","Today Unknown","Back","current text button","WIRED_BUT_WRONG_SEMANTICS","navigate to previous registry route","no","none","navigation only","P0","replace with parent/back-stack/cancel behavior"
"TOD_010","Today Unknown","Open detail/action","primary","PLANNED_REQUIRED","open relevant Fuel/Train/Device destination","no","none","none","P0","implement via typed UiAction/ViewModel; add disabled/loading/success/error states"
"TOD_010","Today Unknown","Back to Today","secondary","PLANNED_REQUIRED","return Today","no","none","none","P0","implement via typed UiAction/ViewModel; add disabled/loading/success/error states"
"TOD_010","Today Unknown","Retry/Refresh","button","PLANNED_REQUIRED","refresh Today aggregate","no","none","none","P0","implement via typed UiAction/ViewModel; add disabled/loading/success/error states"
"TOD_011","Today Offline","Continue","current primary button","WIRED_BUT_WRONG_SEMANTICS","navigate to next registry route","no","none","navigation only","P0","replace with semantic primary action"
"TOD_011","Today Offline","Back","current text button","WIRED_BUT_WRONG_SEMANTICS","navigate to previous registry route","no","none","navigation only","P0","replace with parent/back-stack/cancel behavior"
"TOD_011","Today Offline","Open detail/action","primary","PLANNED_REQUIRED","open relevant Fuel/Train/Device destination","no","none","none","P0","implement via typed UiAction/ViewModel; add disabled/loading/success/error states"
"TOD_011","Today Offline","Back to Today","secondary","PLANNED_REQUIRED","return Today","no","none","none","P0","implement via typed UiAction/ViewModel; add disabled/loading/success/error states"
"TOD_011","Today Offline","Retry/Refresh","button","PLANNED_REQUIRED","refresh Today aggregate","no","none","none","P0","implement via typed UiAction/ViewModel; add disabled/loading/success/error states"
"TOD_012","Today Stale","Continue","current primary button","WIRED_BUT_WRONG_SEMANTICS","navigate to next registry route","no","none","navigation only","P0","replace with semantic primary action"
"TOD_012","Today Stale","Back","current text button","WIRED_BUT_WRONG_SEMANTICS","navigate to previous registry route","no","none","navigation only","P0","replace with parent/back-stack/cancel behavior"
"TOD_012","Today Stale","Open detail/action","primary","PLANNED_REQUIRED","open relevant Fuel/Train/Device destination","no","none","none","P0","implement via typed UiAction/ViewModel; add disabled/loading/success/error states"
"TOD_012","Today Stale","Back to Today","secondary","PLANNED_REQUIRED","return Today","no","none","none","P0","implement via typed UiAction/ViewModel; add disabled/loading/success/error states"
"TOD_012","Today Stale","Retry/Refresh","button","PLANNED_REQUIRED","refresh Today aggregate","no","none","none","P0","implement via typed UiAction/ViewModel; add disabled/loading/success/error states"
"CAM_001","Food Camera","Continue","current primary button","WIRED_BUT_WRONG_SEMANTICS","navigate to next registry route","no","none","navigation only","P0","replace with semantic primary action"
"CAM_001","Food Camera","Back","current text button","WIRED_BUT_WRONG_SEMANTICS","navigate to previous registry route","no","none","navigation only","P0","replace with parent/back-stack/cancel behavior"
"CAM_001","Food Camera","Capture","primary","PLANNED_REQUIRED","capture image then Image Preview","no","CAMERA","create local photo draft","P0","implement via typed UiAction/ViewModel; add disabled/loading/success/error states"
"CAM_001","Food Camera","Gallery","secondary","PLANNED_REQUIRED","open system Photo Picker","no","none","none","P0","implement via typed UiAction/ViewModel; add disabled/loading/success/error states"
"CAM_002","Camera Permission","Continue","current primary button","WIRED_BUT_WRONG_SEMANTICS","navigate to next registry route","no","none","navigation only","P0","replace with semantic primary action"
"CAM_002","Camera Permission","Back","current text button","WIRED_BUT_WRONG_SEMANTICS","navigate to previous registry route","no","none","navigation only","P0","replace with parent/back-stack/cancel behavior"
"CAM_002","Camera Permission","Allow camera","primary","PLANNED_REQUIRED","request camera permission","no","CAMERA","none","P0","implement via typed UiAction/ViewModel; add disabled/loading/success/error states"
"CAM_002","Camera Permission","Not now","secondary","PLANNED_REQUIRED","return/manual food path","no","none","none","P0","implement via typed UiAction/ViewModel; add disabled/loading/success/error states"
"CAM_003","Food Framing","Continue","current primary button","WIRED_BUT_WRONG_SEMANTICS","navigate to next registry route","no","none","navigation only","P0","replace with semantic primary action"
"CAM_003","Food Framing","Back","current text button","WIRED_BUT_WRONG_SEMANTICS","navigate to previous registry route","no","none","navigation only","P0","replace with parent/back-stack/cancel behavior"
"CAM_003","Food Framing","Capture","primary","PLANNED_REQUIRED","capture image then Image Preview","no","CAMERA","create local photo draft","P0","implement via typed UiAction/ViewModel; add disabled/loading/success/error states"
"CAM_003","Food Framing","Gallery","secondary","PLANNED_REQUIRED","open system Photo Picker","no","none","none","P0","implement via typed UiAction/ViewModel; add disabled/loading/success/error states"
"CAM_004","Gallery Picker","Continue","current primary button","WIRED_BUT_WRONG_SEMANTICS","navigate to next registry route","no","none","navigation only","P0","replace with semantic primary action"
"CAM_004","Gallery Picker","Back","current text button","WIRED_BUT_WRONG_SEMANTICS","navigate to previous registry route","no","none","navigation only","P0","replace with parent/back-stack/cancel behavior"
"CAM_004","Gallery Picker","Select photo","row","PLANNED_REQUIRED","open Image Preview","no","none","none","P0","implement via typed UiAction/ViewModel; add disabled/loading/success/error states"
"CAM_004","Gallery Picker","Cancel","text","PLANNED_REQUIRED","return to camera/Today","no","none","none","P0","implement via typed UiAction/ViewModel; add disabled/loading/success/error states"
"CAM_005","Image Preview","Continue","current primary button","WIRED_BUT_WRONG_SEMANTICS","navigate to next registry route","no","none","navigation only","P0","replace with semantic primary action"
"CAM_005","Image Preview","Back","current text button","WIRED_BUT_WRONG_SEMANTICS","navigate to previous registry route","no","none","navigation only","P0","replace with parent/back-stack/cancel behavior"
"CAM_005","Image Preview","Analyze","primary","PLANNED_REQUIRED","start food analysis","no","network","create analysis job","P0","implement via typed UiAction/ViewModel; add disabled/loading/success/error states"
"CAM_005","Image Preview","Retake","secondary","PLANNED_REQUIRED","return Camera","no","none","none","P0","implement via typed UiAction/ViewModel; add disabled/loading/success/error states"
"CAM_006","Checking Image","Continue","current primary button","WIRED_BUT_WRONG_SEMANTICS","navigate to next registry route","no","none","navigation only","P0","replace with semantic primary action"
"CAM_006","Checking Image","Back","current text button","WIRED_BUT_WRONG_SEMANTICS","navigate to previous registry route","no","none","navigation only","P0","replace with parent/back-stack/cancel behavior"
"CAM_006","Checking Image","Leave and continue later","text","PLANNED_REQUIRED","persist job and return safely","no","none","none","P0","implement via typed UiAction/ViewModel; add disabled/loading/success/error states"
"CAM_006","Checking Image","Cancel analysis","secondary","PLANNED_REQUIRED","cancel job with draft confirmation","yes","none","none","P0","implement via typed UiAction/ViewModel; add disabled/loading/success/error states"
"CAM_007","Detecting Foods","Continue","current primary button","WIRED_BUT_WRONG_SEMANTICS","navigate to next registry route","no","none","navigation only","P0","replace with semantic primary action"
"CAM_007","Detecting Foods","Back","current text button","WIRED_BUT_WRONG_SEMANTICS","navigate to previous registry route","no","none","navigation only","P0","replace with parent/back-stack/cancel behavior"
"CAM_007","Detecting Foods","Leave and continue later","text","PLANNED_REQUIRED","persist job and return safely","no","none","none","P0","implement via typed UiAction/ViewModel; add disabled/loading/success/error states"
"CAM_007","Detecting Foods","Cancel analysis","secondary","PLANNED_REQUIRED","cancel job with draft confirmation","yes","none","none","P0","implement via typed UiAction/ViewModel; add disabled/loading/success/error states"
"CAM_008","Multi Food Detection","Continue","current primary button","WIRED_BUT_WRONG_SEMANTICS","navigate to next registry route","no","none","navigation only","P0","replace with semantic primary action"
"CAM_008","Multi Food Detection","Back","current text button","WIRED_BUT_WRONG_SEMANTICS","navigate to previous registry route","no","none","navigation only","P0","replace with parent/back-stack/cancel behavior"
"CAM_008","Multi Food Detection","Retry","primary","PLANNED_REQUIRED","retry provider/analysis","no","none","none","P0","implement via typed UiAction/ViewModel; add disabled/loading/success/error states"
"CAM_008","Multi Food Detection","Manual entry","secondary","PLANNED_REQUIRED","open food search/manual fallback","no","none","none","P0","implement via typed UiAction/ViewModel; add disabled/loading/success/error states"
"CAM_009","Estimating Portions","Continue","current primary button","WIRED_BUT_WRONG_SEMANTICS","navigate to next registry route","no","none","navigation only","P0","replace with semantic primary action"
"CAM_009","Estimating Portions","Back","current text button","WIRED_BUT_WRONG_SEMANTICS","navigate to previous registry route","no","none","navigation only","P0","replace with parent/back-stack/cancel behavior"
"CAM_009","Estimating Portions","Leave and continue later","text","PLANNED_REQUIRED","persist job and return safely","no","none","none","P0","implement via typed UiAction/ViewModel; add disabled/loading/success/error states"
"CAM_009","Estimating Portions","Cancel analysis","secondary","PLANNED_REQUIRED","cancel job with draft confirmation","yes","none","none","P0","implement via typed UiAction/ViewModel; add disabled/loading/success/error states"
"CAM_010","Nutrition Matching","Continue","current primary button","WIRED_BUT_WRONG_SEMANTICS","navigate to next registry route","no","none","navigation only","P0","replace with semantic primary action"
"CAM_010","Nutrition Matching","Back","current text button","WIRED_BUT_WRONG_SEMANTICS","navigate to previous registry route","no","none","navigation only","P0","replace with parent/back-stack/cancel behavior"
"CAM_010","Nutrition Matching","Leave and continue later","text","PLANNED_REQUIRED","persist job and return safely","no","none","none","P0","implement via typed UiAction/ViewModel; add disabled/loading/success/error states"
"CAM_010","Nutrition Matching","Cancel analysis","secondary","PLANNED_REQUIRED","cancel job with draft confirmation","yes","none","none","P0","implement via typed UiAction/ViewModel; add disabled/loading/success/error states"
"CAM_011","Detected Food Review","Continue","current primary button","WIRED_BUT_WRONG_SEMANTICS","navigate to next registry route","no","none","navigation only","P0","replace with semantic primary action"
"CAM_011","Detected Food Review","Back","current text button","WIRED_BUT_WRONG_SEMANTICS","navigate to previous registry route","no","none","navigation only","P0","replace with parent/back-stack/cancel behavior"
"CAM_011","Detected Food Review","Edit food","row","PLANNED_REQUIRED","open Edit Food Identity","no","none","none","P0","implement via typed UiAction/ViewModel; add disabled/loading/success/error states"
"CAM_011","Detected Food Review","Edit portion","row","PLANNED_REQUIRED","open Edit Portion","no","none","none","P0","implement via typed UiAction/ViewModel; add disabled/loading/success/error states"
"CAM_011","Detected Food Review","Add missed food","secondary","PLANNED_REQUIRED","open Add Missed Food","no","none","none","P0","implement via typed UiAction/ViewModel; add disabled/loading/success/error states"
"CAM_011","Detected Food Review","Confirm meal","primary","PLANNED_REQUIRED","write confirmed meal then Fuel Now","no","network","create canonical meal","P0","implement via typed UiAction/ViewModel; add disabled/loading/success/error states"
"CAM_012","Edit Food Identity","Continue","current primary button","WIRED_BUT_WRONG_SEMANTICS","navigate to next registry route","no","none","navigation only","P0","replace with semantic primary action"
"CAM_012","Edit Food Identity","Back","current text button","WIRED_BUT_WRONG_SEMANTICS","navigate to previous registry route","no","none","navigation only","P0","replace with parent/back-stack/cancel behavior"
"CAM_012","Edit Food Identity","Select food","row","PLANNED_REQUIRED","set candidate identity","no","none","none","P0","implement via typed UiAction/ViewModel; add disabled/loading/success/error states"
"CAM_012","Edit Food Identity","Save","primary","PLANNED_REQUIRED","return to detected food review","no","none","update draft","P0","implement via typed UiAction/ViewModel; add disabled/loading/success/error states"
"CAM_013","Edit Portion","Continue","current primary button","WIRED_BUT_WRONG_SEMANTICS","navigate to next registry route","no","none","navigation only","P0","replace with semantic primary action"
"CAM_013","Edit Portion","Back","current text button","WIRED_BUT_WRONG_SEMANTICS","navigate to previous registry route","no","none","navigation only","P0","replace with parent/back-stack/cancel behavior"
"CAM_013","Edit Portion","Save portion","primary","PLANNED_REQUIRED","update analysis draft and return","no","none","none","P0","implement via typed UiAction/ViewModel; add disabled/loading/success/error states"
"CAM_014","Add Missed Food","Continue","current primary button","WIRED_BUT_WRONG_SEMANTICS","navigate to next registry route","no","none","navigation only","P0","replace with semantic primary action"
"CAM_014","Add Missed Food","Back","current text button","WIRED_BUT_WRONG_SEMANTICS","navigate to previous registry route","no","none","navigation only","P0","replace with parent/back-stack/cancel behavior"
"CAM_014","Add Missed Food","Select food","row","PLANNED_REQUIRED","set candidate identity","no","none","none","P0","implement via typed UiAction/ViewModel; add disabled/loading/success/error states"
"CAM_014","Add Missed Food","Save","primary","PLANNED_REQUIRED","return to detected food review","no","none","update draft","P0","implement via typed UiAction/ViewModel; add disabled/loading/success/error states"
"CAM_015","Low Confidence Clarification","Continue","current primary button","WIRED_BUT_WRONG_SEMANTICS","navigate to next registry route","no","none","navigation only","P0","replace with semantic primary action"
"CAM_015","Low Confidence Clarification","Back","current text button","WIRED_BUT_WRONG_SEMANTICS","navigate to previous registry route","no","none","navigation only","P0","replace with parent/back-stack/cancel behavior"
"CAM_015","Low Confidence Clarification","Choose match","option","PLANNED_REQUIRED","set candidate then review","no","none","none","P0","implement via typed UiAction/ViewModel; add disabled/loading/success/error states"
"CAM_015","Low Confidence Clarification","Something else","secondary","PLANNED_REQUIRED","open manual food search","no","none","none","P0","implement via typed UiAction/ViewModel; add disabled/loading/success/error states"
"CAM_016","Nutrition Unavailable","Continue","current primary button","WIRED_BUT_WRONG_SEMANTICS","navigate to next registry route","no","none","navigation only","P0","replace with semantic primary action"
"CAM_016","Nutrition Unavailable","Back","current text button","WIRED_BUT_WRONG_SEMANTICS","navigate to previous registry route","no","none","navigation only","P0","replace with parent/back-stack/cancel behavior"
"CAM_016","Nutrition Unavailable","Retry","primary","PLANNED_REQUIRED","retry provider/analysis","no","none","none","P0","implement via typed UiAction/ViewModel; add disabled/loading/success/error states"
"CAM_016","Nutrition Unavailable","Manual entry","secondary","PLANNED_REQUIRED","open food search/manual fallback","no","none","none","P0","implement via typed UiAction/ViewModel; add disabled/loading/success/error states"
"CAM_017","Final Meal Review","Continue","current primary button","WIRED_BUT_WRONG_SEMANTICS","navigate to next registry route","no","none","navigation only","P0","replace with semantic primary action"
"CAM_017","Final Meal Review","Back","current text button","WIRED_BUT_WRONG_SEMANTICS","navigate to previous registry route","no","none","navigation only","P0","replace with parent/back-stack/cancel behavior"
"CAM_017","Final Meal Review","Edit food","row","PLANNED_REQUIRED","open Edit Food Identity","no","none","none","P0","implement via typed UiAction/ViewModel; add disabled/loading/success/error states"
"CAM_017","Final Meal Review","Edit portion","row","PLANNED_REQUIRED","open Edit Portion","no","none","none","P0","implement via typed UiAction/ViewModel; add disabled/loading/success/error states"
"CAM_017","Final Meal Review","Add missed food","secondary","PLANNED_REQUIRED","open Add Missed Food","no","none","none","P0","implement via typed UiAction/ViewModel; add disabled/loading/success/error states"
"CAM_017","Final Meal Review","Confirm meal","primary","PLANNED_REQUIRED","write confirmed meal then Fuel Now","no","network","create canonical meal","P0","implement via typed UiAction/ViewModel; add disabled/loading/success/error states"
"CAM_018","Analysis Failure","Continue","current primary button","WIRED_BUT_WRONG_SEMANTICS","navigate to next registry route","no","none","navigation only","P0","replace with semantic primary action"
"CAM_018","Analysis Failure","Back","current text button","WIRED_BUT_WRONG_SEMANTICS","navigate to previous registry route","no","none","navigation only","P0","replace with parent/back-stack/cancel behavior"
"CAM_018","Analysis Failure","Retry","primary","PLANNED_REQUIRED","retry provider/analysis","no","none","none","P0","implement via typed UiAction/ViewModel; add disabled/loading/success/error states"
"CAM_018","Analysis Failure","Manual entry","secondary","PLANNED_REQUIRED","open food search/manual fallback","no","none","none","P0","implement via typed UiAction/ViewModel; add disabled/loading/success/error states"
"BAR_001","Barcode Scanner","Continue","current primary button","WIRED_BUT_WRONG_SEMANTICS","navigate to next registry route","no","none","navigation only","P0","replace with semantic primary action"
"BAR_001","Barcode Scanner","Back","current text button","WIRED_BUT_WRONG_SEMANTICS","navigate to previous registry route","no","none","navigation only","P0","replace with parent/back-stack/cancel behavior"
"BAR_001","Barcode Scanner","Scan","primary","PLANNED_REQUIRED","decode barcode then lookup product","no","CAMERA","none","P0","implement via typed UiAction/ViewModel; add disabled/loading/success/error states"
"BAR_001","Barcode Scanner","Enter manually","secondary","PLANNED_REQUIRED","open custom product","no","none","none","P0","implement via typed UiAction/ViewModel; add disabled/loading/success/error states"
"BAR_002","Scanning","Continue","current primary button","WIRED_BUT_WRONG_SEMANTICS","navigate to next registry route","no","none","navigation only","P0","replace with semantic primary action"
"BAR_002","Scanning","Back","current text button","WIRED_BUT_WRONG_SEMANTICS","navigate to previous registry route","no","none","navigation only","P0","replace with parent/back-stack/cancel behavior"
"BAR_002","Scanning","Scan","primary","PLANNED_REQUIRED","decode barcode then lookup product","no","CAMERA","none","P0","implement via typed UiAction/ViewModel; add disabled/loading/success/error states"
"BAR_002","Scanning","Enter manually","secondary","PLANNED_REQUIRED","open custom product","no","none","none","P0","implement via typed UiAction/ViewModel; add disabled/loading/success/error states"
"BAR_003","Barcode Detected","Continue","current primary button","WIRED_BUT_WRONG_SEMANTICS","navigate to next registry route","no","none","navigation only","P0","replace with semantic primary action"
"BAR_003","Barcode Detected","Back","current text button","WIRED_BUT_WRONG_SEMANTICS","navigate to previous registry route","no","none","navigation only","P0","replace with parent/back-stack/cancel behavior"
"BAR_003","Barcode Detected","Continue","primary","PLANNED_REQUIRED","advance barcode flow","no","none","none","P0","implement via typed UiAction/ViewModel; add disabled/loading/success/error states"
"BAR_004","Product Lookup","Continue","current primary button","WIRED_BUT_WRONG_SEMANTICS","navigate to next registry route","no","none","navigation only","P0","replace with semantic primary action"
"BAR_004","Product Lookup","Back","current text button","WIRED_BUT_WRONG_SEMANTICS","navigate to previous registry route","no","none","navigation only","P0","replace with parent/back-stack/cancel behavior"
"BAR_004","Product Lookup","Continue","primary","PLANNED_REQUIRED","advance barcode flow","no","none","none","P0","implement via typed UiAction/ViewModel; add disabled/loading/success/error states"
"BAR_005","Product Found","Continue","current primary button","WIRED_BUT_WRONG_SEMANTICS","navigate to next registry route","no","none","navigation only","P0","replace with semantic primary action"
"BAR_005","Product Found","Back","current text button","WIRED_BUT_WRONG_SEMANTICS","navigate to previous registry route","no","none","navigation only","P0","replace with parent/back-stack/cancel behavior"
"BAR_005","Product Found","Select serving","row","PLANNED_REQUIRED","open Serving Selector","no","none","none","P0","implement via typed UiAction/ViewModel; add disabled/loading/success/error states"
"BAR_005","Product Found","Add to meal","primary","PLANNED_REQUIRED","open Meal Selector","no","none","none","P0","implement via typed UiAction/ViewModel; add disabled/loading/success/error states"
"BAR_005","Product Found","Add to shop","secondary","PLANNED_REQUIRED","add product to shopping list","no","none","none","P0","implement via typed UiAction/ViewModel; add disabled/loading/success/error states"
"BAR_006","Serving Selector","Continue","current primary button","WIRED_BUT_WRONG_SEMANTICS","navigate to next registry route","no","none","navigation only","P0","replace with semantic primary action"
"BAR_006","Serving Selector","Back","current text button","WIRED_BUT_WRONG_SEMANTICS","navigate to previous registry route","no","none","navigation only","P0","replace with parent/back-stack/cancel behavior"
"BAR_006","Serving Selector","Save serving","primary","PLANNED_REQUIRED","return product review with amount","no","none","none","P0","implement via typed UiAction/ViewModel; add disabled/loading/success/error states"
"BAR_007","Expanded Nutrition","Continue","current primary button","WIRED_BUT_WRONG_SEMANTICS","navigate to next registry route","no","none","navigation only","P0","replace with semantic primary action"
"BAR_007","Expanded Nutrition","Back","current text button","WIRED_BUT_WRONG_SEMANTICS","navigate to previous registry route","no","none","navigation only","P0","replace with parent/back-stack/cancel behavior"
"BAR_007","Expanded Nutrition","Select serving","row","PLANNED_REQUIRED","open Serving Selector","no","none","none","P0","implement via typed UiAction/ViewModel; add disabled/loading/success/error states"
"BAR_007","Expanded Nutrition","Add to meal","primary","PLANNED_REQUIRED","open Meal Selector","no","none","none","P0","implement via typed UiAction/ViewModel; add disabled/loading/success/error states"
"BAR_007","Expanded Nutrition","Add to shop","secondary","PLANNED_REQUIRED","add product to shopping list","no","none","none","P0","implement via typed UiAction/ViewModel; add disabled/loading/success/error states"
"BAR_008","Ingredients and Allergens","Continue","current primary button","WIRED_BUT_WRONG_SEMANTICS","navigate to next registry route","no","none","navigation only","P0","replace with semantic primary action"
"BAR_008","Ingredients and Allergens","Back","current text button","WIRED_BUT_WRONG_SEMANTICS","navigate to previous registry route","no","none","navigation only","P0","replace with parent/back-stack/cancel behavior"
"BAR_008","Ingredients and Allergens","Select serving","row","PLANNED_REQUIRED","open Serving Selector","no","none","none","P0","implement via typed UiAction/ViewModel; add disabled/loading/success/error states"
"BAR_008","Ingredients and Allergens","Add to meal","primary","PLANNED_REQUIRED","open Meal Selector","no","none","none","P0","implement via typed UiAction/ViewModel; add disabled/loading/success/error states"
"BAR_008","Ingredients and Allergens","Add to shop","secondary","PLANNED_REQUIRED","add product to shopping list","no","none","none","P0","implement via typed UiAction/ViewModel; add disabled/loading/success/error states"
"BAR_009","Add to Meal","Continue","current primary button","WIRED_BUT_WRONG_SEMANTICS","navigate to next registry route","no","none","navigation only","P0","replace with semantic primary action"
"BAR_009","Add to Meal","Back","current text button","WIRED_BUT_WRONG_SEMANTICS","navigate to previous registry route","no","none","navigation only","P0","replace with parent/back-stack/cancel behavior"
"BAR_009","Add to Meal","Continue","primary","PLANNED_REQUIRED","advance barcode flow","no","none","none","P0","implement via typed UiAction/ViewModel; add disabled/loading/success/error states"
"BAR_010","Meal Selector","Continue","current primary button","WIRED_BUT_WRONG_SEMANTICS","navigate to next registry route","no","none","navigation only","P0","replace with semantic primary action"
"BAR_010","Meal Selector","Back","current text button","WIRED_BUT_WRONG_SEMANTICS","navigate to previous registry route","no","none","navigation only","P0","replace with parent/back-stack/cancel behavior"
"BAR_010","Meal Selector","Choose meal","option","PLANNED_REQUIRED","select meal","no","none","none","P0","implement via typed UiAction/ViewModel; add disabled/loading/success/error states"
"BAR_010","Meal Selector","Continue","primary","PLANNED_REQUIRED","open Confirm Product","no","none","none","P0","implement via typed UiAction/ViewModel; add disabled/loading/success/error states"
"BAR_011","Confirm Product","Continue","current primary button","WIRED_BUT_WRONG_SEMANTICS","navigate to next registry route","no","none","navigation only","P0","replace with semantic primary action"
"BAR_011","Confirm Product","Back","current text button","WIRED_BUT_WRONG_SEMANTICS","navigate to previous registry route","no","none","navigation only","P0","replace with parent/back-stack/cancel behavior"
"BAR_011","Confirm Product","Confirm","primary","PLANNED_REQUIRED","create meal item and return Fuel Now","no","network","write meal item","P0","implement via typed UiAction/ViewModel; add disabled/loading/success/error states"
"BAR_012","Add to Shop","Continue","current primary button","WIRED_BUT_WRONG_SEMANTICS","navigate to next registry route","no","none","navigation only","P0","replace with semantic primary action"
"BAR_012","Add to Shop","Back","current text button","WIRED_BUT_WRONG_SEMANTICS","navigate to previous registry route","no","none","navigation only","P0","replace with parent/back-stack/cancel behavior"
"BAR_012","Add to Shop","Continue","primary","PLANNED_REQUIRED","advance barcode flow","no","none","none","P0","implement via typed UiAction/ViewModel; add disabled/loading/success/error states"
"BAR_013","Product Not Found","Continue","current primary button","WIRED_BUT_WRONG_SEMANTICS","navigate to next registry route","no","none","navigation only","P0","replace with semantic primary action"
"BAR_013","Product Not Found","Back","current text button","WIRED_BUT_WRONG_SEMANTICS","navigate to previous registry route","no","none","navigation only","P0","replace with parent/back-stack/cancel behavior"
"BAR_013","Product Not Found","Scan nutrition label","primary","PLANNED_REQUIRED","open label camera","no","CAMERA","none","P0","implement via typed UiAction/ViewModel; add disabled/loading/success/error states"
"BAR_013","Product Not Found","Create custom product","secondary","PLANNED_REQUIRED","open Custom Product","no","none","none","P0","implement via typed UiAction/ViewModel; add disabled/loading/success/error states"
"BAR_014","Nutrition Label Camera","Continue","current primary button","WIRED_BUT_WRONG_SEMANTICS","navigate to next registry route","no","none","navigation only","P0","replace with semantic primary action"
"BAR_014","Nutrition Label Camera","Back","current text button","WIRED_BUT_WRONG_SEMANTICS","navigate to previous registry route","no","none","navigation only","P0","replace with parent/back-stack/cancel behavior"
"BAR_014","Nutrition Label Camera","Capture label","primary","PLANNED_REQUIRED","extract label text","no","CAMERA","none","P0","implement via typed UiAction/ViewModel; add disabled/loading/success/error states"
"BAR_014","Nutrition Label Camera","Correct values","secondary","PLANNED_REQUIRED","edit extracted nutrition","no","none","none","P0","implement via typed UiAction/ViewModel; add disabled/loading/success/error states"
"BAR_014","Nutrition Label Camera","Save","primary","PLANNED_REQUIRED","save custom product draft","no","none","none","P0","implement via typed UiAction/ViewModel; add disabled/loading/success/error states"
"BAR_015","Label Review","Continue","current primary button","WIRED_BUT_WRONG_SEMANTICS","navigate to next registry route","no","none","navigation only","P0","replace with semantic primary action"
"BAR_015","Label Review","Back","current text button","WIRED_BUT_WRONG_SEMANTICS","navigate to previous registry route","no","none","navigation only","P0","replace with parent/back-stack/cancel behavior"
"BAR_015","Label Review","Capture label","primary","PLANNED_REQUIRED","extract label text","no","CAMERA","none","P0","implement via typed UiAction/ViewModel; add disabled/loading/success/error states"
"BAR_015","Label Review","Correct values","secondary","PLANNED_REQUIRED","edit extracted nutrition","no","none","none","P0","implement via typed UiAction/ViewModel; add disabled/loading/success/error states"
"BAR_015","Label Review","Save","primary","PLANNED_REQUIRED","save custom product draft","no","none","none","P0","implement via typed UiAction/ViewModel; add disabled/loading/success/error states"
"BAR_016","Custom Product","Continue","current primary button","WIRED_BUT_WRONG_SEMANTICS","navigate to next registry route","no","none","navigation only","P0","replace with semantic primary action"
"BAR_016","Custom Product","Back","current text button","WIRED_BUT_WRONG_SEMANTICS","navigate to previous registry route","no","none","navigation only","P0","replace with parent/back-stack/cancel behavior"
"BAR_016","Custom Product","Save product","primary","PLANNED_REQUIRED","validate and save product","no","network","write custom product","P0","implement via typed UiAction/ViewModel; add disabled/loading/success/error states"
"FNO_001","Fuel Now Dashboard","Continue","current primary button","WIRED_BUT_WRONG_SEMANTICS","navigate to next registry route","no","none","navigation only","P0","replace with semantic primary action"
"FNO_001","Fuel Now Dashboard","Back","current text button","WIRED_BUT_WRONG_SEMANTICS","navigate to previous registry route","no","none","navigation only","P0","replace with parent/back-stack/cancel behavior"
"FNO_001","Fuel Now Dashboard","Add Food","primary","PLANNED_REQUIRED","open Add Food Menu","no","none","none","P0","implement via typed UiAction/ViewModel; add disabled/loading/success/error states"
"FNO_001","Fuel Now Dashboard","Change date","date","PLANNED_REQUIRED","open Selected Date","no","none","none","P0","implement via typed UiAction/ViewModel; add disabled/loading/success/error states"
"FNO_001","Fuel Now Dashboard","Meal row","row","PLANNED_REQUIRED","open Meal Detail","no","none","none","P0","implement via typed UiAction/ViewModel; add disabled/loading/success/error states"
"FNO_001","Fuel Now Dashboard","Nutrition","card","PLANNED_REQUIRED","open Expanded Nutrition","no","none","none","P0","implement via typed UiAction/ViewModel; add disabled/loading/success/error states"
"FNO_002","Selected Date","Continue","current primary button","WIRED_BUT_WRONG_SEMANTICS","navigate to next registry route","no","none","navigation only","P0","replace with semantic primary action"
"FNO_002","Selected Date","Back","current text button","WIRED_BUT_WRONG_SEMANTICS","navigate to previous registry route","no","none","navigation only","P0","replace with parent/back-stack/cancel behavior"
"FNO_002","Selected Date","Select date","calendar","PLANNED_REQUIRED","reload Fuel Now for selected date","no","none","none","P0","implement via typed UiAction/ViewModel; add disabled/loading/success/error states"
"FNO_003","Nutrition Summary","Continue","current primary button","WIRED_BUT_WRONG_SEMANTICS","navigate to next registry route","no","none","navigation only","P0","replace with semantic primary action"
"FNO_003","Nutrition Summary","Back","current text button","WIRED_BUT_WRONG_SEMANTICS","navigate to previous registry route","no","none","navigation only","P0","replace with parent/back-stack/cancel behavior"
"FNO_003","Nutrition Summary","Retry/Add food","primary","PLANNED_REQUIRED","recover Fuel state","no","none","none","P0","implement via typed UiAction/ViewModel; add disabled/loading/success/error states"
"FNO_004","Expanded Nutrition","Continue","current primary button","WIRED_BUT_WRONG_SEMANTICS","navigate to next registry route","no","none","navigation only","P0","replace with semantic primary action"
"FNO_004","Expanded Nutrition","Back","current text button","WIRED_BUT_WRONG_SEMANTICS","navigate to previous registry route","no","none","navigation only","P0","replace with parent/back-stack/cancel behavior"
"FNO_004","Expanded Nutrition","Retry/Add food","primary","PLANNED_REQUIRED","recover Fuel state","no","none","none","P0","implement via typed UiAction/ViewModel; add disabled/loading/success/error states"
"FNO_005","Meal Groups","Continue","current primary button","WIRED_BUT_WRONG_SEMANTICS","navigate to next registry route","no","none","navigation only","P0","replace with semantic primary action"
"FNO_005","Meal Groups","Back","current text button","WIRED_BUT_WRONG_SEMANTICS","navigate to previous registry route","no","none","navigation only","P0","replace with parent/back-stack/cancel behavior"
"FNO_005","Meal Groups","Retry/Add food","primary","PLANNED_REQUIRED","recover Fuel state","no","none","none","P0","implement via typed UiAction/ViewModel; add disabled/loading/success/error states"
"FNO_006","Meal Detail","Continue","current primary button","WIRED_BUT_WRONG_SEMANTICS","navigate to next registry route","no","none","navigation only","P0","replace with semantic primary action"
"FNO_006","Meal Detail","Back","current text button","WIRED_BUT_WRONG_SEMANTICS","navigate to previous registry route","no","none","navigation only","P0","replace with parent/back-stack/cancel behavior"
"FNO_006","Meal Detail","Edit meal","secondary","PLANNED_REQUIRED","open Edit Meal","no","none","none","P0","implement via typed UiAction/ViewModel; add disabled/loading/success/error states"
"FNO_006","Meal Detail","Delete meal","destructive","PLANNED_REQUIRED","open Delete Meal Confirmation","yes","none","none","P0","implement via typed UiAction/ViewModel; add disabled/loading/success/error states"
"FNO_007","Edit Meal","Continue","current primary button","WIRED_BUT_WRONG_SEMANTICS","navigate to next registry route","no","none","navigation only","P0","replace with semantic primary action"
"FNO_007","Edit Meal","Back","current text button","WIRED_BUT_WRONG_SEMANTICS","navigate to previous registry route","no","none","navigation only","P0","replace with parent/back-stack/cancel behavior"
"FNO_007","Edit Meal","Save changes","primary","PLANNED_REQUIRED","update meal then Meal Detail","no","network","update meal","P0","implement via typed UiAction/ViewModel; add disabled/loading/success/error states"
"FNO_008","Delete Meal Confirmation","Continue","current primary button","WIRED_BUT_WRONG_SEMANTICS","navigate to next registry route","no","none","navigation only","P0","replace with semantic primary action"
"FNO_008","Delete Meal Confirmation","Back","current text button","WIRED_BUT_WRONG_SEMANTICS","navigate to previous registry route","no","none","navigation only","P0","replace with parent/back-stack/cancel behavior"
"FNO_008","Delete Meal Confirmation","Delete","destructive","PLANNED_REQUIRED","delete confirmed meal then Fuel Now","yes","network","delete meal","P0","implement via typed UiAction/ViewModel; add disabled/loading/success/error states"
"FNO_009","Add Food Menu","Continue","current primary button","WIRED_BUT_WRONG_SEMANTICS","navigate to next registry route","no","none","navigation only","P0","replace with semantic primary action"
"FNO_009","Add Food Menu","Back","current text button","WIRED_BUT_WRONG_SEMANTICS","navigate to previous registry route","no","none","navigation only","P0","replace with parent/back-stack/cancel behavior"
"FNO_009","Add Food Menu","Camera","option","PLANNED_REQUIRED","open Camera","no","none","none","P0","implement via typed UiAction/ViewModel; add disabled/loading/success/error states"
"FNO_009","Add Food Menu","Barcode","option","PLANNED_REQUIRED","open Barcode","no","none","none","P0","implement via typed UiAction/ViewModel; add disabled/loading/success/error states"
"FNO_009","Add Food Menu","Search","option","PLANNED_REQUIRED","open Food Search","no","none","none","P0","implement via typed UiAction/ViewModel; add disabled/loading/success/error states"
"FNO_010","Food Search","Continue","current primary button","WIRED_BUT_WRONG_SEMANTICS","navigate to next registry route","no","none","navigation only","P0","replace with semantic primary action"
"FNO_010","Food Search","Back","current text button","WIRED_BUT_WRONG_SEMANTICS","navigate to previous registry route","no","none","navigation only","P0","replace with parent/back-stack/cancel behavior"
"FNO_010","Food Search","Search","field","PLANNED_REQUIRED","query trusted foods","no","none","none","P0","implement via typed UiAction/ViewModel; add disabled/loading/success/error states"
"FNO_010","Food Search","Food result","row","PLANNED_REQUIRED","open Food Detail","no","none","none","P0","implement via typed UiAction/ViewModel; add disabled/loading/success/error states"
"FNO_011","Food Detail","Continue","current primary button","WIRED_BUT_WRONG_SEMANTICS","navigate to next registry route","no","none","navigation only","P0","replace with semantic primary action"
"FNO_011","Food Detail","Back","current text button","WIRED_BUT_WRONG_SEMANTICS","navigate to previous registry route","no","none","navigation only","P0","replace with parent/back-stack/cancel behavior"
"FNO_011","Food Detail","Serving","row","PLANNED_REQUIRED","open Serving Selector","no","none","none","P0","implement via typed UiAction/ViewModel; add disabled/loading/success/error states"
"FNO_011","Food Detail","Add","primary","PLANNED_REQUIRED","confirm food into meal","no","none","none","P0","implement via typed UiAction/ViewModel; add disabled/loading/success/error states"
"FNO_012","Serving Selector","Continue","current primary button","WIRED_BUT_WRONG_SEMANTICS","navigate to next registry route","no","none","navigation only","P0","replace with semantic primary action"
"FNO_012","Serving Selector","Back","current text button","WIRED_BUT_WRONG_SEMANTICS","navigate to previous registry route","no","none","navigation only","P0","replace with parent/back-stack/cancel behavior"
"FNO_012","Serving Selector","Save serving","primary","PLANNED_REQUIRED","return Food Detail","no","none","none","P0","implement via typed UiAction/ViewModel; add disabled/loading/success/error states"
"FNO_013","Recent Foods","Continue","current primary button","WIRED_BUT_WRONG_SEMANTICS","navigate to next registry route","no","none","navigation only","P0","replace with semantic primary action"
"FNO_013","Recent Foods","Back","current text button","WIRED_BUT_WRONG_SEMANTICS","navigate to previous registry route","no","none","navigation only","P0","replace with parent/back-stack/cancel behavior"
"FNO_013","Recent Foods","Reuse/Add","row","PLANNED_REQUIRED","create draft meal item then review","no","none","none","P0","implement via typed UiAction/ViewModel; add disabled/loading/success/error states"
"FNO_014","Frequent Foods","Continue","current primary button","WIRED_BUT_WRONG_SEMANTICS","navigate to next registry route","no","none","navigation only","P0","replace with semantic primary action"
"FNO_014","Frequent Foods","Back","current text button","WIRED_BUT_WRONG_SEMANTICS","navigate to previous registry route","no","none","navigation only","P0","replace with parent/back-stack/cancel behavior"
"FNO_014","Frequent Foods","Reuse/Add","row","PLANNED_REQUIRED","create draft meal item then review","no","none","none","P0","implement via typed UiAction/ViewModel; add disabled/loading/success/error states"
"FNO_015","Favorites","Continue","current primary button","WIRED_BUT_WRONG_SEMANTICS","navigate to next registry route","no","none","navigation only","P0","replace with semantic primary action"
"FNO_015","Favorites","Back","current text button","WIRED_BUT_WRONG_SEMANTICS","navigate to previous registry route","no","none","navigation only","P0","replace with parent/back-stack/cancel behavior"
"FNO_015","Favorites","Reuse/Add","row","PLANNED_REQUIRED","create draft meal item then review","no","none","none","P0","implement via typed UiAction/ViewModel; add disabled/loading/success/error states"
"FNO_016","Saved Meals","Continue","current primary button","WIRED_BUT_WRONG_SEMANTICS","navigate to next registry route","no","none","navigation only","P0","replace with semantic primary action"
"FNO_016","Saved Meals","Back","current text button","WIRED_BUT_WRONG_SEMANTICS","navigate to previous registry route","no","none","navigation only","P0","replace with parent/back-stack/cancel behavior"
"FNO_016","Saved Meals","Reuse/Add","row","PLANNED_REQUIRED","create draft meal item then review","no","none","none","P0","implement via typed UiAction/ViewModel; add disabled/loading/success/error states"
"FNO_017","Fuel Empty","Continue","current primary button","WIRED_BUT_WRONG_SEMANTICS","navigate to next registry route","no","none","navigation only","P0","replace with semantic primary action"
"FNO_017","Fuel Empty","Back","current text button","WIRED_BUT_WRONG_SEMANTICS","navigate to previous registry route","no","none","navigation only","P0","replace with parent/back-stack/cancel behavior"
"FNO_017","Fuel Empty","Retry/Add food","primary","PLANNED_REQUIRED","recover Fuel state","no","none","none","P0","implement via typed UiAction/ViewModel; add disabled/loading/success/error states"
"FNO_018","Fuel Offline","Continue","current primary button","WIRED_BUT_WRONG_SEMANTICS","navigate to next registry route","no","none","navigation only","P0","replace with semantic primary action"
"FNO_018","Fuel Offline","Back","current text button","WIRED_BUT_WRONG_SEMANTICS","navigate to previous registry route","no","none","navigation only","P0","replace with parent/back-stack/cancel behavior"
"FNO_018","Fuel Offline","Retry/Add food","primary","PLANNED_REQUIRED","recover Fuel state","no","none","none","P0","implement via typed UiAction/ViewModel; add disabled/loading/success/error states"
"FPL_001","Fuel Plan Dashboard","Continue","current primary button","WIRED_BUT_WRONG_SEMANTICS","navigate to next registry route","no","none","navigation only","P0","replace with semantic primary action"
"FPL_001","Fuel Plan Dashboard","Back","current text button","WIRED_BUT_WRONG_SEMANTICS","navigate to previous registry route","no","none","navigation only","P0","replace with parent/back-stack/cancel behavior"
"FPL_001","Fuel Plan Dashboard","Day/Week/Month","tab","PLANNED_REQUIRED","switch planning range","no","none","none","P1","implement via typed UiAction/ViewModel; add disabled/loading/success/error states"
"FPL_001","Fuel Plan Dashboard","Planned meal","row","PLANNED_REQUIRED","open Planned Meal Detail","no","none","none","P1","implement via typed UiAction/ViewModel; add disabled/loading/success/error states"
"FPL_001","Fuel Plan Dashboard","Generate/Revise plan","primary","PLANNED_REQUIRED","open setup/generation","no","none","none","P1","implement via typed UiAction/ViewModel; add disabled/loading/success/error states"
"FPL_002","Plan Day View","Continue","current primary button","WIRED_BUT_WRONG_SEMANTICS","navigate to next registry route","no","none","navigation only","P0","replace with semantic primary action"
"FPL_002","Plan Day View","Back","current text button","WIRED_BUT_WRONG_SEMANTICS","navigate to previous registry route","no","none","navigation only","P0","replace with parent/back-stack/cancel behavior"
"FPL_002","Plan Day View","Day/Week/Month","tab","PLANNED_REQUIRED","switch planning range","no","none","none","P1","implement via typed UiAction/ViewModel; add disabled/loading/success/error states"
"FPL_002","Plan Day View","Planned meal","row","PLANNED_REQUIRED","open Planned Meal Detail","no","none","none","P1","implement via typed UiAction/ViewModel; add disabled/loading/success/error states"
"FPL_002","Plan Day View","Generate/Revise plan","primary","PLANNED_REQUIRED","open setup/generation","no","none","none","P1","implement via typed UiAction/ViewModel; add disabled/loading/success/error states"
"FPL_003","Plan Week View","Continue","current primary button","WIRED_BUT_WRONG_SEMANTICS","navigate to next registry route","no","none","navigation only","P0","replace with semantic primary action"
"FPL_003","Plan Week View","Back","current text button","WIRED_BUT_WRONG_SEMANTICS","navigate to previous registry route","no","none","navigation only","P0","replace with parent/back-stack/cancel behavior"
"FPL_003","Plan Week View","Day/Week/Month","tab","PLANNED_REQUIRED","switch planning range","no","none","none","P1","implement via typed UiAction/ViewModel; add disabled/loading/success/error states"
"FPL_003","Plan Week View","Planned meal","row","PLANNED_REQUIRED","open Planned Meal Detail","no","none","none","P1","implement via typed UiAction/ViewModel; add disabled/loading/success/error states"
"FPL_003","Plan Week View","Generate/Revise plan","primary","PLANNED_REQUIRED","open setup/generation","no","none","none","P1","implement via typed UiAction/ViewModel; add disabled/loading/success/error states"
"FPL_004","Plan Month View","Continue","current primary button","WIRED_BUT_WRONG_SEMANTICS","navigate to next registry route","no","none","navigation only","P0","replace with semantic primary action"
"FPL_004","Plan Month View","Back","current text button","WIRED_BUT_WRONG_SEMANTICS","navigate to previous registry route","no","none","navigation only","P0","replace with parent/back-stack/cancel behavior"
"FPL_004","Plan Month View","Day/Week/Month","tab","PLANNED_REQUIRED","switch planning range","no","none","none","P1","implement via typed UiAction/ViewModel; add disabled/loading/success/error states"
"FPL_004","Plan Month View","Planned meal","row","PLANNED_REQUIRED","open Planned Meal Detail","no","none","none","P1","implement via typed UiAction/ViewModel; add disabled/loading/success/error states"
"FPL_004","Plan Month View","Generate/Revise plan","primary","PLANNED_REQUIRED","open setup/generation","no","none","none","P1","implement via typed UiAction/ViewModel; add disabled/loading/success/error states"
"FPL_005","Plan Preferences","Continue","current primary button","WIRED_BUT_WRONG_SEMANTICS","navigate to next registry route","no","none","navigation only","P0","replace with semantic primary action"
"FPL_005","Plan Preferences","Back","current text button","WIRED_BUT_WRONG_SEMANTICS","navigate to previous registry route","no","none","navigation only","P0","replace with parent/back-stack/cancel behavior"
"FPL_005","Plan Preferences","Save preferences","primary","PLANNED_REQUIRED","update plan constraints","no","none","write planning preferences","P1","implement via typed UiAction/ViewModel; add disabled/loading/success/error states"
"FPL_006","Diet Preferences","Continue","current primary button","WIRED_BUT_WRONG_SEMANTICS","navigate to next registry route","no","none","navigation only","P0","replace with semantic primary action"
"FPL_006","Diet Preferences","Back","current text button","WIRED_BUT_WRONG_SEMANTICS","navigate to previous registry route","no","none","navigation only","P0","replace with parent/back-stack/cancel behavior"
"FPL_006","Diet Preferences","Save preferences","primary","PLANNED_REQUIRED","update plan constraints","no","none","write planning preferences","P1","implement via typed UiAction/ViewModel; add disabled/loading/success/error states"
"FPL_007","Allergy Rules","Continue","current primary button","WIRED_BUT_WRONG_SEMANTICS","navigate to next registry route","no","none","navigation only","P0","replace with semantic primary action"
"FPL_007","Allergy Rules","Back","current text button","WIRED_BUT_WRONG_SEMANTICS","navigate to previous registry route","no","none","navigation only","P0","replace with parent/back-stack/cancel behavior"
"FPL_007","Allergy Rules","Save preferences","primary","PLANNED_REQUIRED","update plan constraints","no","none","write planning preferences","P1","implement via typed UiAction/ViewModel; add disabled/loading/success/error states"
"FPL_008","Cuisine Preferences","Continue","current primary button","WIRED_BUT_WRONG_SEMANTICS","navigate to next registry route","no","none","navigation only","P0","replace with semantic primary action"
"FPL_008","Cuisine Preferences","Back","current text button","WIRED_BUT_WRONG_SEMANTICS","navigate to previous registry route","no","none","navigation only","P0","replace with parent/back-stack/cancel behavior"
"FPL_008","Cuisine Preferences","Save preferences","primary","PLANNED_REQUIRED","update plan constraints","no","none","write planning preferences","P1","implement via typed UiAction/ViewModel; add disabled/loading/success/error states"
"FPL_009","Cooking Preferences","Continue","current primary button","WIRED_BUT_WRONG_SEMANTICS","navigate to next registry route","no","none","navigation only","P0","replace with semantic primary action"
"FPL_009","Cooking Preferences","Back","current text button","WIRED_BUT_WRONG_SEMANTICS","navigate to previous registry route","no","none","navigation only","P0","replace with parent/back-stack/cancel behavior"
"FPL_009","Cooking Preferences","Save preferences","primary","PLANNED_REQUIRED","update plan constraints","no","none","write planning preferences","P1","implement via typed UiAction/ViewModel; add disabled/loading/success/error states"
"FPL_010","Budget Preferences","Continue","current primary button","WIRED_BUT_WRONG_SEMANTICS","navigate to next registry route","no","none","navigation only","P0","replace with semantic primary action"
"FPL_010","Budget Preferences","Back","current text button","WIRED_BUT_WRONG_SEMANTICS","navigate to previous registry route","no","none","navigation only","P0","replace with parent/back-stack/cancel behavior"
"FPL_010","Budget Preferences","Save preferences","primary","PLANNED_REQUIRED","update plan constraints","no","none","write planning preferences","P1","implement via typed UiAction/ViewModel; add disabled/loading/success/error states"
"FPL_011","Pantry Context","Continue","current primary button","WIRED_BUT_WRONG_SEMANTICS","navigate to next registry route","no","none","navigation only","P0","replace with semantic primary action"
"FPL_011","Pantry Context","Back","current text button","WIRED_BUT_WRONG_SEMANTICS","navigate to previous registry route","no","none","navigation only","P0","replace with parent/back-stack/cancel behavior"
"FPL_011","Pantry Context","Save preferences","primary","PLANNED_REQUIRED","update plan constraints","no","none","write planning preferences","P1","implement via typed UiAction/ViewModel; add disabled/loading/success/error states"
"FPL_012","Training Context","Continue","current primary button","WIRED_BUT_WRONG_SEMANTICS","navigate to next registry route","no","none","navigation only","P0","replace with semantic primary action"
"FPL_012","Training Context","Back","current text button","WIRED_BUT_WRONG_SEMANTICS","navigate to previous registry route","no","none","navigation only","P0","replace with parent/back-stack/cancel behavior"
"FPL_012","Training Context","Save preferences","primary","PLANNED_REQUIRED","update plan constraints","no","none","write planning preferences","P1","implement via typed UiAction/ViewModel; add disabled/loading/success/error states"
"FPL_013","Plan Setup Review","Continue","current primary button","WIRED_BUT_WRONG_SEMANTICS","navigate to next registry route","no","none","navigation only","P0","replace with semantic primary action"
"FPL_013","Plan Setup Review","Back","current text button","WIRED_BUT_WRONG_SEMANTICS","navigate to previous registry route","no","none","navigation only","P0","replace with parent/back-stack/cancel behavior"
"FPL_013","Plan Setup Review","Generate plan","primary","PLANNED_REQUIRED","start plan generation","no","network","create plan job","P1","implement via typed UiAction/ViewModel; add disabled/loading/success/error states"
"FPL_014","Generating Meal Plan","Continue","current primary button","WIRED_BUT_WRONG_SEMANTICS","navigate to next registry route","no","none","navigation only","P0","replace with semantic primary action"
"FPL_014","Generating Meal Plan","Back","current text button","WIRED_BUT_WRONG_SEMANTICS","navigate to previous registry route","no","none","navigation only","P0","replace with parent/back-stack/cancel behavior"
"FPL_014","Generating Meal Plan","Leave and continue later","text","PLANNED_REQUIRED","persist generation job","no","none","none","P1","implement via typed UiAction/ViewModel; add disabled/loading/success/error states"
"FPL_014","Generating Meal Plan","Cancel","secondary","PLANNED_REQUIRED","cancel plan generation","yes","none","none","P1","implement via typed UiAction/ViewModel; add disabled/loading/success/error states"
"FPL_015","Weekly Proposal","Continue","current primary button","WIRED_BUT_WRONG_SEMANTICS","navigate to next registry route","no","none","navigation only","P0","replace with semantic primary action"
"FPL_015","Weekly Proposal","Back","current text button","WIRED_BUT_WRONG_SEMANTICS","navigate to previous registry route","no","none","navigation only","P0","replace with parent/back-stack/cancel behavior"
"FPL_015","Weekly Proposal","Open day/meal","row","PLANNED_REQUIRED","open proposal detail","no","none","none","P1","implement via typed UiAction/ViewModel; add disabled/loading/success/error states"
"FPL_016","Day Proposal","Continue","current primary button","WIRED_BUT_WRONG_SEMANTICS","navigate to next registry route","no","none","navigation only","P0","replace with semantic primary action"
"FPL_016","Day Proposal","Back","current text button","WIRED_BUT_WRONG_SEMANTICS","navigate to previous registry route","no","none","navigation only","P0","replace with parent/back-stack/cancel behavior"
"FPL_016","Day Proposal","Open day/meal","row","PLANNED_REQUIRED","open proposal detail","no","none","none","P1","implement via typed UiAction/ViewModel; add disabled/loading/success/error states"
"FPL_017","Planned Meal Detail","Continue","current primary button","WIRED_BUT_WRONG_SEMANTICS","navigate to next registry route","no","none","navigation only","P0","replace with semantic primary action"
"FPL_017","Planned Meal Detail","Back","current text button","WIRED_BUT_WRONG_SEMANTICS","navigate to previous registry route","no","none","navigation only","P0","replace with parent/back-stack/cancel behavior"
"FPL_017","Planned Meal Detail","Swap","secondary","PLANNED_REQUIRED","open alternatives","no","none","none","P1","implement via typed UiAction/ViewModel; add disabled/loading/success/error states"
"FPL_017","Planned Meal Detail","Change serving","secondary","PLANNED_REQUIRED","open Serving Change","no","none","none","P1","implement via typed UiAction/ViewModel; add disabled/loading/success/error states"
"FPL_017","Planned Meal Detail","Move meal","secondary","PLANNED_REQUIRED","open Move Meal","no","none","none","P1","implement via typed UiAction/ViewModel; add disabled/loading/success/error states"
"FPL_018","Swap Meal","Continue","current primary button","WIRED_BUT_WRONG_SEMANTICS","navigate to next registry route","no","none","navigation only","P0","replace with semantic primary action"
"FPL_018","Swap Meal","Back","current text button","WIRED_BUT_WRONG_SEMANTICS","navigate to previous registry route","no","none","navigation only","P0","replace with parent/back-stack/cancel behavior"
"FPL_018","Swap Meal","Choose alternative","option","PLANNED_REQUIRED","replace planned meal only","no","none","update planned meal","P1","implement via typed UiAction/ViewModel; add disabled/loading/success/error states"
"FPL_019","Meal Alternatives","Continue","current primary button","WIRED_BUT_WRONG_SEMANTICS","navigate to next registry route","no","none","navigation only","P0","replace with semantic primary action"
"FPL_019","Meal Alternatives","Back","current text button","WIRED_BUT_WRONG_SEMANTICS","navigate to previous registry route","no","none","navigation only","P0","replace with parent/back-stack/cancel behavior"
"FPL_019","Meal Alternatives","Choose alternative","option","PLANNED_REQUIRED","replace planned meal only","no","none","update planned meal","P1","implement via typed UiAction/ViewModel; add disabled/loading/success/error states"
"FPL_020","Serving Change","Continue","current primary button","WIRED_BUT_WRONG_SEMANTICS","navigate to next registry route","no","none","navigation only","P0","replace with semantic primary action"
"FPL_020","Serving Change","Back","current text button","WIRED_BUT_WRONG_SEMANTICS","navigate to previous registry route","no","none","navigation only","P0","replace with parent/back-stack/cancel behavior"
"FPL_020","Serving Change","Save serving","primary","PLANNED_REQUIRED","update planned meal","no","none","none","P1","implement via typed UiAction/ViewModel; add disabled/loading/success/error states"
"FPL_021","Move Meal","Continue","current primary button","WIRED_BUT_WRONG_SEMANTICS","navigate to next registry route","no","none","navigation only","P0","replace with semantic primary action"
"FPL_021","Move Meal","Back","current text button","WIRED_BUT_WRONG_SEMANTICS","navigate to previous registry route","no","none","navigation only","P0","replace with parent/back-stack/cancel behavior"
"FPL_021","Move Meal","Save schedule","primary","PLANNED_REQUIRED","write calendar/plan event","no","none","none","P1","implement via typed UiAction/ViewModel; add disabled/loading/success/error states"
"FPL_022","Plan Conflict","Continue","current primary button","WIRED_BUT_WRONG_SEMANTICS","navigate to next registry route","no","none","navigation only","P0","replace with semantic primary action"
"FPL_022","Plan Conflict","Back","current text button","WIRED_BUT_WRONG_SEMANTICS","navigate to previous registry route","no","none","navigation only","P0","replace with parent/back-stack/cancel behavior"
"FPL_022","Plan Conflict","Resolve conflict","primary","PLANNED_REQUIRED","open suggested alternatives","no","none","none","P1","implement via typed UiAction/ViewModel; add disabled/loading/success/error states"
"FPL_023","Confirm Plan","Continue","current primary button","WIRED_BUT_WRONG_SEMANTICS","navigate to next registry route","no","none","navigation only","P0","replace with semantic primary action"
"FPL_023","Confirm Plan","Back","current text button","WIRED_BUT_WRONG_SEMANTICS","navigate to previous registry route","no","none","navigation only","P0","replace with parent/back-stack/cancel behavior"
"FPL_023","Confirm Plan","Confirm plan","primary","PLANNED_REQUIRED","activate revision and write calendar events","no","network","activate plan","P1","implement via typed UiAction/ViewModel; add disabled/loading/success/error states"
"FPL_024","Plan Revision History","Continue","current primary button","WIRED_BUT_WRONG_SEMANTICS","navigate to next registry route","no","none","navigation only","P0","replace with semantic primary action"
"FPL_024","Plan Revision History","Back","current text button","WIRED_BUT_WRONG_SEMANTICS","navigate to previous registry route","no","none","navigation only","P0","replace with parent/back-stack/cancel behavior"
"FPL_024","Plan Revision History","Open revision","row","PLANNED_REQUIRED","view immutable plan revision","no","none","none","P1","implement via typed UiAction/ViewModel; add disabled/loading/success/error states"
"FSH_001","Shop Dashboard","Continue","current primary button","WIRED_BUT_WRONG_SEMANTICS","navigate to next registry route","no","none","navigation only","P0","replace with semantic primary action"
"FSH_001","Shop Dashboard","Back","current text button","WIRED_BUT_WRONG_SEMANTICS","navigate to previous registry route","no","none","navigation only","P0","replace with parent/back-stack/cancel behavior"
"FSH_001","Shop Dashboard","Add item","primary","PLANNED_REQUIRED","open Add Shopping Item","no","none","none","P1","implement via typed UiAction/ViewModel; add disabled/loading/success/error states"
"FSH_001","Shop Dashboard","Item row","row","PLANNED_REQUIRED","open Item Detail","no","none","none","P1","implement via typed UiAction/ViewModel; add disabled/loading/success/error states"
"FSH_001","Shop Dashboard","Mark purchased","checkbox","PLANNED_REQUIRED","toggle purchase status","no","none","none","P1","implement via typed UiAction/ViewModel; add disabled/loading/success/error states"
"FSH_002","Shopping List","Continue","current primary button","WIRED_BUT_WRONG_SEMANTICS","navigate to next registry route","no","none","navigation only","P0","replace with semantic primary action"
"FSH_002","Shopping List","Back","current text button","WIRED_BUT_WRONG_SEMANTICS","navigate to previous registry route","no","none","navigation only","P0","replace with parent/back-stack/cancel behavior"
"FSH_002","Shopping List","Add item","primary","PLANNED_REQUIRED","open Add Shopping Item","no","none","none","P1","implement via typed UiAction/ViewModel; add disabled/loading/success/error states"
"FSH_002","Shopping List","Item row","row","PLANNED_REQUIRED","open Item Detail","no","none","none","P1","implement via typed UiAction/ViewModel; add disabled/loading/success/error states"
"FSH_002","Shopping List","Mark purchased","checkbox","PLANNED_REQUIRED","toggle purchase status","no","none","none","P1","implement via typed UiAction/ViewModel; add disabled/loading/success/error states"
"FSH_003","Shopping Item Detail","Continue","current primary button","WIRED_BUT_WRONG_SEMANTICS","navigate to next registry route","no","none","navigation only","P0","replace with semantic primary action"
"FSH_003","Shopping Item Detail","Back","current text button","WIRED_BUT_WRONG_SEMANTICS","navigate to previous registry route","no","none","navigation only","P0","replace with parent/back-stack/cancel behavior"
"FSH_003","Shopping Item Detail","Edit","secondary","PLANNED_REQUIRED","open Edit Shopping Item","no","none","none","P1","implement via typed UiAction/ViewModel; add disabled/loading/success/error states"
"FSH_003","Shopping Item Detail","Mark purchased","primary","PLANNED_REQUIRED","update purchase state","no","none","none","P1","implement via typed UiAction/ViewModel; add disabled/loading/success/error states"
"FSH_004","Edit Shopping Item","Continue","current primary button","WIRED_BUT_WRONG_SEMANTICS","navigate to next registry route","no","none","navigation only","P0","replace with semantic primary action"
"FSH_004","Edit Shopping Item","Back","current text button","WIRED_BUT_WRONG_SEMANTICS","navigate to previous registry route","no","none","navigation only","P0","replace with parent/back-stack/cancel behavior"
"FSH_004","Edit Shopping Item","Save","primary","PLANNED_REQUIRED","update shopping item","no","none","none","P1","implement via typed UiAction/ViewModel; add disabled/loading/success/error states"
"FSH_005","Mark Purchased","Continue","current primary button","WIRED_BUT_WRONG_SEMANTICS","navigate to next registry route","no","none","navigation only","P0","replace with semantic primary action"
"FSH_005","Mark Purchased","Back","current text button","WIRED_BUT_WRONG_SEMANTICS","navigate to previous registry route","no","none","navigation only","P0","replace with parent/back-stack/cancel behavior"
"FSH_005","Mark Purchased","Toggle status","primary","PLANNED_REQUIRED","change purchased state","no","none","none","P1","implement via typed UiAction/ViewModel; add disabled/loading/success/error states"
"FSH_006","Undo Purchased","Continue","current primary button","WIRED_BUT_WRONG_SEMANTICS","navigate to next registry route","no","none","navigation only","P0","replace with semantic primary action"
"FSH_006","Undo Purchased","Back","current text button","WIRED_BUT_WRONG_SEMANTICS","navigate to previous registry route","no","none","navigation only","P0","replace with parent/back-stack/cancel behavior"
"FSH_006","Undo Purchased","Toggle status","primary","PLANNED_REQUIRED","change purchased state","no","none","none","P1","implement via typed UiAction/ViewModel; add disabled/loading/success/error states"
"FSH_007","Add Shopping Item","Continue","current primary button","WIRED_BUT_WRONG_SEMANTICS","navigate to next registry route","no","none","navigation only","P0","replace with semantic primary action"
"FSH_007","Add Shopping Item","Back","current text button","WIRED_BUT_WRONG_SEMANTICS","navigate to previous registry route","no","none","navigation only","P0","replace with parent/back-stack/cancel behavior"
"FSH_007","Add Shopping Item","Add item","primary","PLANNED_REQUIRED","write shopping item","no","none","none","P1","implement via typed UiAction/ViewModel; add disabled/loading/success/error states"
"FSH_008","Search Grocery","Continue","current primary button","WIRED_BUT_WRONG_SEMANTICS","navigate to next registry route","no","none","navigation only","P0","replace with semantic primary action"
"FSH_008","Search Grocery","Back","current text button","WIRED_BUT_WRONG_SEMANTICS","navigate to previous registry route","no","none","navigation only","P0","replace with parent/back-stack/cancel behavior"
"FSH_008","Search Grocery","Search","field","PLANNED_REQUIRED","query grocery/food catalog","no","none","none","P1","implement via typed UiAction/ViewModel; add disabled/loading/success/error states"
"FSH_008","Search Grocery","Add result","row","PLANNED_REQUIRED","write shopping item","no","none","none","P1","implement via typed UiAction/ViewModel; add disabled/loading/success/error states"
"FSH_009","Manual Grocery Item","Continue","current primary button","WIRED_BUT_WRONG_SEMANTICS","navigate to next registry route","no","none","navigation only","P0","replace with semantic primary action"
"FSH_009","Manual Grocery Item","Back","current text button","WIRED_BUT_WRONG_SEMANTICS","navigate to previous registry route","no","none","navigation only","P0","replace with parent/back-stack/cancel behavior"
"FSH_009","Manual Grocery Item","Add item","primary","PLANNED_REQUIRED","write shopping item","no","none","none","P1","implement via typed UiAction/ViewModel; add disabled/loading/success/error states"
"FSH_010","Scan Grocery Barcode","Continue","current primary button","WIRED_BUT_WRONG_SEMANTICS","navigate to next registry route","no","none","navigation only","P0","replace with semantic primary action"
"FSH_010","Scan Grocery Barcode","Back","current text button","WIRED_BUT_WRONG_SEMANTICS","navigate to previous registry route","no","none","navigation only","P0","replace with parent/back-stack/cancel behavior"
"FSH_010","Scan Grocery Barcode","Scan barcode","primary","PLANNED_REQUIRED","open barcode scan","no","CAMERA","none","P1","implement via typed UiAction/ViewModel; add disabled/loading/success/error states"
"FSH_011","Plan Requirements","Continue","current primary button","WIRED_BUT_WRONG_SEMANTICS","navigate to next registry route","no","none","navigation only","P0","replace with semantic primary action"
"FSH_011","Plan Requirements","Back","current text button","WIRED_BUT_WRONG_SEMANTICS","navigate to previous registry route","no","none","navigation only","P0","replace with parent/back-stack/cancel behavior"
"FSH_011","Plan Requirements","Add/remove/mark available","row","PLANNED_REQUIRED","update shopping/pantry state","no","none","none","P1","implement via typed UiAction/ViewModel; add disabled/loading/success/error states"
"FSH_012","Consolidated Ingredients","Continue","current primary button","WIRED_BUT_WRONG_SEMANTICS","navigate to next registry route","no","none","navigation only","P0","replace with semantic primary action"
"FSH_012","Consolidated Ingredients","Back","current text button","WIRED_BUT_WRONG_SEMANTICS","navigate to previous registry route","no","none","navigation only","P0","replace with parent/back-stack/cancel behavior"
"FSH_012","Consolidated Ingredients","Add/remove/mark available","row","PLANNED_REQUIRED","update shopping/pantry state","no","none","none","P1","implement via typed UiAction/ViewModel; add disabled/loading/success/error states"
"FSH_013","Recipe Ingredients","Continue","current primary button","WIRED_BUT_WRONG_SEMANTICS","navigate to next registry route","no","none","navigation only","P0","replace with semantic primary action"
"FSH_013","Recipe Ingredients","Back","current text button","WIRED_BUT_WRONG_SEMANTICS","navigate to previous registry route","no","none","navigation only","P0","replace with parent/back-stack/cancel behavior"
"FSH_013","Recipe Ingredients","Add/remove/mark available","row","PLANNED_REQUIRED","update shopping/pantry state","no","none","none","P1","implement via typed UiAction/ViewModel; add disabled/loading/success/error states"
"FSH_014","Pantry","Continue","current primary button","WIRED_BUT_WRONG_SEMANTICS","navigate to next registry route","no","none","navigation only","P0","replace with semantic primary action"
"FSH_014","Pantry","Back","current text button","WIRED_BUT_WRONG_SEMANTICS","navigate to previous registry route","no","none","navigation only","P0","replace with parent/back-stack/cancel behavior"
"FSH_014","Pantry","Add/remove/mark available","row","PLANNED_REQUIRED","update shopping/pantry state","no","none","none","P1","implement via typed UiAction/ViewModel; add disabled/loading/success/error states"
"FSH_015","Shopping Empty","Continue","current primary button","WIRED_BUT_WRONG_SEMANTICS","navigate to next registry route","no","none","navigation only","P0","replace with semantic primary action"
"FSH_015","Shopping Empty","Back","current text button","WIRED_BUT_WRONG_SEMANTICS","navigate to previous registry route","no","none","navigation only","P0","replace with parent/back-stack/cancel behavior"
"FSH_015","Shopping Empty","Retry","primary","PLANNED_REQUIRED","recover shopping state","no","none","none","P1","implement via typed UiAction/ViewModel; add disabled/loading/success/error states"
"FSH_016","Shopping Offline","Continue","current primary button","WIRED_BUT_WRONG_SEMANTICS","navigate to next registry route","no","none","navigation only","P0","replace with semantic primary action"
"FSH_016","Shopping Offline","Back","current text button","WIRED_BUT_WRONG_SEMANTICS","navigate to previous registry route","no","none","navigation only","P0","replace with parent/back-stack/cancel behavior"
"FSH_016","Shopping Offline","Retry","primary","PLANNED_REQUIRED","recover shopping state","no","none","none","P1","implement via typed UiAction/ViewModel; add disabled/loading/success/error states"
"RCP_001","Recipes Dashboard","Continue","current primary button","WIRED_BUT_WRONG_SEMANTICS","navigate to next registry route","no","none","navigation only","P0","replace with semantic primary action"
"RCP_001","Recipes Dashboard","Back","current text button","WIRED_BUT_WRONG_SEMANTICS","navigate to previous registry route","no","none","navigation only","P0","replace with parent/back-stack/cancel behavior"
"RCP_001","Recipes Dashboard","Recipe row","row","PLANNED_REQUIRED","open Recipe Detail","no","none","none","P1","implement via typed UiAction/ViewModel; add disabled/loading/success/error states"
"RCP_001","Recipes Dashboard","Import","primary","PLANNED_REQUIRED","open Import Source Choice","no","none","none","P1","implement via typed UiAction/ViewModel; add disabled/loading/success/error states"
"RCP_001","Recipes Dashboard","Create recipe","secondary","PLANNED_REQUIRED","open Create Recipe","no","none","none","P1","implement via typed UiAction/ViewModel; add disabled/loading/success/error states"
"RCP_002","Saved Recipes","Continue","current primary button","WIRED_BUT_WRONG_SEMANTICS","navigate to next registry route","no","none","navigation only","P0","replace with semantic primary action"
"RCP_002","Saved Recipes","Back","current text button","WIRED_BUT_WRONG_SEMANTICS","navigate to previous registry route","no","none","navigation only","P0","replace with parent/back-stack/cancel behavior"
"RCP_002","Saved Recipes","Recipe row","row","PLANNED_REQUIRED","open Recipe Detail","no","none","none","P1","implement via typed UiAction/ViewModel; add disabled/loading/success/error states"
"RCP_002","Saved Recipes","Import","primary","PLANNED_REQUIRED","open Import Source Choice","no","none","none","P1","implement via typed UiAction/ViewModel; add disabled/loading/success/error states"
"RCP_002","Saved Recipes","Create recipe","secondary","PLANNED_REQUIRED","open Create Recipe","no","none","none","P1","implement via typed UiAction/ViewModel; add disabled/loading/success/error states"
"RCP_003","Recipe Search","Continue","current primary button","WIRED_BUT_WRONG_SEMANTICS","navigate to next registry route","no","none","navigation only","P0","replace with semantic primary action"
"RCP_003","Recipe Search","Back","current text button","WIRED_BUT_WRONG_SEMANTICS","navigate to previous registry route","no","none","navigation only","P0","replace with parent/back-stack/cancel behavior"
"RCP_003","Recipe Search","Search","field","PLANNED_REQUIRED","query recipes","no","none","none","P1","implement via typed UiAction/ViewModel; add disabled/loading/success/error states"
"RCP_003","Recipe Search","Result","row","PLANNED_REQUIRED","open Recipe Detail","no","none","none","P1","implement via typed UiAction/ViewModel; add disabled/loading/success/error states"
"RCP_004","Recipe Results","Continue","current primary button","WIRED_BUT_WRONG_SEMANTICS","navigate to next registry route","no","none","navigation only","P0","replace with semantic primary action"
"RCP_004","Recipe Results","Back","current text button","WIRED_BUT_WRONG_SEMANTICS","navigate to previous registry route","no","none","navigation only","P0","replace with parent/back-stack/cancel behavior"
"RCP_004","Recipe Results","Recipe row","row","PLANNED_REQUIRED","open Recipe Detail","no","none","none","P1","implement via typed UiAction/ViewModel; add disabled/loading/success/error states"
"RCP_004","Recipe Results","Import","primary","PLANNED_REQUIRED","open Import Source Choice","no","none","none","P1","implement via typed UiAction/ViewModel; add disabled/loading/success/error states"
"RCP_004","Recipe Results","Create recipe","secondary","PLANNED_REQUIRED","open Create Recipe","no","none","none","P1","implement via typed UiAction/ViewModel; add disabled/loading/success/error states"
"RCP_005","Recipe Detail","Continue","current primary button","WIRED_BUT_WRONG_SEMANTICS","navigate to next registry route","no","none","navigation only","P0","replace with semantic primary action"
"RCP_005","Recipe Detail","Back","current text button","WIRED_BUT_WRONG_SEMANTICS","navigate to previous registry route","no","none","navigation only","P0","replace with parent/back-stack/cancel behavior"
"RCP_005","Recipe Detail","Cook","primary","PLANNED_REQUIRED","open Cooking Mode","no","none","none","P1","implement via typed UiAction/ViewModel; add disabled/loading/success/error states"
"RCP_005","Recipe Detail","Add to Plan","secondary","PLANNED_REQUIRED","open plan placement","no","none","none","P1","implement via typed UiAction/ViewModel; add disabled/loading/success/error states"
"RCP_005","Recipe Detail","Add to Shop","secondary","PLANNED_REQUIRED","add missing ingredients","no","none","none","P1","implement via typed UiAction/ViewModel; add disabled/loading/success/error states"
"RCP_005","Recipe Detail","Log meal","secondary","PLANNED_REQUIRED","open log confirmation","no","none","none","P1","implement via typed UiAction/ViewModel; add disabled/loading/success/error states"
"RCP_006","Recipe Nutrition","Continue","current primary button","WIRED_BUT_WRONG_SEMANTICS","navigate to next registry route","no","none","navigation only","P0","replace with semantic primary action"
"RCP_006","Recipe Nutrition","Back","current text button","WIRED_BUT_WRONG_SEMANTICS","navigate to previous registry route","no","none","navigation only","P0","replace with parent/back-stack/cancel behavior"
"RCP_006","Recipe Nutrition","Back to recipe","secondary","PLANNED_REQUIRED","return Recipe Detail","no","none","none","P1","implement via typed UiAction/ViewModel; add disabled/loading/success/error states"
"RCP_007","Recipe Ingredients","Continue","current primary button","WIRED_BUT_WRONG_SEMANTICS","navigate to next registry route","no","none","navigation only","P0","replace with semantic primary action"
"RCP_007","Recipe Ingredients","Back","current text button","WIRED_BUT_WRONG_SEMANTICS","navigate to previous registry route","no","none","navigation only","P0","replace with parent/back-stack/cancel behavior"
"RCP_007","Recipe Ingredients","Back to recipe","secondary","PLANNED_REQUIRED","return Recipe Detail","no","none","none","P1","implement via typed UiAction/ViewModel; add disabled/loading/success/error states"
"RCP_008","Cooking Mode","Continue","current primary button","WIRED_BUT_WRONG_SEMANTICS","navigate to next registry route","no","none","navigation only","P0","replace with semantic primary action"
"RCP_008","Cooking Mode","Back","current text button","WIRED_BUT_WRONG_SEMANTICS","navigate to previous registry route","no","none","navigation only","P0","replace with parent/back-stack/cancel behavior"
"RCP_008","Cooking Mode","Next step","primary","PLANNED_REQUIRED","advance step","no","none","none","P1","implement via typed UiAction/ViewModel; add disabled/loading/success/error states"
"RCP_008","Cooking Mode","Timer","secondary","PLANNED_REQUIRED","open Cooking Timer","no","none","none","P1","implement via typed UiAction/ViewModel; add disabled/loading/success/error states"
"RCP_009","Cooking Timer","Continue","current primary button","WIRED_BUT_WRONG_SEMANTICS","navigate to next registry route","no","none","navigation only","P0","replace with semantic primary action"
"RCP_009","Cooking Timer","Back","current text button","WIRED_BUT_WRONG_SEMANTICS","navigate to previous registry route","no","none","navigation only","P0","replace with parent/back-stack/cancel behavior"
"RCP_009","Cooking Timer","Pause/Resume timer","button","PLANNED_REQUIRED","control timer","no","none","none","P1","implement via typed UiAction/ViewModel; add disabled/loading/success/error states"
"RCP_009","Cooking Timer","Done","primary","PLANNED_REQUIRED","return Cooking Mode","no","none","none","P1","implement via typed UiAction/ViewModel; add disabled/loading/success/error states"
"RCP_010","Serving Adjust","Continue","current primary button","WIRED_BUT_WRONG_SEMANTICS","navigate to next registry route","no","none","navigation only","P0","replace with semantic primary action"
"RCP_010","Serving Adjust","Back","current text button","WIRED_BUT_WRONG_SEMANTICS","navigate to previous registry route","no","none","navigation only","P0","replace with parent/back-stack/cancel behavior"
"RCP_010","Serving Adjust","Save servings","primary","PLANNED_REQUIRED","recalculate recipe draft","no","none","none","P1","implement via typed UiAction/ViewModel; add disabled/loading/success/error states"
"RCP_011","Ingredient Substitution","Continue","current primary button","WIRED_BUT_WRONG_SEMANTICS","navigate to next registry route","no","none","navigation only","P0","replace with semantic primary action"
"RCP_011","Ingredient Substitution","Back","current text button","WIRED_BUT_WRONG_SEMANTICS","navigate to previous registry route","no","none","navigation only","P0","replace with parent/back-stack/cancel behavior"
"RCP_011","Ingredient Substitution","Choose substitute","option","PLANNED_REQUIRED","update recipe draft","no","none","none","P1","implement via typed UiAction/ViewModel; add disabled/loading/success/error states"
"RCP_012","Add Recipe to Plan","Continue","current primary button","WIRED_BUT_WRONG_SEMANTICS","navigate to next registry route","no","none","navigation only","P0","replace with semantic primary action"
"RCP_012","Add Recipe to Plan","Back","current text button","WIRED_BUT_WRONG_SEMANTICS","navigate to previous registry route","no","none","navigation only","P0","replace with parent/back-stack/cancel behavior"
"RCP_012","Add Recipe to Plan","Add to plan","primary","PLANNED_REQUIRED","write planned meal/calendar event","no","none","none","P1","implement via typed UiAction/ViewModel; add disabled/loading/success/error states"
"RCP_013","Add Recipe to Shop","Continue","current primary button","WIRED_BUT_WRONG_SEMANTICS","navigate to next registry route","no","none","navigation only","P0","replace with semantic primary action"
"RCP_013","Add Recipe to Shop","Back","current text button","WIRED_BUT_WRONG_SEMANTICS","navigate to previous registry route","no","none","navigation only","P0","replace with parent/back-stack/cancel behavior"
"RCP_013","Add Recipe to Shop","Add missing ingredients","primary","PLANNED_REQUIRED","write shopping items","no","none","none","P1","implement via typed UiAction/ViewModel; add disabled/loading/success/error states"
"RCP_014","Log Recipe as Meal","Continue","current primary button","WIRED_BUT_WRONG_SEMANTICS","navigate to next registry route","no","none","navigation only","P0","replace with semantic primary action"
"RCP_014","Log Recipe as Meal","Back","current text button","WIRED_BUT_WRONG_SEMANTICS","navigate to previous registry route","no","none","navigation only","P0","replace with parent/back-stack/cancel behavior"
"RCP_014","Log Recipe as Meal","Confirm meal","primary","PLANNED_REQUIRED","write confirmed meal","no","none","none","P1","implement via typed UiAction/ViewModel; add disabled/loading/success/error states"
"RCP_015","Create Recipe","Continue","current primary button","WIRED_BUT_WRONG_SEMANTICS","navigate to next registry route","no","none","navigation only","P0","replace with semantic primary action"
"RCP_015","Create Recipe","Back","current text button","WIRED_BUT_WRONG_SEMANTICS","navigate to previous registry route","no","none","navigation only","P0","replace with parent/back-stack/cancel behavior"
"RCP_015","Create Recipe","Save draft","primary","PLANNED_REQUIRED","persist recipe draft","no","none","none","P1","implement via typed UiAction/ViewModel; add disabled/loading/success/error states"
"RCP_015","Create Recipe","Continue","secondary","PLANNED_REQUIRED","next creation step","no","none","none","P1","implement via typed UiAction/ViewModel; add disabled/loading/success/error states"
"RCP_016","Create Recipe Metadata","Continue","current primary button","WIRED_BUT_WRONG_SEMANTICS","navigate to next registry route","no","none","navigation only","P0","replace with semantic primary action"
"RCP_016","Create Recipe Metadata","Back","current text button","WIRED_BUT_WRONG_SEMANTICS","navigate to previous registry route","no","none","navigation only","P0","replace with parent/back-stack/cancel behavior"
"RCP_016","Create Recipe Metadata","Save draft","primary","PLANNED_REQUIRED","persist recipe draft","no","none","none","P1","implement via typed UiAction/ViewModel; add disabled/loading/success/error states"
"RCP_016","Create Recipe Metadata","Continue","secondary","PLANNED_REQUIRED","next creation step","no","none","none","P1","implement via typed UiAction/ViewModel; add disabled/loading/success/error states"
"RCP_017","Create Recipe Ingredients","Continue","current primary button","WIRED_BUT_WRONG_SEMANTICS","navigate to next registry route","no","none","navigation only","P0","replace with semantic primary action"
"RCP_017","Create Recipe Ingredients","Back","current text button","WIRED_BUT_WRONG_SEMANTICS","navigate to previous registry route","no","none","navigation only","P0","replace with parent/back-stack/cancel behavior"
"RCP_017","Create Recipe Ingredients","Back to recipe","secondary","PLANNED_REQUIRED","return Recipe Detail","no","none","none","P1","implement via typed UiAction/ViewModel; add disabled/loading/success/error states"
"RCP_018","Create Recipe Steps","Continue","current primary button","WIRED_BUT_WRONG_SEMANTICS","navigate to next registry route","no","none","navigation only","P0","replace with semantic primary action"
"RCP_018","Create Recipe Steps","Back","current text button","WIRED_BUT_WRONG_SEMANTICS","navigate to previous registry route","no","none","navigation only","P0","replace with parent/back-stack/cancel behavior"
"RCP_018","Create Recipe Steps","Save draft","primary","PLANNED_REQUIRED","persist recipe draft","no","none","none","P1","implement via typed UiAction/ViewModel; add disabled/loading/success/error states"
"RCP_018","Create Recipe Steps","Continue","secondary","PLANNED_REQUIRED","next creation step","no","none","none","P1","implement via typed UiAction/ViewModel; add disabled/loading/success/error states"
"RCP_019","Create Recipe Review","Continue","current primary button","WIRED_BUT_WRONG_SEMANTICS","navigate to next registry route","no","none","navigation only","P0","replace with semantic primary action"
"RCP_019","Create Recipe Review","Back","current text button","WIRED_BUT_WRONG_SEMANTICS","navigate to previous registry route","no","none","navigation only","P0","replace with parent/back-stack/cancel behavior"
"RCP_019","Create Recipe Review","Save draft","primary","PLANNED_REQUIRED","persist recipe draft","no","none","none","P1","implement via typed UiAction/ViewModel; add disabled/loading/success/error states"
"RCP_019","Create Recipe Review","Continue","secondary","PLANNED_REQUIRED","next creation step","no","none","none","P1","implement via typed UiAction/ViewModel; add disabled/loading/success/error states"
"RCP_020","Import Source Choice","Continue","current primary button","WIRED_BUT_WRONG_SEMANTICS","navigate to next registry route","no","none","navigation only","P0","replace with semantic primary action"
"RCP_020","Import Source Choice","Back","current text button","WIRED_BUT_WRONG_SEMANTICS","navigate to previous registry route","no","none","navigation only","P0","replace with parent/back-stack/cancel behavior"
"RCP_020","Import Source Choice","YouTube","option","PLANNED_REQUIRED","open YouTube Import","no","none","none","P1","implement via typed UiAction/ViewModel; add disabled/loading/success/error states"
"RCP_020","Import Source Choice","Web","option","PLANNED_REQUIRED","open Web Import","no","none","none","P1","implement via typed UiAction/ViewModel; add disabled/loading/success/error states"
"RCP_020","Import Source Choice","Text","option","PLANNED_REQUIRED","open Text Import","no","none","none","P1","implement via typed UiAction/ViewModel; add disabled/loading/success/error states"
"RCP_021","YouTube Import","Continue","current primary button","WIRED_BUT_WRONG_SEMANTICS","navigate to next registry route","no","none","navigation only","P0","replace with semantic primary action"
"RCP_021","YouTube Import","Back","current text button","WIRED_BUT_WRONG_SEMANTICS","navigate to previous registry route","no","none","navigation only","P0","replace with parent/back-stack/cancel behavior"
"RCP_021","YouTube Import","Start import","primary","PLANNED_REQUIRED","create resumable import job","no","network","write import job","P1","implement via typed UiAction/ViewModel; add disabled/loading/success/error states"
"RCP_022","Web Import","Continue","current primary button","WIRED_BUT_WRONG_SEMANTICS","navigate to next registry route","no","none","navigation only","P0","replace with semantic primary action"
"RCP_022","Web Import","Back","current text button","WIRED_BUT_WRONG_SEMANTICS","navigate to previous registry route","no","none","navigation only","P0","replace with parent/back-stack/cancel behavior"
"RCP_022","Web Import","Start import","primary","PLANNED_REQUIRED","create resumable import job","no","network","write import job","P1","implement via typed UiAction/ViewModel; add disabled/loading/success/error states"
"RCP_023","Text Import","Continue","current primary button","WIRED_BUT_WRONG_SEMANTICS","navigate to next registry route","no","none","navigation only","P0","replace with semantic primary action"
"RCP_023","Text Import","Back","current text button","WIRED_BUT_WRONG_SEMANTICS","navigate to previous registry route","no","none","navigation only","P0","replace with parent/back-stack/cancel behavior"
"RCP_023","Text Import","Start import","primary","PLANNED_REQUIRED","create resumable import job","no","network","write import job","P1","implement via typed UiAction/ViewModel; add disabled/loading/success/error states"
"RCP_024","Validate Import Source","Continue","current primary button","WIRED_BUT_WRONG_SEMANTICS","navigate to next registry route","no","none","navigation only","P0","replace with semantic primary action"
"RCP_024","Validate Import Source","Back","current text button","WIRED_BUT_WRONG_SEMANTICS","navigate to previous registry route","no","none","navigation only","P0","replace with parent/back-stack/cancel behavior"
"RCP_024","Validate Import Source","Leave and return","text","PLANNED_REQUIRED","persist import job","no","none","none","P1","implement via typed UiAction/ViewModel; add disabled/loading/success/error states"
"RCP_024","Validate Import Source","Cancel import","secondary","PLANNED_REQUIRED","cancel with confirmation","yes","none","none","P1","implement via typed UiAction/ViewModel; add disabled/loading/success/error states"
"RCP_025","Import Queued","Continue","current primary button","WIRED_BUT_WRONG_SEMANTICS","navigate to next registry route","no","none","navigation only","P0","replace with semantic primary action"
"RCP_025","Import Queued","Back","current text button","WIRED_BUT_WRONG_SEMANTICS","navigate to previous registry route","no","none","navigation only","P0","replace with parent/back-stack/cancel behavior"
"RCP_025","Import Queued","Leave and return","text","PLANNED_REQUIRED","persist import job","no","none","none","P1","implement via typed UiAction/ViewModel; add disabled/loading/success/error states"
"RCP_025","Import Queued","Cancel import","secondary","PLANNED_REQUIRED","cancel with confirmation","yes","none","none","P1","implement via typed UiAction/ViewModel; add disabled/loading/success/error states"
"RCP_026","Reading Source","Continue","current primary button","WIRED_BUT_WRONG_SEMANTICS","navigate to next registry route","no","none","navigation only","P0","replace with semantic primary action"
"RCP_026","Reading Source","Back","current text button","WIRED_BUT_WRONG_SEMANTICS","navigate to previous registry route","no","none","navigation only","P0","replace with parent/back-stack/cancel behavior"
"RCP_026","Reading Source","Leave and return","text","PLANNED_REQUIRED","persist import job","no","none","none","P1","implement via typed UiAction/ViewModel; add disabled/loading/success/error states"
"RCP_026","Reading Source","Cancel import","secondary","PLANNED_REQUIRED","cancel with confirmation","yes","none","none","P1","implement via typed UiAction/ViewModel; add disabled/loading/success/error states"
"RCP_027","Extracting Recipe Evidence","Continue","current primary button","WIRED_BUT_WRONG_SEMANTICS","navigate to next registry route","no","none","navigation only","P0","replace with semantic primary action"
"RCP_027","Extracting Recipe Evidence","Back","current text button","WIRED_BUT_WRONG_SEMANTICS","navigate to previous registry route","no","none","navigation only","P0","replace with parent/back-stack/cancel behavior"
"RCP_027","Extracting Recipe Evidence","Leave and return","text","PLANNED_REQUIRED","persist import job","no","none","none","P1","implement via typed UiAction/ViewModel; add disabled/loading/success/error states"
"RCP_027","Extracting Recipe Evidence","Cancel import","secondary","PLANNED_REQUIRED","cancel with confirmation","yes","none","none","P1","implement via typed UiAction/ViewModel; add disabled/loading/success/error states"
"RCP_028","Normalizing Ingredients","Continue","current primary button","WIRED_BUT_WRONG_SEMANTICS","navigate to next registry route","no","none","navigation only","P0","replace with semantic primary action"
"RCP_028","Normalizing Ingredients","Back","current text button","WIRED_BUT_WRONG_SEMANTICS","navigate to previous registry route","no","none","navigation only","P0","replace with parent/back-stack/cancel behavior"
"RCP_028","Normalizing Ingredients","Back to recipe","secondary","PLANNED_REQUIRED","return Recipe Detail","no","none","none","P1","implement via typed UiAction/ViewModel; add disabled/loading/success/error states"
"RCP_029","Matching Trusted Foods","Continue","current primary button","WIRED_BUT_WRONG_SEMANTICS","navigate to next registry route","no","none","navigation only","P0","replace with semantic primary action"
"RCP_029","Matching Trusted Foods","Back","current text button","WIRED_BUT_WRONG_SEMANTICS","navigate to previous registry route","no","none","navigation only","P0","replace with parent/back-stack/cancel behavior"
"RCP_029","Matching Trusted Foods","Leave and return","text","PLANNED_REQUIRED","persist import job","no","none","none","P1","implement via typed UiAction/ViewModel; add disabled/loading/success/error states"
"RCP_029","Matching Trusted Foods","Cancel import","secondary","PLANNED_REQUIRED","cancel with confirmation","yes","none","none","P1","implement via typed UiAction/ViewModel; add disabled/loading/success/error states"
"RCP_030","Checking Nutrition Eligibility","Continue","current primary button","WIRED_BUT_WRONG_SEMANTICS","navigate to next registry route","no","none","navigation only","P0","replace with semantic primary action"
"RCP_030","Checking Nutrition Eligibility","Back","current text button","WIRED_BUT_WRONG_SEMANTICS","navigate to previous registry route","no","none","navigation only","P0","replace with parent/back-stack/cancel behavior"
"RCP_030","Checking Nutrition Eligibility","Back to recipe","secondary","PLANNED_REQUIRED","return Recipe Detail","no","none","none","P1","implement via typed UiAction/ViewModel; add disabled/loading/success/error states"
"RCP_031","Import Needs Review","Continue","current primary button","WIRED_BUT_WRONG_SEMANTICS","navigate to next registry route","no","none","navigation only","P0","replace with semantic primary action"
"RCP_031","Import Needs Review","Back","current text button","WIRED_BUT_WRONG_SEMANTICS","navigate to previous registry route","no","none","navigation only","P0","replace with parent/back-stack/cancel behavior"
"RCP_031","Import Needs Review","Correct issue","primary","PLANNED_REQUIRED","update recipe import draft","no","none","none","P1","implement via typed UiAction/ViewModel; add disabled/loading/success/error states"
"RCP_032","Unresolved Ingredient","Continue","current primary button","WIRED_BUT_WRONG_SEMANTICS","navigate to next registry route","no","none","navigation only","P0","replace with semantic primary action"
"RCP_032","Unresolved Ingredient","Back","current text button","WIRED_BUT_WRONG_SEMANTICS","navigate to previous registry route","no","none","navigation only","P0","replace with parent/back-stack/cancel behavior"
"RCP_032","Unresolved Ingredient","Correct issue","primary","PLANNED_REQUIRED","update recipe import draft","no","none","none","P1","implement via typed UiAction/ViewModel; add disabled/loading/success/error states"
"RCP_033","Missing Quantity","Continue","current primary button","WIRED_BUT_WRONG_SEMANTICS","navigate to next registry route","no","none","navigation only","P0","replace with semantic primary action"
"RCP_033","Missing Quantity","Back","current text button","WIRED_BUT_WRONG_SEMANTICS","navigate to previous registry route","no","none","navigation only","P0","replace with parent/back-stack/cancel behavior"
"RCP_033","Missing Quantity","Correct issue","primary","PLANNED_REQUIRED","update recipe import draft","no","none","none","P1","implement via typed UiAction/ViewModel; add disabled/loading/success/error states"
"RCP_034","Missing Servings","Continue","current primary button","WIRED_BUT_WRONG_SEMANTICS","navigate to next registry route","no","none","navigation only","P0","replace with semantic primary action"
"RCP_034","Missing Servings","Back","current text button","WIRED_BUT_WRONG_SEMANTICS","navigate to previous registry route","no","none","navigation only","P0","replace with parent/back-stack/cancel behavior"
"RCP_034","Missing Servings","Correct issue","primary","PLANNED_REQUIRED","update recipe import draft","no","none","none","P1","implement via typed UiAction/ViewModel; add disabled/loading/success/error states"
"RCP_035","Recipe Import Confirmation","Continue","current primary button","WIRED_BUT_WRONG_SEMANTICS","navigate to next registry route","no","none","navigation only","P0","replace with semantic primary action"
"RCP_035","Recipe Import Confirmation","Back","current text button","WIRED_BUT_WRONG_SEMANTICS","navigate to previous registry route","no","none","navigation only","P0","replace with parent/back-stack/cancel behavior"
"RCP_035","Recipe Import Confirmation","Save recipe","primary","PLANNED_REQUIRED","promote reviewed draft to canonical recipe","no","network","write recipe","P1","implement via typed UiAction/ViewModel; add disabled/loading/success/error states"
"RCP_036","Recipe Import Failure","Continue","current primary button","WIRED_BUT_WRONG_SEMANTICS","navigate to next registry route","no","none","navigation only","P0","replace with semantic primary action"
"RCP_036","Recipe Import Failure","Back","current text button","WIRED_BUT_WRONG_SEMANTICS","navigate to previous registry route","no","none","navigation only","P0","replace with parent/back-stack/cancel behavior"
"RCP_036","Recipe Import Failure","Retry","primary","PLANNED_REQUIRED","retry import","no","none","none","P1","implement via typed UiAction/ViewModel; add disabled/loading/success/error states"
"RCP_036","Recipe Import Failure","Manual recipe","secondary","PLANNED_REQUIRED","open manual create","no","none","none","P1","implement via typed UiAction/ViewModel; add disabled/loading/success/error states"
"TRS_001","Train Setup Welcome","Continue","current primary button","WIRED_BUT_WRONG_SEMANTICS","navigate to next registry route","no","none","navigation only","P0","replace with semantic primary action"
"TRS_001","Train Setup Welcome","Back","current text button","WIRED_BUT_WRONG_SEMANTICS","navigate to previous registry route","no","none","navigation only","P0","replace with parent/back-stack/cancel behavior"
"TRS_001","Train Setup Welcome","Continue","primary","PLANNED_REQUIRED","save current setup step and advance","no","none","save training setup draft","P1","implement via typed UiAction/ViewModel; add disabled/loading/success/error states"
"TRS_001","Train Setup Welcome","Back","secondary","PLANNED_REQUIRED","return prior step","no","none","none","P1","implement via typed UiAction/ViewModel; add disabled/loading/success/error states"
"TRS_002","Training Experience","Continue","current primary button","WIRED_BUT_WRONG_SEMANTICS","navigate to next registry route","no","none","navigation only","P0","replace with semantic primary action"
"TRS_002","Training Experience","Back","current text button","WIRED_BUT_WRONG_SEMANTICS","navigate to previous registry route","no","none","navigation only","P0","replace with parent/back-stack/cancel behavior"
"TRS_002","Training Experience","Continue","primary","PLANNED_REQUIRED","save current setup step and advance","no","none","save training setup draft","P1","implement via typed UiAction/ViewModel; add disabled/loading/success/error states"
"TRS_002","Training Experience","Back","secondary","PLANNED_REQUIRED","return prior step","no","none","none","P1","implement via typed UiAction/ViewModel; add disabled/loading/success/error states"
"TRS_003","Activity Experience","Continue","current primary button","WIRED_BUT_WRONG_SEMANTICS","navigate to next registry route","no","none","navigation only","P0","replace with semantic primary action"
"TRS_003","Activity Experience","Back","current text button","WIRED_BUT_WRONG_SEMANTICS","navigate to previous registry route","no","none","navigation only","P0","replace with parent/back-stack/cancel behavior"
"TRS_003","Activity Experience","Continue","primary","PLANNED_REQUIRED","save current setup step and advance","no","none","save training setup draft","P1","implement via typed UiAction/ViewModel; add disabled/loading/success/error states"
"TRS_003","Activity Experience","Back","secondary","PLANNED_REQUIRED","return prior step","no","none","none","P1","implement via typed UiAction/ViewModel; add disabled/loading/success/error states"
"TRS_004","Training Goal","Continue","current primary button","WIRED_BUT_WRONG_SEMANTICS","navigate to next registry route","no","none","navigation only","P0","replace with semantic primary action"
"TRS_004","Training Goal","Back","current text button","WIRED_BUT_WRONG_SEMANTICS","navigate to previous registry route","no","none","navigation only","P0","replace with parent/back-stack/cancel behavior"
"TRS_004","Training Goal","Continue","primary","PLANNED_REQUIRED","save current setup step and advance","no","none","save training setup draft","P1","implement via typed UiAction/ViewModel; add disabled/loading/success/error states"
"TRS_004","Training Goal","Back","secondary","PLANNED_REQUIRED","return prior step","no","none","none","P1","implement via typed UiAction/ViewModel; add disabled/loading/success/error states"
"TRS_005","Preferred Activities","Continue","current primary button","WIRED_BUT_WRONG_SEMANTICS","navigate to next registry route","no","none","navigation only","P0","replace with semantic primary action"
"TRS_005","Preferred Activities","Back","current text button","WIRED_BUT_WRONG_SEMANTICS","navigate to previous registry route","no","none","navigation only","P0","replace with parent/back-stack/cancel behavior"
"TRS_005","Preferred Activities","Continue","primary","PLANNED_REQUIRED","save current setup step and advance","no","none","save training setup draft","P1","implement via typed UiAction/ViewModel; add disabled/loading/success/error states"
"TRS_005","Preferred Activities","Back","secondary","PLANNED_REQUIRED","return prior step","no","none","none","P1","implement via typed UiAction/ViewModel; add disabled/loading/success/error states"
"TRS_006","Environment","Continue","current primary button","WIRED_BUT_WRONG_SEMANTICS","navigate to next registry route","no","none","navigation only","P0","replace with semantic primary action"
"TRS_006","Environment","Back","current text button","WIRED_BUT_WRONG_SEMANTICS","navigate to previous registry route","no","none","navigation only","P0","replace with parent/back-stack/cancel behavior"
"TRS_006","Environment","Continue","primary","PLANNED_REQUIRED","save current setup step and advance","no","none","save training setup draft","P1","implement via typed UiAction/ViewModel; add disabled/loading/success/error states"
"TRS_006","Environment","Back","secondary","PLANNED_REQUIRED","return prior step","no","none","none","P1","implement via typed UiAction/ViewModel; add disabled/loading/success/error states"
"TRS_007","Equipment","Continue","current primary button","WIRED_BUT_WRONG_SEMANTICS","navigate to next registry route","no","none","navigation only","P0","replace with semantic primary action"
"TRS_007","Equipment","Back","current text button","WIRED_BUT_WRONG_SEMANTICS","navigate to previous registry route","no","none","navigation only","P0","replace with parent/back-stack/cancel behavior"
"TRS_007","Equipment","Continue","primary","PLANNED_REQUIRED","save current setup step and advance","no","none","save training setup draft","P1","implement via typed UiAction/ViewModel; add disabled/loading/success/error states"
"TRS_007","Equipment","Back","secondary","PLANNED_REQUIRED","return prior step","no","none","none","P1","implement via typed UiAction/ViewModel; add disabled/loading/success/error states"
"TRS_008","Weekly Availability","Continue","current primary button","WIRED_BUT_WRONG_SEMANTICS","navigate to next registry route","no","none","navigation only","P0","replace with semantic primary action"
"TRS_008","Weekly Availability","Back","current text button","WIRED_BUT_WRONG_SEMANTICS","navigate to previous registry route","no","none","navigation only","P0","replace with parent/back-stack/cancel behavior"
"TRS_008","Weekly Availability","Continue","primary","PLANNED_REQUIRED","save current setup step and advance","no","none","save training setup draft","P1","implement via typed UiAction/ViewModel; add disabled/loading/success/error states"
"TRS_008","Weekly Availability","Back","secondary","PLANNED_REQUIRED","return prior step","no","none","none","P1","implement via typed UiAction/ViewModel; add disabled/loading/success/error states"
"TRS_009","Preferred Days","Continue","current primary button","WIRED_BUT_WRONG_SEMANTICS","navigate to next registry route","no","none","navigation only","P0","replace with semantic primary action"
"TRS_009","Preferred Days","Back","current text button","WIRED_BUT_WRONG_SEMANTICS","navigate to previous registry route","no","none","navigation only","P0","replace with parent/back-stack/cancel behavior"
"TRS_009","Preferred Days","Continue","primary","PLANNED_REQUIRED","save current setup step and advance","no","none","save training setup draft","P1","implement via typed UiAction/ViewModel; add disabled/loading/success/error states"
"TRS_009","Preferred Days","Back","secondary","PLANNED_REQUIRED","return prior step","no","none","none","P1","implement via typed UiAction/ViewModel; add disabled/loading/success/error states"
"TRS_010","Preferred Time","Continue","current primary button","WIRED_BUT_WRONG_SEMANTICS","navigate to next registry route","no","none","navigation only","P0","replace with semantic primary action"
"TRS_010","Preferred Time","Back","current text button","WIRED_BUT_WRONG_SEMANTICS","navigate to previous registry route","no","none","navigation only","P0","replace with parent/back-stack/cancel behavior"
"TRS_010","Preferred Time","Continue","primary","PLANNED_REQUIRED","save current setup step and advance","no","none","save training setup draft","P1","implement via typed UiAction/ViewModel; add disabled/loading/success/error states"
"TRS_010","Preferred Time","Back","secondary","PLANNED_REQUIRED","return prior step","no","none","none","P1","implement via typed UiAction/ViewModel; add disabled/loading/success/error states"
"TRS_011","Session Duration","Continue","current primary button","WIRED_BUT_WRONG_SEMANTICS","navigate to next registry route","no","none","navigation only","P0","replace with semantic primary action"
"TRS_011","Session Duration","Back","current text button","WIRED_BUT_WRONG_SEMANTICS","navigate to previous registry route","no","none","navigation only","P0","replace with parent/back-stack/cancel behavior"
"TRS_011","Session Duration","Continue","primary","PLANNED_REQUIRED","save current setup step and advance","no","none","save training setup draft","P1","implement via typed UiAction/ViewModel; add disabled/loading/success/error states"
"TRS_011","Session Duration","Back","secondary","PLANNED_REQUIRED","return prior step","no","none","none","P1","implement via typed UiAction/ViewModel; add disabled/loading/success/error states"
"TRS_012","Exercise Preferences","Continue","current primary button","WIRED_BUT_WRONG_SEMANTICS","navigate to next registry route","no","none","navigation only","P0","replace with semantic primary action"
"TRS_012","Exercise Preferences","Back","current text button","WIRED_BUT_WRONG_SEMANTICS","navigate to previous registry route","no","none","navigation only","P0","replace with parent/back-stack/cancel behavior"
"TRS_012","Exercise Preferences","Continue","primary","PLANNED_REQUIRED","save current setup step and advance","no","none","save training setup draft","P1","implement via typed UiAction/ViewModel; add disabled/loading/success/error states"
"TRS_012","Exercise Preferences","Back","secondary","PLANNED_REQUIRED","return prior step","no","none","none","P1","implement via typed UiAction/ViewModel; add disabled/loading/success/error states"
"TRS_013","Exercise Dislikes","Continue","current primary button","WIRED_BUT_WRONG_SEMANTICS","navigate to next registry route","no","none","navigation only","P0","replace with semantic primary action"
"TRS_013","Exercise Dislikes","Back","current text button","WIRED_BUT_WRONG_SEMANTICS","navigate to previous registry route","no","none","navigation only","P0","replace with parent/back-stack/cancel behavior"
"TRS_013","Exercise Dislikes","Continue","primary","PLANNED_REQUIRED","save current setup step and advance","no","none","save training setup draft","P1","implement via typed UiAction/ViewModel; add disabled/loading/success/error states"
"TRS_013","Exercise Dislikes","Back","secondary","PLANNED_REQUIRED","return prior step","no","none","none","P1","implement via typed UiAction/ViewModel; add disabled/loading/success/error states"
"TRS_014","Movement Limitations","Continue","current primary button","WIRED_BUT_WRONG_SEMANTICS","navigate to next registry route","no","none","navigation only","P0","replace with semantic primary action"
"TRS_014","Movement Limitations","Back","current text button","WIRED_BUT_WRONG_SEMANTICS","navigate to previous registry route","no","none","navigation only","P0","replace with parent/back-stack/cancel behavior"
"TRS_014","Movement Limitations","Continue","primary","PLANNED_REQUIRED","save current setup step and advance","no","none","save training setup draft","P1","implement via typed UiAction/ViewModel; add disabled/loading/success/error states"
"TRS_014","Movement Limitations","Back","secondary","PLANNED_REQUIRED","return prior step","no","none","none","P1","implement via typed UiAction/ViewModel; add disabled/loading/success/error states"
"TRS_015","Long Term Restrictions","Continue","current primary button","WIRED_BUT_WRONG_SEMANTICS","navigate to next registry route","no","none","navigation only","P0","replace with semantic primary action"
"TRS_015","Long Term Restrictions","Back","current text button","WIRED_BUT_WRONG_SEMANTICS","navigate to previous registry route","no","none","navigation only","P0","replace with parent/back-stack/cancel behavior"
"TRS_015","Long Term Restrictions","Continue","primary","PLANNED_REQUIRED","save current setup step and advance","no","none","save training setup draft","P1","implement via typed UiAction/ViewModel; add disabled/loading/success/error states"
"TRS_015","Long Term Restrictions","Back","secondary","PLANNED_REQUIRED","return prior step","no","none","none","P1","implement via typed UiAction/ViewModel; add disabled/loading/success/error states"
"TRS_016","Pain Safety","Continue","current primary button","WIRED_BUT_WRONG_SEMANTICS","navigate to next registry route","no","none","navigation only","P0","replace with semantic primary action"
"TRS_016","Pain Safety","Back","current text button","WIRED_BUT_WRONG_SEMANTICS","navigate to previous registry route","no","none","navigation only","P0","replace with parent/back-stack/cancel behavior"
"TRS_016","Pain Safety","Continue","primary","PLANNED_REQUIRED","save current setup step and advance","no","none","save training setup draft","P1","implement via typed UiAction/ViewModel; add disabled/loading/success/error states"
"TRS_016","Pain Safety","Back","secondary","PLANNED_REQUIRED","return prior step","no","none","none","P1","implement via typed UiAction/ViewModel; add disabled/loading/success/error states"
"TRS_017","Soreness Setup","Continue","current primary button","WIRED_BUT_WRONG_SEMANTICS","navigate to next registry route","no","none","navigation only","P0","replace with semantic primary action"
"TRS_017","Soreness Setup","Back","current text button","WIRED_BUT_WRONG_SEMANTICS","navigate to previous registry route","no","none","navigation only","P0","replace with parent/back-stack/cancel behavior"
"TRS_017","Soreness Setup","Continue","primary","PLANNED_REQUIRED","save current setup step and advance","no","none","save training setup draft","P1","implement via typed UiAction/ViewModel; add disabled/loading/success/error states"
"TRS_017","Soreness Setup","Back","secondary","PLANNED_REQUIRED","return prior step","no","none","none","P1","implement via typed UiAction/ViewModel; add disabled/loading/success/error states"
"TRS_018","Readiness Setup","Continue","current primary button","WIRED_BUT_WRONG_SEMANTICS","navigate to next registry route","no","none","navigation only","P0","replace with semantic primary action"
"TRS_018","Readiness Setup","Back","current text button","WIRED_BUT_WRONG_SEMANTICS","navigate to previous registry route","no","none","navigation only","P0","replace with parent/back-stack/cancel behavior"
"TRS_018","Readiness Setup","Continue","primary","PLANNED_REQUIRED","save current setup step and advance","no","none","save training setup draft","P1","implement via typed UiAction/ViewModel; add disabled/loading/success/error states"
"TRS_018","Readiness Setup","Back","secondary","PLANNED_REQUIRED","return prior step","no","none","none","P1","implement via typed UiAction/ViewModel; add disabled/loading/success/error states"
"TRS_019","Performance Baseline","Continue","current primary button","WIRED_BUT_WRONG_SEMANTICS","navigate to next registry route","no","none","navigation only","P0","replace with semantic primary action"
"TRS_019","Performance Baseline","Back","current text button","WIRED_BUT_WRONG_SEMANTICS","navigate to previous registry route","no","none","navigation only","P0","replace with parent/back-stack/cancel behavior"
"TRS_019","Performance Baseline","Continue","primary","PLANNED_REQUIRED","save current setup step and advance","no","none","save training setup draft","P1","implement via typed UiAction/ViewModel; add disabled/loading/success/error states"
"TRS_019","Performance Baseline","Back","secondary","PLANNED_REQUIRED","return prior step","no","none","none","P1","implement via typed UiAction/ViewModel; add disabled/loading/success/error states"
"TRS_019","Performance Baseline","Skip","text","PLANNED_REQUIRED","save unknown baseline and continue","no","none","none","P1","implement via typed UiAction/ViewModel; add disabled/loading/success/error states"
"TRS_020","Plan Preview","Continue","current primary button","WIRED_BUT_WRONG_SEMANTICS","navigate to next registry route","no","none","navigation only","P0","replace with semantic primary action"
"TRS_020","Plan Preview","Back","current text button","WIRED_BUT_WRONG_SEMANTICS","navigate to previous registry route","no","none","navigation only","P0","replace with parent/back-stack/cancel behavior"
"TRS_020","Plan Preview","Continue","primary","PLANNED_REQUIRED","save current setup step and advance","no","none","save training setup draft","P1","implement via typed UiAction/ViewModel; add disabled/loading/success/error states"
"TRS_020","Plan Preview","Back","secondary","PLANNED_REQUIRED","return prior step","no","none","none","P1","implement via typed UiAction/ViewModel; add disabled/loading/success/error states"
"TRS_020","Plan Preview","Activate plan","primary","PLANNED_REQUIRED","activate training program","no","network","write active program revision","P1","implement via typed UiAction/ViewModel; add disabled/loading/success/error states"
"TRS_020","Plan Preview","Edit setup","secondary","PLANNED_REQUIRED","return setup","no","none","none","P1","implement via typed UiAction/ViewModel; add disabled/loading/success/error states"
"TRN_001","Train Now Dashboard","Continue","current primary button","WIRED_BUT_WRONG_SEMANTICS","navigate to next registry route","no","none","navigation only","P0","replace with semantic primary action"
"TRN_001","Train Now Dashboard","Back","current text button","WIRED_BUT_WRONG_SEMANTICS","navigate to previous registry route","no","none","navigation only","P0","replace with parent/back-stack/cancel behavior"
"TRN_001","Train Now Dashboard","Start workout","primary","PLANNED_REQUIRED","open Pre Workout","no","none","none","P0","implement via typed UiAction/ViewModel; add disabled/loading/success/error states"
"TRN_001","Train Now Dashboard","Readiness","card","PLANNED_REQUIRED","open Readiness Summary","no","none","none","P0","implement via typed UiAction/ViewModel; add disabled/loading/success/error states"
"TRN_001","Train Now Dashboard","Reschedule","secondary","PLANNED_REQUIRED","open Reschedule Workout","no","none","none","P0","implement via typed UiAction/ViewModel; add disabled/loading/success/error states"
"TRN_001","Train Now Dashboard","Quick Start","card","PLANNED_REQUIRED","open Quick Start","no","none","none","P0","implement via typed UiAction/ViewModel; add disabled/loading/success/error states"
"TRN_001","Train Now Dashboard","Weekly Plan","card","PLANNED_REQUIRED","open Weekly Plan","no","none","none","P0","implement via typed UiAction/ViewModel; add disabled/loading/success/error states"
"TRN_002","Readiness Summary","Continue","current primary button","WIRED_BUT_WRONG_SEMANTICS","navigate to next registry route","no","none","navigation only","P0","replace with semantic primary action"
"TRN_002","Readiness Summary","Back","current text button","WIRED_BUT_WRONG_SEMANTICS","navigate to previous registry route","no","none","navigation only","P0","replace with parent/back-stack/cancel behavior"
"TRN_002","Readiness Summary","Why adapted","row","PLANNED_REQUIRED","open Why Adapted","no","none","none","P0","implement via typed UiAction/ViewModel; add disabled/loading/success/error states"
"TRN_003","Readiness Detail","Continue","current primary button","WIRED_BUT_WRONG_SEMANTICS","navigate to next registry route","no","none","navigation only","P0","replace with semantic primary action"
"TRN_003","Readiness Detail","Back","current text button","WIRED_BUT_WRONG_SEMANTICS","navigate to previous registry route","no","none","navigation only","P0","replace with parent/back-stack/cancel behavior"
"TRN_003","Readiness Detail","Why adapted","row","PLANNED_REQUIRED","open Why Adapted","no","none","none","P0","implement via typed UiAction/ViewModel; add disabled/loading/success/error states"
"TRN_004","Why Adapted","Continue","current primary button","WIRED_BUT_WRONG_SEMANTICS","navigate to next registry route","no","none","navigation only","P0","replace with semantic primary action"
"TRN_004","Why Adapted","Back","current text button","WIRED_BUT_WRONG_SEMANTICS","navigate to previous registry route","no","none","navigation only","P0","replace with parent/back-stack/cancel behavior"
"TRN_004","Why Adapted","Back to workout","secondary","PLANNED_REQUIRED","return Train Today","no","none","none","P0","implement via typed UiAction/ViewModel; add disabled/loading/success/error states"
"TRN_005","Today Workout","Continue","current primary button","WIRED_BUT_WRONG_SEMANTICS","navigate to next registry route","no","none","navigation only","P0","replace with semantic primary action"
"TRN_005","Today Workout","Back","current text button","WIRED_BUT_WRONG_SEMANTICS","navigate to previous registry route","no","none","navigation only","P0","replace with parent/back-stack/cancel behavior"
"TRN_005","Today Workout","Start workout","primary","PLANNED_REQUIRED","open Pre Workout","no","none","none","P0","implement via typed UiAction/ViewModel; add disabled/loading/success/error states"
"TRN_006","Workout Detail","Continue","current primary button","WIRED_BUT_WRONG_SEMANTICS","navigate to next registry route","no","none","navigation only","P0","replace with semantic primary action"
"TRN_006","Workout Detail","Back","current text button","WIRED_BUT_WRONG_SEMANTICS","navigate to previous registry route","no","none","navigation only","P0","replace with parent/back-stack/cancel behavior"
"TRN_006","Workout Detail","Start workout","primary","PLANNED_REQUIRED","open Pre Workout","no","none","none","P0","implement via typed UiAction/ViewModel; add disabled/loading/success/error states"
"TRN_007","Start Workout","Continue","current primary button","WIRED_BUT_WRONG_SEMANTICS","navigate to next registry route","no","none","navigation only","P0","replace with semantic primary action"
"TRN_007","Start Workout","Back","current text button","WIRED_BUT_WRONG_SEMANTICS","navigate to previous registry route","no","none","navigation only","P0","replace with parent/back-stack/cancel behavior"
"TRN_007","Start Workout","Start workout","primary","PLANNED_REQUIRED","open Pre Workout","no","none","none","P0","implement via typed UiAction/ViewModel; add disabled/loading/success/error states"
"TRN_008","Reschedule Workout","Continue","current primary button","WIRED_BUT_WRONG_SEMANTICS","navigate to next registry route","no","none","navigation only","P0","replace with semantic primary action"
"TRN_008","Reschedule Workout","Back","current text button","WIRED_BUT_WRONG_SEMANTICS","navigate to previous registry route","no","none","navigation only","P0","replace with parent/back-stack/cancel behavior"
"TRN_008","Reschedule Workout","Save new time","primary","PLANNED_REQUIRED","update canonical calendar","no","none","none","P0","implement via typed UiAction/ViewModel; add disabled/loading/success/error states"
"TRN_009","Quick Start","Continue","current primary button","WIRED_BUT_WRONG_SEMANTICS","navigate to next registry route","no","none","navigation only","P0","replace with semantic primary action"
"TRN_009","Quick Start","Back","current text button","WIRED_BUT_WRONG_SEMANTICS","navigate to previous registry route","no","none","navigation only","P0","replace with parent/back-stack/cancel behavior"
"TRN_009","Quick Start","Start selected session","primary","PLANNED_REQUIRED","create ad-hoc workout session","no","none","none","P0","implement via typed UiAction/ViewModel; add disabled/loading/success/error states"
"TRN_010","Weekly Plan","Continue","current primary button","WIRED_BUT_WRONG_SEMANTICS","navigate to next registry route","no","none","navigation only","P0","replace with semantic primary action"
"TRN_010","Weekly Plan","Back","current text button","WIRED_BUT_WRONG_SEMANTICS","navigate to previous registry route","no","none","navigation only","P0","replace with parent/back-stack/cancel behavior"
"TRN_010","Weekly Plan","Day/workout row","row","PLANNED_REQUIRED","open day/workout detail","no","none","none","P0","implement via typed UiAction/ViewModel; add disabled/loading/success/error states"
"TRN_011","Weekly Day Detail","Continue","current primary button","WIRED_BUT_WRONG_SEMANTICS","navigate to next registry route","no","none","navigation only","P0","replace with semantic primary action"
"TRN_011","Weekly Day Detail","Back","current text button","WIRED_BUT_WRONG_SEMANTICS","navigate to previous registry route","no","none","navigation only","P0","replace with parent/back-stack/cancel behavior"
"TRN_011","Weekly Day Detail","Day/workout row","row","PLANNED_REQUIRED","open day/workout detail","no","none","none","P0","implement via typed UiAction/ViewModel; add disabled/loading/success/error states"
"TRN_012","Less Time Today","Continue","current primary button","WIRED_BUT_WRONG_SEMANTICS","navigate to next registry route","no","none","navigation only","P0","replace with semantic primary action"
"TRN_012","Less Time Today","Back","current text button","WIRED_BUT_WRONG_SEMANTICS","navigate to previous registry route","no","none","navigation only","P0","replace with parent/back-stack/cancel behavior"
"TRN_012","Less Time Today","Apply adaptation","primary","PLANNED_REQUIRED","replace today's prescription with approved shorter candidate","no","none","none","P0","implement via typed UiAction/ViewModel; add disabled/loading/success/error states"
"TRN_013","Equipment Unavailable","Continue","current primary button","WIRED_BUT_WRONG_SEMANTICS","navigate to next registry route","no","none","navigation only","P0","replace with semantic primary action"
"TRN_013","Equipment Unavailable","Back","current text button","WIRED_BUT_WRONG_SEMANTICS","navigate to previous registry route","no","none","navigation only","P0","replace with parent/back-stack/cancel behavior"
"TRN_013","Equipment Unavailable","Choose replacement","option","PLANNED_REQUIRED","update today's workout candidate","no","none","none","P0","implement via typed UiAction/ViewModel; add disabled/loading/success/error states"
"TRN_014","Replacement Options","Continue","current primary button","WIRED_BUT_WRONG_SEMANTICS","navigate to next registry route","no","none","navigation only","P0","replace with semantic primary action"
"TRN_014","Replacement Options","Back","current text button","WIRED_BUT_WRONG_SEMANTICS","navigate to previous registry route","no","none","navigation only","P0","replace with parent/back-stack/cancel behavior"
"TRN_014","Replacement Options","Choose replacement","option","PLANNED_REQUIRED","update today's workout candidate","no","none","none","P0","implement via typed UiAction/ViewModel; add disabled/loading/success/error states"
"TRN_015","Recovery Day","Continue","current primary button","WIRED_BUT_WRONG_SEMANTICS","navigate to next registry route","no","none","navigation only","P0","replace with semantic primary action"
"TRN_015","Recovery Day","Back","current text button","WIRED_BUT_WRONG_SEMANTICS","navigate to previous registry route","no","none","navigation only","P0","replace with parent/back-stack/cancel behavior"
"TRN_015","Recovery Day","Start recovery","primary","PLANNED_REQUIRED","open recovery activity","no","none","none","P0","implement via typed UiAction/ViewModel; add disabled/loading/success/error states"
"TRN_016","Missed Workout","Continue","current primary button","WIRED_BUT_WRONG_SEMANTICS","navigate to next registry route","no","none","navigation only","P0","replace with semantic primary action"
"TRN_016","Missed Workout","Back","current text button","WIRED_BUT_WRONG_SEMANTICS","navigate to previous registry route","no","none","navigation only","P0","replace with parent/back-stack/cancel behavior"
"TRN_016","Missed Workout","Reschedule / Continue / Skip","option","PLANNED_REQUIRED","record missed-workout resolution","no","none","none","P0","implement via typed UiAction/ViewModel; add disabled/loading/success/error states"
"TRN_017","Program Settings","Continue","current primary button","WIRED_BUT_WRONG_SEMANTICS","navigate to next registry route","no","none","navigation only","P0","replace with semantic primary action"
"TRN_017","Program Settings","Back","current text button","WIRED_BUT_WRONG_SEMANTICS","navigate to previous registry route","no","none","navigation only","P0","replace with parent/back-stack/cancel behavior"
"TRN_017","Program Settings","Save program settings","primary","PLANNED_REQUIRED","create future program revision","no","none","none","P0","implement via typed UiAction/ViewModel; add disabled/loading/success/error states"
"TRN_018","Program Revision History","Continue","current primary button","WIRED_BUT_WRONG_SEMANTICS","navigate to next registry route","no","none","navigation only","P0","replace with semantic primary action"
"TRN_018","Program Revision History","Back","current text button","WIRED_BUT_WRONG_SEMANTICS","navigate to previous registry route","no","none","navigation only","P0","replace with parent/back-stack/cancel behavior"
"TRN_018","Program Revision History","Open item","row","PLANNED_REQUIRED","view immutable revision/workout","no","none","none","P0","implement via typed UiAction/ViewModel; add disabled/loading/success/error states"
"TRN_019","Recent Workouts","Continue","current primary button","WIRED_BUT_WRONG_SEMANTICS","navigate to next registry route","no","none","navigation only","P0","replace with semantic primary action"
"TRN_019","Recent Workouts","Back","current text button","WIRED_BUT_WRONG_SEMANTICS","navigate to previous registry route","no","none","navigation only","P0","replace with parent/back-stack/cancel behavior"
"TRN_019","Recent Workouts","Open item","row","PLANNED_REQUIRED","view immutable revision/workout","no","none","none","P0","implement via typed UiAction/ViewModel; add disabled/loading/success/error states"
"TRN_020","Train Loading","Continue","current primary button","WIRED_BUT_WRONG_SEMANTICS","navigate to next registry route","no","none","navigation only","P0","replace with semantic primary action"
"TRN_020","Train Loading","Back","current text button","WIRED_BUT_WRONG_SEMANTICS","navigate to previous registry route","no","none","navigation only","P0","replace with parent/back-stack/cancel behavior"
"TRN_020","Train Loading","Retry/Refresh","primary","PLANNED_REQUIRED","recover Train state","no","none","none","P0","implement via typed UiAction/ViewModel; add disabled/loading/success/error states"
"TRN_021","Train Empty","Continue","current primary button","WIRED_BUT_WRONG_SEMANTICS","navigate to next registry route","no","none","navigation only","P0","replace with semantic primary action"
"TRN_021","Train Empty","Back","current text button","WIRED_BUT_WRONG_SEMANTICS","navigate to previous registry route","no","none","navigation only","P0","replace with parent/back-stack/cancel behavior"
"TRN_021","Train Empty","Retry/Refresh","primary","PLANNED_REQUIRED","recover Train state","no","none","none","P0","implement via typed UiAction/ViewModel; add disabled/loading/success/error states"
"TRN_022","Train Unknown","Continue","current primary button","WIRED_BUT_WRONG_SEMANTICS","navigate to next registry route","no","none","navigation only","P0","replace with semantic primary action"
"TRN_022","Train Unknown","Back","current text button","WIRED_BUT_WRONG_SEMANTICS","navigate to previous registry route","no","none","navigation only","P0","replace with parent/back-stack/cancel behavior"
"TRN_022","Train Unknown","Retry/Refresh","primary","PLANNED_REQUIRED","recover Train state","no","none","none","P0","implement via typed UiAction/ViewModel; add disabled/loading/success/error states"
"TRN_023","Train Offline","Continue","current primary button","WIRED_BUT_WRONG_SEMANTICS","navigate to next registry route","no","none","navigation only","P0","replace with semantic primary action"
"TRN_023","Train Offline","Back","current text button","WIRED_BUT_WRONG_SEMANTICS","navigate to previous registry route","no","none","navigation only","P0","replace with parent/back-stack/cancel behavior"
"TRN_023","Train Offline","Retry/Refresh","primary","PLANNED_REQUIRED","recover Train state","no","none","none","P0","implement via typed UiAction/ViewModel; add disabled/loading/success/error states"
"TRN_024","Train Stale","Continue","current primary button","WIRED_BUT_WRONG_SEMANTICS","navigate to next registry route","no","none","navigation only","P0","replace with semantic primary action"
"TRN_024","Train Stale","Back","current text button","WIRED_BUT_WRONG_SEMANTICS","navigate to previous registry route","no","none","navigation only","P0","replace with parent/back-stack/cancel behavior"
"TRN_024","Train Stale","Retry/Refresh","primary","PLANNED_REQUIRED","recover Train state","no","none","none","P0","implement via typed UiAction/ViewModel; add disabled/loading/success/error states"
"WRK_001","Pre Workout","Continue","current primary button","WIRED_BUT_WRONG_SEMANTICS","navigate to next registry route","no","none","navigation only","P0","replace with semantic primary action"
"WRK_001","Pre Workout","Back","current text button","WIRED_BUT_WRONG_SEMANTICS","navigate to previous registry route","no","none","navigation only","P0","replace with parent/back-stack/cancel behavior"
"WRK_001","Pre Workout","Start","primary","PLANNED_REQUIRED","create/activate workout session","no","none","none","P0","implement via typed UiAction/ViewModel; add disabled/loading/success/error states"
"WRK_002","Workout Start","Continue","current primary button","WIRED_BUT_WRONG_SEMANTICS","navigate to next registry route","no","none","navigation only","P0","replace with semantic primary action"
"WRK_002","Workout Start","Back","current text button","WIRED_BUT_WRONG_SEMANTICS","navigate to previous registry route","no","none","navigation only","P0","replace with parent/back-stack/cancel behavior"
"WRK_002","Workout Start","Start","primary","PLANNED_REQUIRED","create/activate workout session","no","none","none","P0","implement via typed UiAction/ViewModel; add disabled/loading/success/error states"
"WRK_003","Active Exercise","Continue","current primary button","WIRED_BUT_WRONG_SEMANTICS","navigate to next registry route","no","none","navigation only","P0","replace with semantic primary action"
"WRK_003","Active Exercise","Back","current text button","WIRED_BUT_WRONG_SEMANTICS","navigate to previous registry route","no","none","navigation only","P0","replace with parent/back-stack/cancel behavior"
"WRK_003","Active Exercise","Log set","primary","PLANNED_REQUIRED","open Set Input","no","none","none","P0","implement via typed UiAction/ViewModel; add disabled/loading/success/error states"
"WRK_003","Active Exercise","Instructions","secondary","PLANNED_REQUIRED","open Exercise Instructions","no","none","none","P0","implement via typed UiAction/ViewModel; add disabled/loading/success/error states"
"WRK_003","Active Exercise","Substitute","secondary","PLANNED_REQUIRED","open Substitute Exercise","no","none","none","P0","implement via typed UiAction/ViewModel; add disabled/loading/success/error states"
"WRK_004","Exercise Media Loading","Continue","current primary button","WIRED_BUT_WRONG_SEMANTICS","navigate to next registry route","no","none","navigation only","P0","replace with semantic primary action"
"WRK_004","Exercise Media Loading","Back","current text button","WIRED_BUT_WRONG_SEMANTICS","navigate to previous registry route","no","none","navigation only","P0","replace with parent/back-stack/cancel behavior"
"WRK_004","Exercise Media Loading","Continue without media","secondary","PLANNED_REQUIRED","return active exercise","no","none","none","P0","implement via typed UiAction/ViewModel; add disabled/loading/success/error states"
"WRK_005","Exercise Instructions","Continue","current primary button","WIRED_BUT_WRONG_SEMANTICS","navigate to next registry route","no","none","navigation only","P0","replace with semantic primary action"
"WRK_005","Exercise Instructions","Back","current text button","WIRED_BUT_WRONG_SEMANTICS","navigate to previous registry route","no","none","navigation only","P0","replace with parent/back-stack/cancel behavior"
"WRK_005","Exercise Instructions","Back to exercise","secondary","PLANNED_REQUIRED","return Active Exercise","no","none","none","P0","implement via typed UiAction/ViewModel; add disabled/loading/success/error states"
"WRK_006","Set Input","Continue","current primary button","WIRED_BUT_WRONG_SEMANTICS","navigate to next registry route","no","none","navigation only","P0","replace with semantic primary action"
"WRK_006","Set Input","Back","current text button","WIRED_BUT_WRONG_SEMANTICS","navigate to previous registry route","no","none","navigation only","P0","replace with parent/back-stack/cancel behavior"
"WRK_006","Set Input","Save actual","primary","PLANNED_REQUIRED","update performed-set draft","no","none","none","P0","implement via typed UiAction/ViewModel; add disabled/loading/success/error states"
"WRK_007","Reps Input","Continue","current primary button","WIRED_BUT_WRONG_SEMANTICS","navigate to next registry route","no","none","navigation only","P0","replace with semantic primary action"
"WRK_007","Reps Input","Back","current text button","WIRED_BUT_WRONG_SEMANTICS","navigate to previous registry route","no","none","navigation only","P0","replace with parent/back-stack/cancel behavior"
"WRK_007","Reps Input","Save actual","primary","PLANNED_REQUIRED","update performed-set draft","no","none","none","P0","implement via typed UiAction/ViewModel; add disabled/loading/success/error states"
"WRK_008","Load Input","Continue","current primary button","WIRED_BUT_WRONG_SEMANTICS","navigate to next registry route","no","none","navigation only","P0","replace with semantic primary action"
"WRK_008","Load Input","Back","current text button","WIRED_BUT_WRONG_SEMANTICS","navigate to previous registry route","no","none","navigation only","P0","replace with parent/back-stack/cancel behavior"
"WRK_008","Load Input","Save actual","primary","PLANNED_REQUIRED","update performed-set draft","no","none","none","P0","implement via typed UiAction/ViewModel; add disabled/loading/success/error states"
"WRK_009","Time Input","Continue","current primary button","WIRED_BUT_WRONG_SEMANTICS","navigate to next registry route","no","none","navigation only","P0","replace with semantic primary action"
"WRK_009","Time Input","Back","current text button","WIRED_BUT_WRONG_SEMANTICS","navigate to previous registry route","no","none","navigation only","P0","replace with parent/back-stack/cancel behavior"
"WRK_009","Time Input","Save actual","primary","PLANNED_REQUIRED","update performed-set draft","no","none","none","P0","implement via typed UiAction/ViewModel; add disabled/loading/success/error states"
"WRK_010","Distance Input","Continue","current primary button","WIRED_BUT_WRONG_SEMANTICS","navigate to next registry route","no","none","navigation only","P0","replace with semantic primary action"
"WRK_010","Distance Input","Back","current text button","WIRED_BUT_WRONG_SEMANTICS","navigate to previous registry route","no","none","navigation only","P0","replace with parent/back-stack/cancel behavior"
"WRK_010","Distance Input","Save actual","primary","PLANNED_REQUIRED","update performed-set draft","no","none","none","P0","implement via typed UiAction/ViewModel; add disabled/loading/success/error states"
"WRK_011","RPE Input","Continue","current primary button","WIRED_BUT_WRONG_SEMANTICS","navigate to next registry route","no","none","navigation only","P0","replace with semantic primary action"
"WRK_011","RPE Input","Back","current text button","WIRED_BUT_WRONG_SEMANTICS","navigate to previous registry route","no","none","navigation only","P0","replace with parent/back-stack/cancel behavior"
"WRK_011","RPE Input","Save actual","primary","PLANNED_REQUIRED","update performed-set draft","no","none","none","P0","implement via typed UiAction/ViewModel; add disabled/loading/success/error states"
"WRK_012","Review Set","Continue","current primary button","WIRED_BUT_WRONG_SEMANTICS","navigate to next registry route","no","none","navigation only","P0","replace with semantic primary action"
"WRK_012","Review Set","Back","current text button","WIRED_BUT_WRONG_SEMANTICS","navigate to previous registry route","no","none","navigation only","P0","replace with parent/back-stack/cancel behavior"
"WRK_012","Review Set","Complete set","primary","PLANNED_REQUIRED","commit performed set exactly once","no","none","write performed set","P0","implement via typed UiAction/ViewModel; add disabled/loading/success/error states"
"WRK_013","Complete Set","Continue","current primary button","WIRED_BUT_WRONG_SEMANTICS","navigate to next registry route","no","none","navigation only","P0","replace with semantic primary action"
"WRK_013","Complete Set","Back","current text button","WIRED_BUT_WRONG_SEMANTICS","navigate to previous registry route","no","none","navigation only","P0","replace with parent/back-stack/cancel behavior"
"WRK_013","Complete Set","Start rest","primary","PLANNED_REQUIRED","open Rest Timer","no","none","none","P0","implement via typed UiAction/ViewModel; add disabled/loading/success/error states"
"WRK_014","Rest Timer","Continue","current primary button","WIRED_BUT_WRONG_SEMANTICS","navigate to next registry route","no","none","navigation only","P0","replace with semantic primary action"
"WRK_014","Rest Timer","Back","current text button","WIRED_BUT_WRONG_SEMANTICS","navigate to previous registry route","no","none","navigation only","P0","replace with parent/back-stack/cancel behavior"
"WRK_014","Rest Timer","Extend rest","secondary","PLANNED_REQUIRED","extend timer","no","none","none","P0","implement via typed UiAction/ViewModel; add disabled/loading/success/error states"
"WRK_014","Rest Timer","Skip rest","secondary","PLANNED_REQUIRED","end rest now","no","none","none","P0","implement via typed UiAction/ViewModel; add disabled/loading/success/error states"
"WRK_015","Extend Rest","Continue","current primary button","WIRED_BUT_WRONG_SEMANTICS","navigate to next registry route","no","none","navigation only","P0","replace with semantic primary action"
"WRK_015","Extend Rest","Back","current text button","WIRED_BUT_WRONG_SEMANTICS","navigate to previous registry route","no","none","navigation only","P0","replace with parent/back-stack/cancel behavior"
"WRK_015","Extend Rest","Continue","primary","PLANNED_REQUIRED","advance to meaningful next destination","no","none","none","P0","implement via typed UiAction/ViewModel; add disabled/loading/success/error states"
"WRK_016","Skip Rest","Continue","current primary button","WIRED_BUT_WRONG_SEMANTICS","navigate to next registry route","no","none","navigation only","P0","replace with semantic primary action"
"WRK_016","Skip Rest","Back","current text button","WIRED_BUT_WRONG_SEMANTICS","navigate to previous registry route","no","none","navigation only","P0","replace with parent/back-stack/cancel behavior"
"WRK_016","Skip Rest","Continue","primary","PLANNED_REQUIRED","advance to meaningful next destination","no","none","none","P0","implement via typed UiAction/ViewModel; add disabled/loading/success/error states"
"WRK_017","Next Set","Continue","current primary button","WIRED_BUT_WRONG_SEMANTICS","navigate to next registry route","no","none","navigation only","P0","replace with semantic primary action"
"WRK_017","Next Set","Back","current text button","WIRED_BUT_WRONG_SEMANTICS","navigate to previous registry route","no","none","navigation only","P0","replace with parent/back-stack/cancel behavior"
"WRK_017","Next Set","Continue","primary","PLANNED_REQUIRED","advance workout state","no","none","none","P0","implement via typed UiAction/ViewModel; add disabled/loading/success/error states"
"WRK_018","Exercise Complete","Continue","current primary button","WIRED_BUT_WRONG_SEMANTICS","navigate to next registry route","no","none","navigation only","P0","replace with semantic primary action"
"WRK_018","Exercise Complete","Back","current text button","WIRED_BUT_WRONG_SEMANTICS","navigate to previous registry route","no","none","navigation only","P0","replace with parent/back-stack/cancel behavior"
"WRK_018","Exercise Complete","Next exercise","primary","PLANNED_REQUIRED","advance to next prescribed exercise","no","none","none","P0","implement via typed UiAction/ViewModel; add disabled/loading/success/error states"
"WRK_019","Next Exercise","Continue","current primary button","WIRED_BUT_WRONG_SEMANTICS","navigate to next registry route","no","none","navigation only","P0","replace with semantic primary action"
"WRK_019","Next Exercise","Back","current text button","WIRED_BUT_WRONG_SEMANTICS","navigate to previous registry route","no","none","navigation only","P0","replace with parent/back-stack/cancel behavior"
"WRK_019","Next Exercise","Continue","primary","PLANNED_REQUIRED","advance workout state","no","none","none","P0","implement via typed UiAction/ViewModel; add disabled/loading/success/error states"
"WRK_020","Substitute Exercise","Continue","current primary button","WIRED_BUT_WRONG_SEMANTICS","navigate to next registry route","no","none","navigation only","P0","replace with semantic primary action"
"WRK_020","Substitute Exercise","Back","current text button","WIRED_BUT_WRONG_SEMANTICS","navigate to previous registry route","no","none","navigation only","P0","replace with parent/back-stack/cancel behavior"
"WRK_020","Substitute Exercise","Choose/Confirm substitute","primary","PLANNED_REQUIRED","swap current exercise using approved alternative","no","none","none","P0","implement via typed UiAction/ViewModel; add disabled/loading/success/error states"
"WRK_021","Substitution Candidates","Continue","current primary button","WIRED_BUT_WRONG_SEMANTICS","navigate to next registry route","no","none","navigation only","P0","replace with semantic primary action"
"WRK_021","Substitution Candidates","Back","current text button","WIRED_BUT_WRONG_SEMANTICS","navigate to previous registry route","no","none","navigation only","P0","replace with parent/back-stack/cancel behavior"
"WRK_021","Substitution Candidates","Choose/Confirm substitute","primary","PLANNED_REQUIRED","swap current exercise using approved alternative","no","none","none","P0","implement via typed UiAction/ViewModel; add disabled/loading/success/error states"
"WRK_022","Substitution Detail","Continue","current primary button","WIRED_BUT_WRONG_SEMANTICS","navigate to next registry route","no","none","navigation only","P0","replace with semantic primary action"
"WRK_022","Substitution Detail","Back","current text button","WIRED_BUT_WRONG_SEMANTICS","navigate to previous registry route","no","none","navigation only","P0","replace with parent/back-stack/cancel behavior"
"WRK_022","Substitution Detail","Choose/Confirm substitute","primary","PLANNED_REQUIRED","swap current exercise using approved alternative","no","none","none","P0","implement via typed UiAction/ViewModel; add disabled/loading/success/error states"
"WRK_023","Confirm Substitute","Continue","current primary button","WIRED_BUT_WRONG_SEMANTICS","navigate to next registry route","no","none","navigation only","P0","replace with semantic primary action"
"WRK_023","Confirm Substitute","Back","current text button","WIRED_BUT_WRONG_SEMANTICS","navigate to previous registry route","no","none","navigation only","P0","replace with parent/back-stack/cancel behavior"
"WRK_023","Confirm Substitute","Choose/Confirm substitute","primary","PLANNED_REQUIRED","swap current exercise using approved alternative","no","none","none","P0","implement via typed UiAction/ViewModel; add disabled/loading/success/error states"
"WRK_024","Skip Set","Continue","current primary button","WIRED_BUT_WRONG_SEMANTICS","navigate to next registry route","no","none","navigation only","P0","replace with semantic primary action"
"WRK_024","Skip Set","Back","current text button","WIRED_BUT_WRONG_SEMANTICS","navigate to previous registry route","no","none","navigation only","P0","replace with parent/back-stack/cancel behavior"
"WRK_024","Skip Set","Confirm skip","destructive","PLANNED_REQUIRED","record skipped status, not completion","yes","none","none","P0","implement via typed UiAction/ViewModel; add disabled/loading/success/error states"
"WRK_025","Skip Exercise","Continue","current primary button","WIRED_BUT_WRONG_SEMANTICS","navigate to next registry route","no","none","navigation only","P0","replace with semantic primary action"
"WRK_025","Skip Exercise","Back","current text button","WIRED_BUT_WRONG_SEMANTICS","navigate to previous registry route","no","none","navigation only","P0","replace with parent/back-stack/cancel behavior"
"WRK_025","Skip Exercise","Confirm skip","destructive","PLANNED_REQUIRED","record skipped status, not completion","yes","none","none","P0","implement via typed UiAction/ViewModel; add disabled/loading/success/error states"
"WRK_026","Workout Note","Continue","current primary button","WIRED_BUT_WRONG_SEMANTICS","navigate to next registry route","no","none","navigation only","P0","replace with semantic primary action"
"WRK_026","Workout Note","Back","current text button","WIRED_BUT_WRONG_SEMANTICS","navigate to previous registry route","no","none","navigation only","P0","replace with parent/back-stack/cancel behavior"
"WRK_026","Workout Note","Save note","primary","PLANNED_REQUIRED","attach note to session","no","none","none","P0","implement via typed UiAction/ViewModel; add disabled/loading/success/error states"
"WRK_027","Pause Workout","Continue","current primary button","WIRED_BUT_WRONG_SEMANTICS","navigate to next registry route","no","none","navigation only","P0","replace with semantic primary action"
"WRK_027","Pause Workout","Back","current text button","WIRED_BUT_WRONG_SEMANTICS","navigate to previous registry route","no","none","navigation only","P0","replace with parent/back-stack/cancel behavior"
"WRK_027","Pause Workout","Pause","primary","PLANNED_REQUIRED","persist active session and pause timer","no","none","none","P0","implement via typed UiAction/ViewModel; add disabled/loading/success/error states"
"WRK_027","Pause Workout","Resume","primary","PLANNED_REQUIRED","resume session","no","none","none","P0","implement via typed UiAction/ViewModel; add disabled/loading/success/error states"
"WRK_028","Resume Workout","Continue","current primary button","WIRED_BUT_WRONG_SEMANTICS","navigate to next registry route","no","none","navigation only","P0","replace with semantic primary action"
"WRK_028","Resume Workout","Back","current text button","WIRED_BUT_WRONG_SEMANTICS","navigate to previous registry route","no","none","navigation only","P0","replace with parent/back-stack/cancel behavior"
"WRK_028","Resume Workout","Continue","primary","PLANNED_REQUIRED","advance to meaningful next destination","no","none","none","P0","implement via typed UiAction/ViewModel; add disabled/loading/success/error states"
"WRK_029","Pain Safety Pause","Continue","current primary button","WIRED_BUT_WRONG_SEMANTICS","navigate to next registry route","no","none","navigation only","P0","replace with semantic primary action"
"WRK_029","Pain Safety Pause","Back","current text button","WIRED_BUT_WRONG_SEMANTICS","navigate to previous registry route","no","none","navigation only","P0","replace with parent/back-stack/cancel behavior"
"WRK_029","Pain Safety Pause","Pause","primary","PLANNED_REQUIRED","persist active session and pause timer","no","none","none","P0","implement via typed UiAction/ViewModel; add disabled/loading/success/error states"
"WRK_029","Pain Safety Pause","Resume","primary","PLANNED_REQUIRED","resume session","no","none","none","P0","implement via typed UiAction/ViewModel; add disabled/loading/success/error states"
"WRK_030","Finish Early Confirmation","Continue","current primary button","WIRED_BUT_WRONG_SEMANTICS","navigate to next registry route","no","none","navigation only","P0","replace with semantic primary action"
"WRK_030","Finish Early Confirmation","Back","current text button","WIRED_BUT_WRONG_SEMANTICS","navigate to previous registry route","no","none","navigation only","P0","replace with parent/back-stack/cancel behavior"
"WRK_030","Finish Early Confirmation","Finish early","destructive","PLANNED_REQUIRED","close session with incomplete items preserved","yes","none","none","P0","implement via typed UiAction/ViewModel; add disabled/loading/success/error states"
"WRK_031","Post Workout Check In","Continue","current primary button","WIRED_BUT_WRONG_SEMANTICS","navigate to next registry route","no","none","navigation only","P0","replace with semantic primary action"
"WRK_031","Post Workout Check In","Back","current text button","WIRED_BUT_WRONG_SEMANTICS","navigate to previous registry route","no","none","navigation only","P0","replace with parent/back-stack/cancel behavior"
"WRK_031","Post Workout Check In","Save check-in","primary","PLANNED_REQUIRED","write effort/soreness observation","no","none","none","P0","implement via typed UiAction/ViewModel; add disabled/loading/success/error states"
"WRK_032","Workout Summary","Continue","current primary button","WIRED_BUT_WRONG_SEMANTICS","navigate to next registry route","no","none","navigation only","P0","replace with semantic primary action"
"WRK_032","Workout Summary","Back","current text button","WIRED_BUT_WRONG_SEMANTICS","navigate to previous registry route","no","none","navigation only","P0","replace with parent/back-stack/cancel behavior"
"WRK_032","Workout Summary","Done","primary","PLANNED_REQUIRED","open Progress/Train with actual summary","no","none","none","P0","implement via typed UiAction/ViewModel; add disabled/loading/success/error states"
"SOR_001","Soreness Dashboard","Continue","current primary button","WIRED_BUT_WRONG_SEMANTICS","navigate to next registry route","no","none","navigation only","P0","replace with semantic primary action"
"SOR_001","Soreness Dashboard","Back","current text button","WIRED_BUT_WRONG_SEMANTICS","navigate to previous registry route","no","none","navigation only","P0","replace with parent/back-stack/cancel behavior"
"SOR_001","Soreness Dashboard","Select body region","body-map","PLANNED_REQUIRED","open region/severity","no","none","none","P1","implement via typed UiAction/ViewModel; add disabled/loading/success/error states"
"SOR_002","Front Body Map","Continue","current primary button","WIRED_BUT_WRONG_SEMANTICS","navigate to next registry route","no","none","navigation only","P0","replace with semantic primary action"
"SOR_002","Front Body Map","Back","current text button","WIRED_BUT_WRONG_SEMANTICS","navigate to previous registry route","no","none","navigation only","P0","replace with parent/back-stack/cancel behavior"
"SOR_002","Front Body Map","Select body region","body-map","PLANNED_REQUIRED","open region/severity","no","none","none","P1","implement via typed UiAction/ViewModel; add disabled/loading/success/error states"
"SOR_003","Back Body Map","Continue","current primary button","WIRED_BUT_WRONG_SEMANTICS","navigate to next registry route","no","none","navigation only","P0","replace with semantic primary action"
"SOR_003","Back Body Map","Back","current text button","WIRED_BUT_WRONG_SEMANTICS","navigate to previous registry route","no","none","navigation only","P0","replace with parent/back-stack/cancel behavior"
"SOR_003","Back Body Map","Select body region","body-map","PLANNED_REQUIRED","open region/severity","no","none","none","P1","implement via typed UiAction/ViewModel; add disabled/loading/success/error states"
"SOR_004","Select Region","Continue","current primary button","WIRED_BUT_WRONG_SEMANTICS","navigate to next registry route","no","none","navigation only","P0","replace with semantic primary action"
"SOR_004","Select Region","Back","current text button","WIRED_BUT_WRONG_SEMANTICS","navigate to previous registry route","no","none","navigation only","P0","replace with parent/back-stack/cancel behavior"
"SOR_004","Select Region","Select body region","body-map","PLANNED_REQUIRED","open region/severity","no","none","none","P1","implement via typed UiAction/ViewModel; add disabled/loading/success/error states"
"SOR_005","Soreness Severity","Continue","current primary button","WIRED_BUT_WRONG_SEMANTICS","navigate to next registry route","no","none","navigation only","P0","replace with semantic primary action"
"SOR_005","Soreness Severity","Back","current text button","WIRED_BUT_WRONG_SEMANTICS","navigate to previous registry route","no","none","navigation only","P0","replace with parent/back-stack/cancel behavior"
"SOR_005","Soreness Severity","Choose severity","option","PLANNED_REQUIRED","set active soreness draft","no","none","none","P1","implement via typed UiAction/ViewModel; add disabled/loading/success/error states"
"SOR_006","Multiple Region Review","Continue","current primary button","WIRED_BUT_WRONG_SEMANTICS","navigate to next registry route","no","none","navigation only","P0","replace with semantic primary action"
"SOR_006","Multiple Region Review","Back","current text button","WIRED_BUT_WRONG_SEMANTICS","navigate to previous registry route","no","none","navigation only","P0","replace with parent/back-stack/cancel behavior"
"SOR_006","Multiple Region Review","Edit/Add region","row","PLANNED_REQUIRED","modify soreness draft","no","none","none","P1","implement via typed UiAction/ViewModel; add disabled/loading/success/error states"
"SOR_007","Save Soreness","Continue","current primary button","WIRED_BUT_WRONG_SEMANTICS","navigate to next registry route","no","none","navigation only","P0","replace with semantic primary action"
"SOR_007","Save Soreness","Back","current text button","WIRED_BUT_WRONG_SEMANTICS","navigate to previous registry route","no","none","navigation only","P0","replace with parent/back-stack/cancel behavior"
"SOR_007","Save Soreness","Save","primary","PLANNED_REQUIRED","write soreness observation then readiness","no","none","none","P1","implement via typed UiAction/ViewModel; add disabled/loading/success/error states"
"SOR_008","Current Soreness Summary","Continue","current primary button","WIRED_BUT_WRONG_SEMANTICS","navigate to next registry route","no","none","navigation only","P0","replace with semantic primary action"
"SOR_008","Current Soreness Summary","Back","current text button","WIRED_BUT_WRONG_SEMANTICS","navigate to previous registry route","no","none","navigation only","P0","replace with parent/back-stack/cancel behavior"
"SOR_008","Current Soreness Summary","Open/edit entry","row","PLANNED_REQUIRED","view soreness detail/history","no","none","none","P1","implement via typed UiAction/ViewModel; add disabled/loading/success/error states"
"SOR_009","Soreness History","Continue","current primary button","WIRED_BUT_WRONG_SEMANTICS","navigate to next registry route","no","none","navigation only","P0","replace with semantic primary action"
"SOR_009","Soreness History","Back","current text button","WIRED_BUT_WRONG_SEMANTICS","navigate to previous registry route","no","none","navigation only","P0","replace with parent/back-stack/cancel behavior"
"SOR_009","Soreness History","Open/edit entry","row","PLANNED_REQUIRED","view soreness detail/history","no","none","none","P1","implement via typed UiAction/ViewModel; add disabled/loading/success/error states"
"SOR_010","Pain Safety Route","Continue","current primary button","WIRED_BUT_WRONG_SEMANTICS","navigate to next registry route","no","none","navigation only","P0","replace with semantic primary action"
"SOR_010","Pain Safety Route","Back","current text button","WIRED_BUT_WRONG_SEMANTICS","navigate to previous registry route","no","none","navigation only","P0","replace with parent/back-stack/cancel behavior"
"SOR_010","Pain Safety Route","Open safety route","primary","PLANNED_REQUIRED","route to pain handling, not soreness","no","none","none","P1","implement via typed UiAction/ViewModel; add disabled/loading/success/error states"
"RDY_001","Readiness Check In","Continue","current primary button","WIRED_BUT_WRONG_SEMANTICS","navigate to next registry route","no","none","navigation only","P0","replace with semantic primary action"
"RDY_001","Readiness Check In","Back","current text button","WIRED_BUT_WRONG_SEMANTICS","navigate to previous registry route","no","none","navigation only","P0","replace with parent/back-stack/cancel behavior"
"RDY_001","Readiness Check In","Choose response","option","PLANNED_REQUIRED","save readiness input and advance","no","none","none","P0","implement via typed UiAction/ViewModel; add disabled/loading/success/error states"
"RDY_002","Energy Check","Continue","current primary button","WIRED_BUT_WRONG_SEMANTICS","navigate to next registry route","no","none","navigation only","P0","replace with semantic primary action"
"RDY_002","Energy Check","Back","current text button","WIRED_BUT_WRONG_SEMANTICS","navigate to previous registry route","no","none","navigation only","P0","replace with parent/back-stack/cancel behavior"
"RDY_002","Energy Check","Choose response","option","PLANNED_REQUIRED","save readiness input and advance","no","none","none","P0","implement via typed UiAction/ViewModel; add disabled/loading/success/error states"
"RDY_003","Fatigue Check","Continue","current primary button","WIRED_BUT_WRONG_SEMANTICS","navigate to next registry route","no","none","navigation only","P0","replace with semantic primary action"
"RDY_003","Fatigue Check","Back","current text button","WIRED_BUT_WRONG_SEMANTICS","navigate to previous registry route","no","none","navigation only","P0","replace with parent/back-stack/cancel behavior"
"RDY_003","Fatigue Check","Choose response","option","PLANNED_REQUIRED","save readiness input and advance","no","none","none","P0","implement via typed UiAction/ViewModel; add disabled/loading/success/error states"
"RDY_004","Recovery Sleep Check","Continue","current primary button","WIRED_BUT_WRONG_SEMANTICS","navigate to next registry route","no","none","navigation only","P0","replace with semantic primary action"
"RDY_004","Recovery Sleep Check","Back","current text button","WIRED_BUT_WRONG_SEMANTICS","navigate to previous registry route","no","none","navigation only","P0","replace with parent/back-stack/cancel behavior"
"RDY_004","Recovery Sleep Check","Choose response","option","PLANNED_REQUIRED","save readiness input and advance","no","none","none","P0","implement via typed UiAction/ViewModel; add disabled/loading/success/error states"
"RDY_005","Soreness Check","Continue","current primary button","WIRED_BUT_WRONG_SEMANTICS","navigate to next registry route","no","none","navigation only","P0","replace with semantic primary action"
"RDY_005","Soreness Check","Back","current text button","WIRED_BUT_WRONG_SEMANTICS","navigate to previous registry route","no","none","navigation only","P0","replace with parent/back-stack/cancel behavior"
"RDY_005","Soreness Check","Choose response","option","PLANNED_REQUIRED","save readiness input and advance","no","none","none","P0","implement via typed UiAction/ViewModel; add disabled/loading/success/error states"
"RDY_006","Evaluating Readiness","Continue","current primary button","WIRED_BUT_WRONG_SEMANTICS","navigate to next registry route","no","none","navigation only","P0","replace with semantic primary action"
"RDY_006","Evaluating Readiness","Back","current text button","WIRED_BUT_WRONG_SEMANTICS","navigate to previous registry route","no","none","navigation only","P0","replace with parent/back-stack/cancel behavior"
"RDY_006","Evaluating Readiness","Leave and return","text","PLANNED_REQUIRED","persist readiness evaluation","no","none","none","P0","implement via typed UiAction/ViewModel; add disabled/loading/success/error states"
"RDY_007","Readiness Full","Continue","current primary button","WIRED_BUT_WRONG_SEMANTICS","navigate to next registry route","no","none","navigation only","P0","replace with semantic primary action"
"RDY_007","Readiness Full","Back","current text button","WIRED_BUT_WRONG_SEMANTICS","navigate to previous registry route","no","none","navigation only","P0","replace with parent/back-stack/cancel behavior"
"RDY_007","Readiness Full","Start normal workout","primary","PLANNED_REQUIRED","open Train workout","no","none","none","P0","implement via typed UiAction/ViewModel; add disabled/loading/success/error states"
"RDY_008","Readiness Reduced","Continue","current primary button","WIRED_BUT_WRONG_SEMANTICS","navigate to next registry route","no","none","navigation only","P0","replace with semantic primary action"
"RDY_008","Readiness Reduced","Back","current text button","WIRED_BUT_WRONG_SEMANTICS","navigate to previous registry route","no","none","navigation only","P0","replace with parent/back-stack/cancel behavior"
"RDY_008","Readiness Reduced","Open adapted workout","primary","PLANNED_REQUIRED","open reduced prescription","no","none","none","P0","implement via typed UiAction/ViewModel; add disabled/loading/success/error states"
"RDY_009","Readiness Recovery","Continue","current primary button","WIRED_BUT_WRONG_SEMANTICS","navigate to next registry route","no","none","navigation only","P0","replace with semantic primary action"
"RDY_009","Readiness Recovery","Back","current text button","WIRED_BUT_WRONG_SEMANTICS","navigate to previous registry route","no","none","navigation only","P0","replace with parent/back-stack/cancel behavior"
"RDY_009","Readiness Recovery","Open recovery options","primary","PLANNED_REQUIRED","open recovery-day options","no","none","none","P0","implement via typed UiAction/ViewModel; add disabled/loading/success/error states"
"RDY_010","Readiness Stop","Continue","current primary button","WIRED_BUT_WRONG_SEMANTICS","navigate to next registry route","no","none","navigation only","P0","replace with semantic primary action"
"RDY_010","Readiness Stop","Back","current text button","WIRED_BUT_WRONG_SEMANTICS","navigate to previous registry route","no","none","navigation only","P0","replace with parent/back-stack/cancel behavior"
"RDY_010","Readiness Stop","Review safety guidance","primary","PLANNED_REQUIRED","do not expose normal Start Workout","no","none","none","P0","implement via typed UiAction/ViewModel; add disabled/loading/success/error states"
"EXR_001","Exercise Library","Continue","current primary button","WIRED_BUT_WRONG_SEMANTICS","navigate to next registry route","no","none","navigation only","P0","replace with semantic primary action"
"EXR_001","Exercise Library","Back","current text button","WIRED_BUT_WRONG_SEMANTICS","navigate to previous registry route","no","none","navigation only","P0","replace with parent/back-stack/cancel behavior"
"EXR_001","Exercise Library","Search","field","PLANNED_REQUIRED","filter exercise catalog","no","none","none","P1","implement via typed UiAction/ViewModel; add disabled/loading/success/error states"
"EXR_001","Exercise Library","Exercise row","row","PLANNED_REQUIRED","open Exercise Detail","no","none","none","P1","implement via typed UiAction/ViewModel; add disabled/loading/success/error states"
"EXR_001","Exercise Library","Filters","secondary","PLANNED_REQUIRED","open Exercise Filters","no","none","none","P1","implement via typed UiAction/ViewModel; add disabled/loading/success/error states"
"EXR_002","Exercise Search","Continue","current primary button","WIRED_BUT_WRONG_SEMANTICS","navigate to next registry route","no","none","navigation only","P0","replace with semantic primary action"
"EXR_002","Exercise Search","Back","current text button","WIRED_BUT_WRONG_SEMANTICS","navigate to previous registry route","no","none","navigation only","P0","replace with parent/back-stack/cancel behavior"
"EXR_002","Exercise Search","Search","field","PLANNED_REQUIRED","query exercise catalog","no","none","none","P1","implement via typed UiAction/ViewModel; add disabled/loading/success/error states"
"EXR_002","Exercise Search","Result","row","PLANNED_REQUIRED","open detail","no","none","none","P1","implement via typed UiAction/ViewModel; add disabled/loading/success/error states"
"EXR_003","Exercise Filters","Continue","current primary button","WIRED_BUT_WRONG_SEMANTICS","navigate to next registry route","no","none","navigation only","P0","replace with semantic primary action"
"EXR_003","Exercise Filters","Back","current text button","WIRED_BUT_WRONG_SEMANTICS","navigate to previous registry route","no","none","navigation only","P0","replace with parent/back-stack/cancel behavior"
"EXR_003","Exercise Filters","Select filter","option","PLANNED_REQUIRED","update result filter and return","no","none","none","P1","implement via typed UiAction/ViewModel; add disabled/loading/success/error states"
"EXR_004","Filter Equipment","Continue","current primary button","WIRED_BUT_WRONG_SEMANTICS","navigate to next registry route","no","none","navigation only","P0","replace with semantic primary action"
"EXR_004","Filter Equipment","Back","current text button","WIRED_BUT_WRONG_SEMANTICS","navigate to previous registry route","no","none","navigation only","P0","replace with parent/back-stack/cancel behavior"
"EXR_004","Filter Equipment","Select filter","option","PLANNED_REQUIRED","update result filter and return","no","none","none","P1","implement via typed UiAction/ViewModel; add disabled/loading/success/error states"
"EXR_005","Filter Movement","Continue","current primary button","WIRED_BUT_WRONG_SEMANTICS","navigate to next registry route","no","none","navigation only","P0","replace with semantic primary action"
"EXR_005","Filter Movement","Back","current text button","WIRED_BUT_WRONG_SEMANTICS","navigate to previous registry route","no","none","navigation only","P0","replace with parent/back-stack/cancel behavior"
"EXR_005","Filter Movement","Select filter","option","PLANNED_REQUIRED","update result filter and return","no","none","none","P1","implement via typed UiAction/ViewModel; add disabled/loading/success/error states"
"EXR_006","Filter Muscle","Continue","current primary button","WIRED_BUT_WRONG_SEMANTICS","navigate to next registry route","no","none","navigation only","P0","replace with semantic primary action"
"EXR_006","Filter Muscle","Back","current text button","WIRED_BUT_WRONG_SEMANTICS","navigate to previous registry route","no","none","navigation only","P0","replace with parent/back-stack/cancel behavior"
"EXR_006","Filter Muscle","Select filter","option","PLANNED_REQUIRED","update result filter and return","no","none","none","P1","implement via typed UiAction/ViewModel; add disabled/loading/success/error states"
"EXR_007","Filter Environment","Continue","current primary button","WIRED_BUT_WRONG_SEMANTICS","navigate to next registry route","no","none","navigation only","P0","replace with semantic primary action"
"EXR_007","Filter Environment","Back","current text button","WIRED_BUT_WRONG_SEMANTICS","navigate to previous registry route","no","none","navigation only","P0","replace with parent/back-stack/cancel behavior"
"EXR_007","Filter Environment","Select filter","option","PLANNED_REQUIRED","update result filter and return","no","none","none","P1","implement via typed UiAction/ViewModel; add disabled/loading/success/error states"
"EXR_008","Filter Difficulty","Continue","current primary button","WIRED_BUT_WRONG_SEMANTICS","navigate to next registry route","no","none","navigation only","P0","replace with semantic primary action"
"EXR_008","Filter Difficulty","Back","current text button","WIRED_BUT_WRONG_SEMANTICS","navigate to previous registry route","no","none","navigation only","P0","replace with parent/back-stack/cancel behavior"
"EXR_008","Filter Difficulty","Select filter","option","PLANNED_REQUIRED","update result filter and return","no","none","none","P1","implement via typed UiAction/ViewModel; add disabled/loading/success/error states"
"EXR_009","Exercise Results","Continue","current primary button","WIRED_BUT_WRONG_SEMANTICS","navigate to next registry route","no","none","navigation only","P0","replace with semantic primary action"
"EXR_009","Exercise Results","Back","current text button","WIRED_BUT_WRONG_SEMANTICS","navigate to previous registry route","no","none","navigation only","P0","replace with parent/back-stack/cancel behavior"
"EXR_009","Exercise Results","Search","field","PLANNED_REQUIRED","filter exercise catalog","no","none","none","P1","implement via typed UiAction/ViewModel; add disabled/loading/success/error states"
"EXR_009","Exercise Results","Exercise row","row","PLANNED_REQUIRED","open Exercise Detail","no","none","none","P1","implement via typed UiAction/ViewModel; add disabled/loading/success/error states"
"EXR_009","Exercise Results","Filters","secondary","PLANNED_REQUIRED","open Exercise Filters","no","none","none","P1","implement via typed UiAction/ViewModel; add disabled/loading/success/error states"
"EXR_010","Exercise Detail","Continue","current primary button","WIRED_BUT_WRONG_SEMANTICS","navigate to next registry route","no","none","navigation only","P0","replace with semantic primary action"
"EXR_010","Exercise Detail","Back","current text button","WIRED_BUT_WRONG_SEMANTICS","navigate to previous registry route","no","none","navigation only","P0","replace with parent/back-stack/cancel behavior"
"EXR_010","Exercise Detail","Media","row","PLANNED_REQUIRED","open Exercise Media","no","none","none","P1","implement via typed UiAction/ViewModel; add disabled/loading/success/error states"
"EXR_010","Exercise Detail","Setup/Execution","row","PLANNED_REQUIRED","open technique detail","no","none","none","P1","implement via typed UiAction/ViewModel; add disabled/loading/success/error states"
"EXR_010","Exercise Detail","Substitutions","row","PLANNED_REQUIRED","open substitutions","no","none","none","P1","implement via typed UiAction/ViewModel; add disabled/loading/success/error states"
"EXR_011","Exercise Media","Continue","current primary button","WIRED_BUT_WRONG_SEMANTICS","navigate to next registry route","no","none","navigation only","P0","replace with semantic primary action"
"EXR_011","Exercise Media","Back","current text button","WIRED_BUT_WRONG_SEMANTICS","navigate to previous registry route","no","none","navigation only","P0","replace with parent/back-stack/cancel behavior"
"EXR_011","Exercise Media","Play/Pause","media","PLANNED_REQUIRED","control exercise media","no","none","none","P1","implement via typed UiAction/ViewModel; add disabled/loading/success/error states"
"EXR_012","Exercise Setup","Continue","current primary button","WIRED_BUT_WRONG_SEMANTICS","navigate to next registry route","no","none","navigation only","P0","replace with semantic primary action"
"EXR_012","Exercise Setup","Back","current text button","WIRED_BUT_WRONG_SEMANTICS","navigate to previous registry route","no","none","navigation only","P0","replace with parent/back-stack/cancel behavior"
"EXR_012","Exercise Setup","Back to exercise","secondary","PLANNED_REQUIRED","return Exercise Detail","no","none","none","P1","implement via typed UiAction/ViewModel; add disabled/loading/success/error states"
"EXR_013","Exercise Execution","Continue","current primary button","WIRED_BUT_WRONG_SEMANTICS","navigate to next registry route","no","none","navigation only","P0","replace with semantic primary action"
"EXR_013","Exercise Execution","Back","current text button","WIRED_BUT_WRONG_SEMANTICS","navigate to previous registry route","no","none","navigation only","P0","replace with parent/back-stack/cancel behavior"
"EXR_013","Exercise Execution","Back to exercise","secondary","PLANNED_REQUIRED","return Exercise Detail","no","none","none","P1","implement via typed UiAction/ViewModel; add disabled/loading/success/error states"
"EXR_014","Technique Cues","Continue","current primary button","WIRED_BUT_WRONG_SEMANTICS","navigate to next registry route","no","none","navigation only","P0","replace with semantic primary action"
"EXR_014","Technique Cues","Back","current text button","WIRED_BUT_WRONG_SEMANTICS","navigate to previous registry route","no","none","navigation only","P0","replace with parent/back-stack/cancel behavior"
"EXR_014","Technique Cues","Back to exercise","secondary","PLANNED_REQUIRED","return Exercise Detail","no","none","none","P1","implement via typed UiAction/ViewModel; add disabled/loading/success/error states"
"EXR_015","Common Mistakes","Continue","current primary button","WIRED_BUT_WRONG_SEMANTICS","navigate to next registry route","no","none","navigation only","P0","replace with semantic primary action"
"EXR_015","Common Mistakes","Back","current text button","WIRED_BUT_WRONG_SEMANTICS","navigate to previous registry route","no","none","navigation only","P0","replace with parent/back-stack/cancel behavior"
"EXR_015","Common Mistakes","Back to exercise","secondary","PLANNED_REQUIRED","return Exercise Detail","no","none","none","P1","implement via typed UiAction/ViewModel; add disabled/loading/success/error states"
"EXR_016","Exercise Substitutions","Continue","current primary button","WIRED_BUT_WRONG_SEMANTICS","navigate to next registry route","no","none","navigation only","P0","replace with semantic primary action"
"EXR_016","Exercise Substitutions","Back","current text button","WIRED_BUT_WRONG_SEMANTICS","navigate to previous registry route","no","none","navigation only","P0","replace with parent/back-stack/cancel behavior"
"EXR_016","Exercise Substitutions","Open substitute","row","PLANNED_REQUIRED","view substitute detail","no","none","none","P1","implement via typed UiAction/ViewModel; add disabled/loading/success/error states"
"CAL_001","Calendar Dashboard","Continue","current primary button","WIRED_BUT_WRONG_SEMANTICS","navigate to next registry route","no","none","navigation only","P0","replace with semantic primary action"
"CAL_001","Calendar Dashboard","Back","current text button","WIRED_BUT_WRONG_SEMANTICS","navigate to previous registry route","no","none","navigation only","P0","replace with parent/back-stack/cancel behavior"
"CAL_001","Calendar Dashboard","Month/Week/Day","tab","PLANNED_REQUIRED","switch calendar range","no","none","none","P1","implement via typed UiAction/ViewModel; add disabled/loading/success/error states"
"CAL_001","Calendar Dashboard","Date","calendar","PLANNED_REQUIRED","open Selected Date","no","none","none","P1","implement via typed UiAction/ViewModel; add disabled/loading/success/error states"
"CAL_001","Calendar Dashboard","Event","row","PLANNED_REQUIRED","open event detail","no","none","none","P1","implement via typed UiAction/ViewModel; add disabled/loading/success/error states"
"CAL_002","Month View","Continue","current primary button","WIRED_BUT_WRONG_SEMANTICS","navigate to next registry route","no","none","navigation only","P0","replace with semantic primary action"
"CAL_002","Month View","Back","current text button","WIRED_BUT_WRONG_SEMANTICS","navigate to previous registry route","no","none","navigation only","P0","replace with parent/back-stack/cancel behavior"
"CAL_002","Month View","Month/Week/Day","tab","PLANNED_REQUIRED","switch calendar range","no","none","none","P1","implement via typed UiAction/ViewModel; add disabled/loading/success/error states"
"CAL_002","Month View","Date","calendar","PLANNED_REQUIRED","open Selected Date","no","none","none","P1","implement via typed UiAction/ViewModel; add disabled/loading/success/error states"
"CAL_002","Month View","Event","row","PLANNED_REQUIRED","open event detail","no","none","none","P1","implement via typed UiAction/ViewModel; add disabled/loading/success/error states"
"CAL_003","Week View","Continue","current primary button","WIRED_BUT_WRONG_SEMANTICS","navigate to next registry route","no","none","navigation only","P0","replace with semantic primary action"
"CAL_003","Week View","Back","current text button","WIRED_BUT_WRONG_SEMANTICS","navigate to previous registry route","no","none","navigation only","P0","replace with parent/back-stack/cancel behavior"
"CAL_003","Week View","Month/Week/Day","tab","PLANNED_REQUIRED","switch calendar range","no","none","none","P1","implement via typed UiAction/ViewModel; add disabled/loading/success/error states"
"CAL_003","Week View","Date","calendar","PLANNED_REQUIRED","open Selected Date","no","none","none","P1","implement via typed UiAction/ViewModel; add disabled/loading/success/error states"
"CAL_003","Week View","Event","row","PLANNED_REQUIRED","open event detail","no","none","none","P1","implement via typed UiAction/ViewModel; add disabled/loading/success/error states"
"CAL_004","Day View","Continue","current primary button","WIRED_BUT_WRONG_SEMANTICS","navigate to next registry route","no","none","navigation only","P0","replace with semantic primary action"
"CAL_004","Day View","Back","current text button","WIRED_BUT_WRONG_SEMANTICS","navigate to previous registry route","no","none","navigation only","P0","replace with parent/back-stack/cancel behavior"
"CAL_004","Day View","Month/Week/Day","tab","PLANNED_REQUIRED","switch calendar range","no","none","none","P1","implement via typed UiAction/ViewModel; add disabled/loading/success/error states"
"CAL_004","Day View","Date","calendar","PLANNED_REQUIRED","open Selected Date","no","none","none","P1","implement via typed UiAction/ViewModel; add disabled/loading/success/error states"
"CAL_004","Day View","Event","row","PLANNED_REQUIRED","open event detail","no","none","none","P1","implement via typed UiAction/ViewModel; add disabled/loading/success/error states"
"CAL_005","Selected Date","Continue","current primary button","WIRED_BUT_WRONG_SEMANTICS","navigate to next registry route","no","none","navigation only","P0","replace with semantic primary action"
"CAL_005","Selected Date","Back","current text button","WIRED_BUT_WRONG_SEMANTICS","navigate to previous registry route","no","none","navigation only","P0","replace with parent/back-stack/cancel behavior"
"CAL_005","Selected Date","Event row","row","PLANNED_REQUIRED","open Workout/Meal/Recovery event","no","none","none","P1","implement via typed UiAction/ViewModel; add disabled/loading/success/error states"
"CAL_006","Workout Event","Continue","current primary button","WIRED_BUT_WRONG_SEMANTICS","navigate to next registry route","no","none","navigation only","P0","replace with semantic primary action"
"CAL_006","Workout Event","Back","current text button","WIRED_BUT_WRONG_SEMANTICS","navigate to previous registry route","no","none","navigation only","P0","replace with parent/back-stack/cancel behavior"
"CAL_006","Workout Event","Reschedule","secondary","PLANNED_REQUIRED","open Reschedule Event","no","none","none","P1","implement via typed UiAction/ViewModel; add disabled/loading/success/error states"
"CAL_006","Workout Event","Open source","secondary","PLANNED_REQUIRED","open Train/Fuel detail","no","none","none","P1","implement via typed UiAction/ViewModel; add disabled/loading/success/error states"
"CAL_007","Meal Event","Continue","current primary button","WIRED_BUT_WRONG_SEMANTICS","navigate to next registry route","no","none","navigation only","P0","replace with semantic primary action"
"CAL_007","Meal Event","Back","current text button","WIRED_BUT_WRONG_SEMANTICS","navigate to previous registry route","no","none","navigation only","P0","replace with parent/back-stack/cancel behavior"
"CAL_007","Meal Event","Reschedule","secondary","PLANNED_REQUIRED","open Reschedule Event","no","none","none","P1","implement via typed UiAction/ViewModel; add disabled/loading/success/error states"
"CAL_007","Meal Event","Open source","secondary","PLANNED_REQUIRED","open Train/Fuel detail","no","none","none","P1","implement via typed UiAction/ViewModel; add disabled/loading/success/error states"
"CAL_008","Recovery Event","Continue","current primary button","WIRED_BUT_WRONG_SEMANTICS","navigate to next registry route","no","none","navigation only","P0","replace with semantic primary action"
"CAL_008","Recovery Event","Back","current text button","WIRED_BUT_WRONG_SEMANTICS","navigate to previous registry route","no","none","navigation only","P0","replace with parent/back-stack/cancel behavior"
"CAL_008","Recovery Event","Reschedule","secondary","PLANNED_REQUIRED","open Reschedule Event","no","none","none","P1","implement via typed UiAction/ViewModel; add disabled/loading/success/error states"
"CAL_008","Recovery Event","Open source","secondary","PLANNED_REQUIRED","open Train/Fuel detail","no","none","none","P1","implement via typed UiAction/ViewModel; add disabled/loading/success/error states"
"CAL_009","Reschedule Event","Continue","current primary button","WIRED_BUT_WRONG_SEMANTICS","navigate to next registry route","no","none","navigation only","P0","replace with semantic primary action"
"CAL_009","Reschedule Event","Back","current text button","WIRED_BUT_WRONG_SEMANTICS","navigate to previous registry route","no","none","navigation only","P0","replace with parent/back-stack/cancel behavior"
"CAL_009","Reschedule Event","Reschedule","secondary","PLANNED_REQUIRED","open Reschedule Event","no","none","none","P1","implement via typed UiAction/ViewModel; add disabled/loading/success/error states"
"CAL_009","Reschedule Event","Open source","secondary","PLANNED_REQUIRED","open Train/Fuel detail","no","none","none","P1","implement via typed UiAction/ViewModel; add disabled/loading/success/error states"
"CAL_010","Choose Date","Continue","current primary button","WIRED_BUT_WRONG_SEMANTICS","navigate to next registry route","no","none","navigation only","P0","replace with semantic primary action"
"CAL_010","Choose Date","Back","current text button","WIRED_BUT_WRONG_SEMANTICS","navigate to previous registry route","no","none","navigation only","P0","replace with parent/back-stack/cancel behavior"
"CAL_010","Choose Date","Save selection","primary","PLANNED_REQUIRED","check conflict then update event","no","none","none","P1","implement via typed UiAction/ViewModel; add disabled/loading/success/error states"
"CAL_011","Choose Time","Continue","current primary button","WIRED_BUT_WRONG_SEMANTICS","navigate to next registry route","no","none","navigation only","P0","replace with semantic primary action"
"CAL_011","Choose Time","Back","current text button","WIRED_BUT_WRONG_SEMANTICS","navigate to previous registry route","no","none","navigation only","P0","replace with parent/back-stack/cancel behavior"
"CAL_011","Choose Time","Save selection","primary","PLANNED_REQUIRED","check conflict then update event","no","none","none","P1","implement via typed UiAction/ViewModel; add disabled/loading/success/error states"
"CAL_012","Calendar Conflict","Continue","current primary button","WIRED_BUT_WRONG_SEMANTICS","navigate to next registry route","no","none","navigation only","P0","replace with semantic primary action"
"CAL_012","Calendar Conflict","Back","current text button","WIRED_BUT_WRONG_SEMANTICS","navigate to previous registry route","no","none","navigation only","P0","replace with parent/back-stack/cancel behavior"
"CAL_012","Calendar Conflict","See alternatives","primary","PLANNED_REQUIRED","open Suggested Alternatives","no","none","none","P1","implement via typed UiAction/ViewModel; add disabled/loading/success/error states"
"CAL_013","Conflict Explanation","Continue","current primary button","WIRED_BUT_WRONG_SEMANTICS","navigate to next registry route","no","none","navigation only","P0","replace with semantic primary action"
"CAL_013","Conflict Explanation","Back","current text button","WIRED_BUT_WRONG_SEMANTICS","navigate to previous registry route","no","none","navigation only","P0","replace with parent/back-stack/cancel behavior"
"CAL_013","Conflict Explanation","See alternatives","primary","PLANNED_REQUIRED","open Suggested Alternatives","no","none","none","P1","implement via typed UiAction/ViewModel; add disabled/loading/success/error states"
"CAL_014","Suggested Alternatives","Continue","current primary button","WIRED_BUT_WRONG_SEMANTICS","navigate to next registry route","no","none","navigation only","P0","replace with semantic primary action"
"CAL_014","Suggested Alternatives","Back","current text button","WIRED_BUT_WRONG_SEMANTICS","navigate to previous registry route","no","none","navigation only","P0","replace with parent/back-stack/cancel behavior"
"CAL_014","Suggested Alternatives","Choose alternative","option","PLANNED_REQUIRED","select proposed schedule","no","none","none","P1","implement via typed UiAction/ViewModel; add disabled/loading/success/error states"
"CAL_015","Confirm Reschedule","Continue","current primary button","WIRED_BUT_WRONG_SEMANTICS","navigate to next registry route","no","none","navigation only","P0","replace with semantic primary action"
"CAL_015","Confirm Reschedule","Back","current text button","WIRED_BUT_WRONG_SEMANTICS","navigate to previous registry route","no","none","navigation only","P0","replace with parent/back-stack/cancel behavior"
"CAL_015","Confirm Reschedule","Save selection","primary","PLANNED_REQUIRED","check conflict then update event","no","none","none","P1","implement via typed UiAction/ViewModel; add disabled/loading/success/error states"
"CAL_016","Missed Workout","Continue","current primary button","WIRED_BUT_WRONG_SEMANTICS","navigate to next registry route","no","none","navigation only","P0","replace with semantic primary action"
"CAL_016","Missed Workout","Back","current text button","WIRED_BUT_WRONG_SEMANTICS","navigate to previous registry route","no","none","navigation only","P0","replace with parent/back-stack/cancel behavior"
"CAL_016","Missed Workout","Reschedule / Continue / Skip","option","PLANNED_REQUIRED","record missed-event resolution","no","none","none","P1","implement via typed UiAction/ViewModel; add disabled/loading/success/error states"
"CAL_017","Missed Meal","Continue","current primary button","WIRED_BUT_WRONG_SEMANTICS","navigate to next registry route","no","none","navigation only","P0","replace with semantic primary action"
"CAL_017","Missed Meal","Back","current text button","WIRED_BUT_WRONG_SEMANTICS","navigate to previous registry route","no","none","navigation only","P0","replace with parent/back-stack/cancel behavior"
"CAL_017","Missed Meal","Reschedule / Continue / Skip","option","PLANNED_REQUIRED","record missed-event resolution","no","none","none","P1","implement via typed UiAction/ViewModel; add disabled/loading/success/error states"
"CAL_018","Calendar Offline","Continue","current primary button","WIRED_BUT_WRONG_SEMANTICS","navigate to next registry route","no","none","navigation only","P0","replace with semantic primary action"
"CAL_018","Calendar Offline","Back","current text button","WIRED_BUT_WRONG_SEMANTICS","navigate to previous registry route","no","none","navigation only","P0","replace with parent/back-stack/cancel behavior"
"CAL_018","Calendar Offline","Retry sync","primary","PLANNED_REQUIRED","refresh calendar","no","none","none","P1","implement via typed UiAction/ViewModel; add disabled/loading/success/error states"
"PRG_001","Progress Dashboard","Continue","current primary button","WIRED_BUT_WRONG_SEMANTICS","navigate to next registry route","no","none","navigation only","P0","replace with semantic primary action"
"PRG_001","Progress Dashboard","Back","current text button","WIRED_BUT_WRONG_SEMANTICS","navigate to previous registry route","no","none","navigation only","P0","replace with parent/back-stack/cancel behavior"
"PRG_001","Progress Dashboard","Metric","tab/card","PLANNED_REQUIRED","open Metric Selector","no","none","none","P1","implement via typed UiAction/ViewModel; add disabled/loading/success/error states"
"PRG_001","Progress Dashboard","Range","range","PLANNED_REQUIRED","switch time range","no","none","none","P1","implement via typed UiAction/ViewModel; add disabled/loading/success/error states"
"PRG_001","Progress Dashboard","Graph point","graph","PLANNED_REQUIRED","open Exact Data Point","no","none","none","P1","implement via typed UiAction/ViewModel; add disabled/loading/success/error states"
"PRG_001","Progress Dashboard","Report","row","PLANNED_REQUIRED","open report","no","none","none","P1","implement via typed UiAction/ViewModel; add disabled/loading/success/error states"
"PRG_001","Progress Dashboard","Milestone","row","PLANNED_REQUIRED","open milestone detail","no","none","none","P1","implement via typed UiAction/ViewModel; add disabled/loading/success/error states"
"PRG_002","Metric Selector","Continue","current primary button","WIRED_BUT_WRONG_SEMANTICS","navigate to next registry route","no","none","navigation only","P0","replace with semantic primary action"
"PRG_002","Metric Selector","Back","current text button","WIRED_BUT_WRONG_SEMANTICS","navigate to previous registry route","no","none","navigation only","P0","replace with parent/back-stack/cancel behavior"
"PRG_002","Metric Selector","Choose metric","option","PLANNED_REQUIRED","reload graph metric","no","none","none","P1","implement via typed UiAction/ViewModel; add disabled/loading/success/error states"
"PRG_003","Range 7 Days","Continue","current primary button","WIRED_BUT_WRONG_SEMANTICS","navigate to next registry route","no","none","navigation only","P0","replace with semantic primary action"
"PRG_003","Range 7 Days","Back","current text button","WIRED_BUT_WRONG_SEMANTICS","navigate to previous registry route","no","none","navigation only","P0","replace with parent/back-stack/cancel behavior"
"PRG_003","Range 7 Days","Choose range","range","PLANNED_REQUIRED","reload selected time window","no","none","none","P1","implement via typed UiAction/ViewModel; add disabled/loading/success/error states"
"PRG_004","Range 30 Days","Continue","current primary button","WIRED_BUT_WRONG_SEMANTICS","navigate to next registry route","no","none","navigation only","P0","replace with semantic primary action"
"PRG_004","Range 30 Days","Back","current text button","WIRED_BUT_WRONG_SEMANTICS","navigate to previous registry route","no","none","navigation only","P0","replace with parent/back-stack/cancel behavior"
"PRG_004","Range 30 Days","Choose range","range","PLANNED_REQUIRED","reload selected time window","no","none","none","P1","implement via typed UiAction/ViewModel; add disabled/loading/success/error states"
"PRG_005","Range 3 Months","Continue","current primary button","WIRED_BUT_WRONG_SEMANTICS","navigate to next registry route","no","none","navigation only","P0","replace with semantic primary action"
"PRG_005","Range 3 Months","Back","current text button","WIRED_BUT_WRONG_SEMANTICS","navigate to previous registry route","no","none","navigation only","P0","replace with parent/back-stack/cancel behavior"
"PRG_005","Range 3 Months","Choose range","range","PLANNED_REQUIRED","reload selected time window","no","none","none","P1","implement via typed UiAction/ViewModel; add disabled/loading/success/error states"
"PRG_006","Range 6 Months","Continue","current primary button","WIRED_BUT_WRONG_SEMANTICS","navigate to next registry route","no","none","navigation only","P0","replace with semantic primary action"
"PRG_006","Range 6 Months","Back","current text button","WIRED_BUT_WRONG_SEMANTICS","navigate to previous registry route","no","none","navigation only","P0","replace with parent/back-stack/cancel behavior"
"PRG_006","Range 6 Months","Choose range","range","PLANNED_REQUIRED","reload selected time window","no","none","none","P1","implement via typed UiAction/ViewModel; add disabled/loading/success/error states"
"PRG_007","Range 1 Year","Continue","current primary button","WIRED_BUT_WRONG_SEMANTICS","navigate to next registry route","no","none","navigation only","P0","replace with semantic primary action"
"PRG_007","Range 1 Year","Back","current text button","WIRED_BUT_WRONG_SEMANTICS","navigate to previous registry route","no","none","navigation only","P0","replace with parent/back-stack/cancel behavior"
"PRG_007","Range 1 Year","Choose range","range","PLANNED_REQUIRED","reload selected time window","no","none","none","P1","implement via typed UiAction/ViewModel; add disabled/loading/success/error states"
"PRG_008","Range All","Continue","current primary button","WIRED_BUT_WRONG_SEMANTICS","navigate to next registry route","no","none","navigation only","P0","replace with semantic primary action"
"PRG_008","Range All","Back","current text button","WIRED_BUT_WRONG_SEMANTICS","navigate to previous registry route","no","none","navigation only","P0","replace with parent/back-stack/cancel behavior"
"PRG_008","Range All","Choose range","range","PLANNED_REQUIRED","reload selected time window","no","none","none","P1","implement via typed UiAction/ViewModel; add disabled/loading/success/error states"
"PRG_009","Expanded Graph","Continue","current primary button","WIRED_BUT_WRONG_SEMANTICS","navigate to next registry route","no","none","navigation only","P0","replace with semantic primary action"
"PRG_009","Expanded Graph","Back","current text button","WIRED_BUT_WRONG_SEMANTICS","navigate to previous registry route","no","none","navigation only","P0","replace with parent/back-stack/cancel behavior"
"PRG_009","Expanded Graph","Tap point","graph","PLANNED_REQUIRED","open exact observation","no","none","none","P1","implement via typed UiAction/ViewModel; add disabled/loading/success/error states"
"PRG_010","Exact Data Point","Continue","current primary button","WIRED_BUT_WRONG_SEMANTICS","navigate to next registry route","no","none","navigation only","P0","replace with semantic primary action"
"PRG_010","Exact Data Point","Back","current text button","WIRED_BUT_WRONG_SEMANTICS","navigate to previous registry route","no","none","navigation only","P0","replace with parent/back-stack/cancel behavior"
"PRG_010","Exact Data Point","Open source/edit if manual","row","PLANNED_REQUIRED","open source observation","no","none","none","P1","implement via typed UiAction/ViewModel; add disabled/loading/success/error states"
"PRG_011","Missing Data Period","Continue","current primary button","WIRED_BUT_WRONG_SEMANTICS","navigate to next registry route","no","none","navigation only","P0","replace with semantic primary action"
"PRG_011","Missing Data Period","Back","current text button","WIRED_BUT_WRONG_SEMANTICS","navigate to previous registry route","no","none","navigation only","P0","replace with parent/back-stack/cancel behavior"
"PRG_011","Missing Data Period","Data source detail","secondary","PLANNED_REQUIRED","open coverage/source explanation","no","none","none","P1","implement via typed UiAction/ViewModel; add disabled/loading/success/error states"
"PRG_012","Data Coverage","Continue","current primary button","WIRED_BUT_WRONG_SEMANTICS","navigate to next registry route","no","none","navigation only","P0","replace with semantic primary action"
"PRG_012","Data Coverage","Back","current text button","WIRED_BUT_WRONG_SEMANTICS","navigate to previous registry route","no","none","navigation only","P0","replace with parent/back-stack/cancel behavior"
"PRG_012","Data Coverage","Data source detail","secondary","PLANNED_REQUIRED","open coverage/source explanation","no","none","none","P1","implement via typed UiAction/ViewModel; add disabled/loading/success/error states"
"PRG_013","Goal Progress","Continue","current primary button","WIRED_BUT_WRONG_SEMANTICS","navigate to next registry route","no","none","navigation only","P0","replace with semantic primary action"
"PRG_013","Goal Progress","Back","current text button","WIRED_BUT_WRONG_SEMANTICS","navigate to previous registry route","no","none","navigation only","P0","replace with parent/back-stack/cancel behavior"
"PRG_013","Goal Progress","Open target revision","row","PLANNED_REQUIRED","view historical target detail","no","none","none","P1","implement via typed UiAction/ViewModel; add disabled/loading/success/error states"
"PRG_014","Target Revision Marker","Continue","current primary button","WIRED_BUT_WRONG_SEMANTICS","navigate to next registry route","no","none","navigation only","P0","replace with semantic primary action"
"PRG_014","Target Revision Marker","Back","current text button","WIRED_BUT_WRONG_SEMANTICS","navigate to previous registry route","no","none","navigation only","P0","replace with parent/back-stack/cancel behavior"
"PRG_014","Target Revision Marker","Open target revision","row","PLANNED_REQUIRED","view historical target detail","no","none","none","P1","implement via typed UiAction/ViewModel; add disabled/loading/success/error states"
"PRG_015","Milestone Detail","Continue","current primary button","WIRED_BUT_WRONG_SEMANTICS","navigate to next registry route","no","none","navigation only","P0","replace with semantic primary action"
"PRG_015","Milestone Detail","Back","current text button","WIRED_BUT_WRONG_SEMANTICS","navigate to previous registry route","no","none","navigation only","P0","replace with parent/back-stack/cancel behavior"
"PRG_015","Milestone Detail","Open item","row","PLANNED_REQUIRED","view milestone/PR detail","no","none","none","P1","implement via typed UiAction/ViewModel; add disabled/loading/success/error states"
"PRG_016","Personal Records","Continue","current primary button","WIRED_BUT_WRONG_SEMANTICS","navigate to next registry route","no","none","navigation only","P0","replace with semantic primary action"
"PRG_016","Personal Records","Back","current text button","WIRED_BUT_WRONG_SEMANTICS","navigate to previous registry route","no","none","navigation only","P0","replace with parent/back-stack/cancel behavior"
"PRG_016","Personal Records","Open item","row","PLANNED_REQUIRED","view milestone/PR detail","no","none","none","P1","implement via typed UiAction/ViewModel; add disabled/loading/success/error states"
"PRG_017","Training Progress","Continue","current primary button","WIRED_BUT_WRONG_SEMANTICS","navigate to next registry route","no","none","navigation only","P0","replace with semantic primary action"
"PRG_017","Training Progress","Back","current text button","WIRED_BUT_WRONG_SEMANTICS","navigate to previous registry route","no","none","navigation only","P0","replace with parent/back-stack/cancel behavior"
"PRG_017","Training Progress","Graph interaction","graph","PLANNED_REQUIRED","inspect exact observations","no","none","none","P1","implement via typed UiAction/ViewModel; add disabled/loading/success/error states"
"PRG_018","Strength Progress","Continue","current primary button","WIRED_BUT_WRONG_SEMANTICS","navigate to next registry route","no","none","navigation only","P0","replace with semantic primary action"
"PRG_018","Strength Progress","Back","current text button","WIRED_BUT_WRONG_SEMANTICS","navigate to previous registry route","no","none","navigation only","P0","replace with parent/back-stack/cancel behavior"
"PRG_018","Strength Progress","Graph interaction","graph","PLANNED_REQUIRED","inspect exact observations","no","none","none","P1","implement via typed UiAction/ViewModel; add disabled/loading/success/error states"
"PRG_019","Training Volume","Continue","current primary button","WIRED_BUT_WRONG_SEMANTICS","navigate to next registry route","no","none","navigation only","P0","replace with semantic primary action"
"PRG_019","Training Volume","Back","current text button","WIRED_BUT_WRONG_SEMANTICS","navigate to previous registry route","no","none","navigation only","P0","replace with parent/back-stack/cancel behavior"
"PRG_019","Training Volume","Graph interaction","graph","PLANNED_REQUIRED","inspect exact observations","no","none","none","P1","implement via typed UiAction/ViewModel; add disabled/loading/success/error states"
"PRG_020","Workout Consistency","Continue","current primary button","WIRED_BUT_WRONG_SEMANTICS","navigate to next registry route","no","none","navigation only","P0","replace with semantic primary action"
"PRG_020","Workout Consistency","Back","current text button","WIRED_BUT_WRONG_SEMANTICS","navigate to previous registry route","no","none","navigation only","P0","replace with parent/back-stack/cancel behavior"
"PRG_020","Workout Consistency","Graph interaction","graph","PLANNED_REQUIRED","inspect exact observations","no","none","none","P1","implement via typed UiAction/ViewModel; add disabled/loading/success/error states"
"PRG_021","Workout Duration","Continue","current primary button","WIRED_BUT_WRONG_SEMANTICS","navigate to next registry route","no","none","navigation only","P0","replace with semantic primary action"
"PRG_021","Workout Duration","Back","current text button","WIRED_BUT_WRONG_SEMANTICS","navigate to previous registry route","no","none","navigation only","P0","replace with parent/back-stack/cancel behavior"
"PRG_021","Workout Duration","Graph interaction","graph","PLANNED_REQUIRED","inspect exact observations","no","none","none","P1","implement via typed UiAction/ViewModel; add disabled/loading/success/error states"
"PRG_022","Nutrition Progress","Continue","current primary button","WIRED_BUT_WRONG_SEMANTICS","navigate to next registry route","no","none","navigation only","P0","replace with semantic primary action"
"PRG_022","Nutrition Progress","Back","current text button","WIRED_BUT_WRONG_SEMANTICS","navigate to previous registry route","no","none","navigation only","P0","replace with parent/back-stack/cancel behavior"
"PRG_022","Nutrition Progress","Graph interaction","graph","PLANNED_REQUIRED","inspect exact observations","no","none","none","P1","implement via typed UiAction/ViewModel; add disabled/loading/success/error states"
"PRG_023","Nutrition Averages","Continue","current primary button","WIRED_BUT_WRONG_SEMANTICS","navigate to next registry route","no","none","navigation only","P0","replace with semantic primary action"
"PRG_023","Nutrition Averages","Back","current text button","WIRED_BUT_WRONG_SEMANTICS","navigate to previous registry route","no","none","navigation only","P0","replace with parent/back-stack/cancel behavior"
"PRG_023","Nutrition Averages","Graph interaction","graph","PLANNED_REQUIRED","inspect exact observations","no","none","none","P1","implement via typed UiAction/ViewModel; add disabled/loading/success/error states"
"PRG_024","Protein Trend","Continue","current primary button","WIRED_BUT_WRONG_SEMANTICS","navigate to next registry route","no","none","navigation only","P0","replace with semantic primary action"
"PRG_024","Protein Trend","Back","current text button","WIRED_BUT_WRONG_SEMANTICS","navigate to previous registry route","no","none","navigation only","P0","replace with parent/back-stack/cancel behavior"
"PRG_024","Protein Trend","Graph interaction","graph","PLANNED_REQUIRED","inspect exact observations","no","none","none","P1","implement via typed UiAction/ViewModel; add disabled/loading/success/error states"
"PRG_025","Fiber Trend","Continue","current primary button","WIRED_BUT_WRONG_SEMANTICS","navigate to next registry route","no","none","navigation only","P0","replace with semantic primary action"
"PRG_025","Fiber Trend","Back","current text button","WIRED_BUT_WRONG_SEMANTICS","navigate to previous registry route","no","none","navigation only","P0","replace with parent/back-stack/cancel behavior"
"PRG_025","Fiber Trend","Graph interaction","graph","PLANNED_REQUIRED","inspect exact observations","no","none","none","P1","implement via typed UiAction/ViewModel; add disabled/loading/success/error states"
"PRG_026","Activity Progress","Continue","current primary button","WIRED_BUT_WRONG_SEMANTICS","navigate to next registry route","no","none","navigation only","P0","replace with semantic primary action"
"PRG_026","Activity Progress","Back","current text button","WIRED_BUT_WRONG_SEMANTICS","navigate to previous registry route","no","none","navigation only","P0","replace with parent/back-stack/cancel behavior"
"PRG_026","Activity Progress","Graph interaction","graph","PLANNED_REQUIRED","inspect exact observations","no","none","none","P1","implement via typed UiAction/ViewModel; add disabled/loading/success/error states"
"PRG_027","Running Progress","Continue","current primary button","WIRED_BUT_WRONG_SEMANTICS","navigate to next registry route","no","none","navigation only","P0","replace with semantic primary action"
"PRG_027","Running Progress","Back","current text button","WIRED_BUT_WRONG_SEMANTICS","navigate to previous registry route","no","none","navigation only","P0","replace with parent/back-stack/cancel behavior"
"PRG_027","Running Progress","Graph interaction","graph","PLANNED_REQUIRED","inspect exact observations","no","none","none","P1","implement via typed UiAction/ViewModel; add disabled/loading/success/error states"
"PRG_028","Swimming Progress","Continue","current primary button","WIRED_BUT_WRONG_SEMANTICS","navigate to next registry route","no","none","navigation only","P0","replace with semantic primary action"
"PRG_028","Swimming Progress","Back","current text button","WIRED_BUT_WRONG_SEMANTICS","navigate to previous registry route","no","none","navigation only","P0","replace with parent/back-stack/cancel behavior"
"PRG_028","Swimming Progress","Graph interaction","graph","PLANNED_REQUIRED","inspect exact observations","no","none","none","P1","implement via typed UiAction/ViewModel; add disabled/loading/success/error states"
"PRG_029","Weekly Report","Continue","current primary button","WIRED_BUT_WRONG_SEMANTICS","navigate to next registry route","no","none","navigation only","P0","replace with semantic primary action"
"PRG_029","Weekly Report","Back","current text button","WIRED_BUT_WRONG_SEMANTICS","navigate to previous registry route","no","none","navigation only","P0","replace with parent/back-stack/cancel behavior"
"PRG_029","Weekly Report","Open section","row","PLANNED_REQUIRED","drill into training/nutrition/activity report","no","none","none","P1","implement via typed UiAction/ViewModel; add disabled/loading/success/error states"
"PRG_030","Monthly Report","Continue","current primary button","WIRED_BUT_WRONG_SEMANTICS","navigate to next registry route","no","none","navigation only","P0","replace with semantic primary action"
"PRG_030","Monthly Report","Back","current text button","WIRED_BUT_WRONG_SEMANTICS","navigate to previous registry route","no","none","navigation only","P0","replace with parent/back-stack/cancel behavior"
"PRG_030","Monthly Report","Open section","row","PLANNED_REQUIRED","drill into training/nutrition/activity report","no","none","none","P1","implement via typed UiAction/ViewModel; add disabled/loading/success/error states"
"PRO_001","Profile Dashboard","Continue","current primary button","WIRED_BUT_WRONG_SEMANTICS","navigate to next registry route","no","none","navigation only","P0","replace with semantic primary action"
"PRO_001","Profile Dashboard","Back","current text button","WIRED_BUT_WRONG_SEMANTICS","navigate to previous registry route","no","none","navigation only","P0","replace with parent/back-stack/cancel behavior"
"PRO_001","Profile Dashboard","Setting row","row","PLANNED_REQUIRED","open selected Profile section","no","none","none","P1","implement via typed UiAction/ViewModel; add disabled/loading/success/error states"
"PRO_002","Personal Details","Continue","current primary button","WIRED_BUT_WRONG_SEMANTICS","navigate to next registry route","no","none","navigation only","P0","replace with semantic primary action"
"PRO_002","Personal Details","Back","current text button","WIRED_BUT_WRONG_SEMANTICS","navigate to previous registry route","no","none","navigation only","P0","replace with parent/back-stack/cancel behavior"
"PRO_002","Personal Details","Edit/Save","primary","PLANNED_REQUIRED","update profile fields","no","network","update profile","P1","implement via typed UiAction/ViewModel; add disabled/loading/success/error states"
"PRO_003","Targets and Goals","Continue","current primary button","WIRED_BUT_WRONG_SEMANTICS","navigate to next registry route","no","none","navigation only","P0","replace with semantic primary action"
"PRO_003","Targets and Goals","Back","current text button","WIRED_BUT_WRONG_SEMANTICS","navigate to previous registry route","no","none","navigation only","P0","replace with parent/back-stack/cancel behavior"
"PRO_003","Targets and Goals","Edit target","primary","PLANNED_REQUIRED","open Edit Target","no","none","none","P1","implement via typed UiAction/ViewModel; add disabled/loading/success/error states"
"PRO_003","Targets and Goals","Revision history","row","PLANNED_REQUIRED","open history","no","none","none","P1","implement via typed UiAction/ViewModel; add disabled/loading/success/error states"
"PRO_004","Edit Target","Continue","current primary button","WIRED_BUT_WRONG_SEMANTICS","navigate to next registry route","no","none","navigation only","P0","replace with semantic primary action"
"PRO_004","Edit Target","Back","current text button","WIRED_BUT_WRONG_SEMANTICS","navigate to previous registry route","no","none","navigation only","P0","replace with parent/back-stack/cancel behavior"
"PRO_004","Edit Target","Preview change","primary","PLANNED_REQUIRED","calculate future target preview","no","none","none","P1","implement via typed UiAction/ViewModel; add disabled/loading/success/error states"
"PRO_005","Target Preview","Continue","current primary button","WIRED_BUT_WRONG_SEMANTICS","navigate to next registry route","no","none","navigation only","P0","replace with semantic primary action"
"PRO_005","Target Preview","Back","current text button","WIRED_BUT_WRONG_SEMANTICS","navigate to previous registry route","no","none","navigation only","P0","replace with parent/back-stack/cancel behavior"
"PRO_005","Target Preview","Confirm revision","primary","PLANNED_REQUIRED","write target revision effective in future","no","none","none","P1","implement via typed UiAction/ViewModel; add disabled/loading/success/error states"
"PRO_006","Target Revision History","Continue","current primary button","WIRED_BUT_WRONG_SEMANTICS","navigate to next registry route","no","none","navigation only","P0","replace with semantic primary action"
"PRO_006","Target Revision History","Back","current text button","WIRED_BUT_WRONG_SEMANTICS","navigate to previous registry route","no","none","navigation only","P0","replace with parent/back-stack/cancel behavior"
"PRO_006","Target Revision History","Open revision","row","PLANNED_REQUIRED","view immutable target revision","no","none","none","P1","implement via typed UiAction/ViewModel; add disabled/loading/success/error states"
"PRO_007","Units","Continue","current primary button","WIRED_BUT_WRONG_SEMANTICS","navigate to next registry route","no","none","navigation only","P0","replace with semantic primary action"
"PRO_007","Units","Back","current text button","WIRED_BUT_WRONG_SEMANTICS","navigate to previous registry route","no","none","navigation only","P0","replace with parent/back-stack/cancel behavior"
"PRO_007","Units","Select option","option","PLANNED_REQUIRED","save preference","no","none","none","P1","implement via typed UiAction/ViewModel; add disabled/loading/success/error states"
"PRO_008","Language and Region","Continue","current primary button","WIRED_BUT_WRONG_SEMANTICS","navigate to next registry route","no","none","navigation only","P0","replace with semantic primary action"
"PRO_008","Language and Region","Back","current text button","WIRED_BUT_WRONG_SEMANTICS","navigate to previous registry route","no","none","navigation only","P0","replace with parent/back-stack/cancel behavior"
"PRO_008","Language and Region","Select option","option","PLANNED_REQUIRED","save preference","no","none","none","P1","implement via typed UiAction/ViewModel; add disabled/loading/success/error states"
"PRO_009","Appearance","Continue","current primary button","WIRED_BUT_WRONG_SEMANTICS","navigate to next registry route","no","none","navigation only","P0","replace with semantic primary action"
"PRO_009","Appearance","Back","current text button","WIRED_BUT_WRONG_SEMANTICS","navigate to previous registry route","no","none","navigation only","P0","replace with parent/back-stack/cancel behavior"
"PRO_009","Appearance","Select option","option","PLANNED_REQUIRED","save preference","no","none","none","P1","implement via typed UiAction/ViewModel; add disabled/loading/success/error states"
"PRO_010","Sound and Haptics","Continue","current primary button","WIRED_BUT_WRONG_SEMANTICS","navigate to next registry route","no","none","navigation only","P0","replace with semantic primary action"
"PRO_010","Sound and Haptics","Back","current text button","WIRED_BUT_WRONG_SEMANTICS","navigate to previous registry route","no","none","navigation only","P0","replace with parent/back-stack/cancel behavior"
"PRO_010","Sound and Haptics","Toggle preference","toggle","PLANNED_REQUIRED","save preference/permission state","no","none","none","P1","implement via typed UiAction/ViewModel; add disabled/loading/success/error states"
"PRO_011","Notifications","Continue","current primary button","WIRED_BUT_WRONG_SEMANTICS","navigate to next registry route","no","none","navigation only","P0","replace with semantic primary action"
"PRO_011","Notifications","Back","current text button","WIRED_BUT_WRONG_SEMANTICS","navigate to previous registry route","no","none","navigation only","P0","replace with parent/back-stack/cancel behavior"
"PRO_011","Notifications","Toggle preference","toggle","PLANNED_REQUIRED","save preference/permission state","no","none","none","P1","implement via typed UiAction/ViewModel; add disabled/loading/success/error states"
"PRO_012","Privacy and Data","Continue","current primary button","WIRED_BUT_WRONG_SEMANTICS","navigate to next registry route","no","none","navigation only","P0","replace with semantic primary action"
"PRO_012","Privacy and Data","Back","current text button","WIRED_BUT_WRONG_SEMANTICS","navigate to previous registry route","no","none","navigation only","P0","replace with parent/back-stack/cancel behavior"
"PRO_012","Privacy and Data","Open data control","row","PLANNED_REQUIRED","open export/delete/permission detail","no","none","none","P1","implement via typed UiAction/ViewModel; add disabled/loading/success/error states"
"PRO_013","Export Data","Continue","current primary button","WIRED_BUT_WRONG_SEMANTICS","navigate to next registry route","no","none","navigation only","P0","replace with semantic primary action"
"PRO_013","Export Data","Back","current text button","WIRED_BUT_WRONG_SEMANTICS","navigate to previous registry route","no","none","navigation only","P0","replace with parent/back-stack/cancel behavior"
"PRO_013","Export Data","Request export","primary","PLANNED_REQUIRED","create export job","yes","network","write export request","P1","implement via typed UiAction/ViewModel; add disabled/loading/success/error states"
"PRO_014","Delete Account","Continue","current primary button","WIRED_BUT_WRONG_SEMANTICS","navigate to next registry route","no","none","navigation only","P0","replace with semantic primary action"
"PRO_014","Delete Account","Back","current text button","WIRED_BUT_WRONG_SEMANTICS","navigate to previous registry route","no","none","navigation only","P0","replace with parent/back-stack/cancel behavior"
"PRO_014","Delete Account","Request deletion","destructive","PLANNED_REQUIRED","create deliberate deletion request","yes","network","write deletion request","P1","implement via typed UiAction/ViewModel; add disabled/loading/success/error states"
"PRO_015","Terms and Privacy","Continue","current primary button","WIRED_BUT_WRONG_SEMANTICS","navigate to next registry route","no","none","navigation only","P0","replace with semantic primary action"
"PRO_015","Terms and Privacy","Back","current text button","WIRED_BUT_WRONG_SEMANTICS","navigate to previous registry route","no","none","navigation only","P0","replace with parent/back-stack/cancel behavior"
"PRO_015","Terms and Privacy","Open data control","row","PLANNED_REQUIRED","open export/delete/permission detail","no","none","none","P1","implement via typed UiAction/ViewModel; add disabled/loading/success/error states"
"PRO_016","Help Center","Continue","current primary button","WIRED_BUT_WRONG_SEMANTICS","navigate to next registry route","no","none","navigation only","P0","replace with semantic primary action"
"PRO_016","Help Center","Back","current text button","WIRED_BUT_WRONG_SEMANTICS","navigate to previous registry route","no","none","navigation only","P0","replace with parent/back-stack/cancel behavior"
"PRO_016","Help Center","Search help","field","PLANNED_REQUIRED","search help","no","none","none","P1","implement via typed UiAction/ViewModel; add disabled/loading/success/error states"
"PRO_016","Help Center","Article","row","PLANNED_REQUIRED","open help article","no","none","none","P1","implement via typed UiAction/ViewModel; add disabled/loading/success/error states"
"PRO_017","Finish Personalization","Continue","current primary button","WIRED_BUT_WRONG_SEMANTICS","navigate to next registry route","no","none","navigation only","P0","replace with semantic primary action"
"PRO_017","Finish Personalization","Back","current text button","WIRED_BUT_WRONG_SEMANTICS","navigate to previous registry route","no","none","navigation only","P0","replace with parent/back-stack/cancel behavior"
"PRO_017","Finish Personalization","Continue setup","primary","PLANNED_REQUIRED","resume onboarding/setup","no","none","none","P1","implement via typed UiAction/ViewModel; add disabled/loading/success/error states"
"PRO_018","Profile Offline","Continue","current primary button","WIRED_BUT_WRONG_SEMANTICS","navigate to next registry route","no","none","navigation only","P0","replace with semantic primary action"
"PRO_018","Profile Offline","Back","current text button","WIRED_BUT_WRONG_SEMANTICS","navigate to previous registry route","no","none","navigation only","P0","replace with parent/back-stack/cancel behavior"
"PRO_018","Profile Offline","Retry sync","primary","PLANNED_REQUIRED","refresh profile","no","none","none","P1","implement via typed UiAction/ViewModel; add disabled/loading/success/error states"
"DEV_001","Devices Dashboard","Continue","current primary button","WIRED_BUT_WRONG_SEMANTICS","navigate to next registry route","no","none","navigation only","P0","replace with semantic primary action"
"DEV_001","Devices Dashboard","Back","current text button","WIRED_BUT_WRONG_SEMANTICS","navigate to previous registry route","no","none","navigation only","P0","replace with parent/back-stack/cancel behavior"
"DEV_001","Devices Dashboard","Device row","row","PLANNED_REQUIRED","open Device Detail","no","none","none","P1","implement via typed UiAction/ViewModel; add disabled/loading/success/error states"
"DEV_001","Devices Dashboard","Sync now","secondary","PLANNED_REQUIRED","start sync","no","none","none","P1","implement via typed UiAction/ViewModel; add disabled/loading/success/error states"
"DEV_001","Devices Dashboard","Manage permissions","secondary","PLANNED_REQUIRED","open Device Permissions","no","none","none","P1","implement via typed UiAction/ViewModel; add disabled/loading/success/error states"
"DEV_001","Devices Dashboard","Disconnect","destructive","PLANNED_REQUIRED","open confirmation","yes","none","none","P1","implement via typed UiAction/ViewModel; add disabled/loading/success/error states"
"DEV_002","Connect Wear OS","Continue","current primary button","WIRED_BUT_WRONG_SEMANTICS","navigate to next registry route","no","none","navigation only","P0","replace with semantic primary action"
"DEV_002","Connect Wear OS","Back","current text button","WIRED_BUT_WRONG_SEMANTICS","navigate to previous registry route","no","none","navigation only","P0","replace with parent/back-stack/cancel behavior"
"DEV_002","Connect Wear OS","Start discovery","primary","PLANNED_REQUIRED","open Device Discovery","no","none","none","P1","implement via typed UiAction/ViewModel; add disabled/loading/success/error states"
"DEV_003","Device Discovery","Continue","current primary button","WIRED_BUT_WRONG_SEMANTICS","navigate to next registry route","no","none","navigation only","P0","replace with semantic primary action"
"DEV_003","Device Discovery","Back","current text button","WIRED_BUT_WRONG_SEMANTICS","navigate to previous registry route","no","none","navigation only","P0","replace with parent/back-stack/cancel behavior"
"DEV_003","Device Discovery","Device result","row","PLANNED_REQUIRED","open Device Found","no","none","none","P1","implement via typed UiAction/ViewModel; add disabled/loading/success/error states"
"DEV_004","Device Found","Continue","current primary button","WIRED_BUT_WRONG_SEMANTICS","navigate to next registry route","no","none","navigation only","P0","replace with semantic primary action"
"DEV_004","Device Found","Back","current text button","WIRED_BUT_WRONG_SEMANTICS","navigate to previous registry route","no","none","navigation only","P0","replace with parent/back-stack/cancel behavior"
"DEV_004","Device Found","Pair","primary","PLANNED_REQUIRED","start pairing","no","none","none","P1","implement via typed UiAction/ViewModel; add disabled/loading/success/error states"
"DEV_005","Pairing","Continue","current primary button","WIRED_BUT_WRONG_SEMANTICS","navigate to next registry route","no","none","navigation only","P0","replace with semantic primary action"
"DEV_005","Pairing","Back","current text button","WIRED_BUT_WRONG_SEMANTICS","navigate to previous registry route","no","none","navigation only","P0","replace with parent/back-stack/cancel behavior"
"DEV_005","Pairing","Cancel","secondary","PLANNED_REQUIRED","cancel pairing safely","no","none","none","P1","implement via typed UiAction/ViewModel; add disabled/loading/success/error states"
"DEV_006","Connected Device","Continue","current primary button","WIRED_BUT_WRONG_SEMANTICS","navigate to next registry route","no","none","navigation only","P0","replace with semantic primary action"
"DEV_006","Connected Device","Back","current text button","WIRED_BUT_WRONG_SEMANTICS","navigate to previous registry route","no","none","navigation only","P0","replace with parent/back-stack/cancel behavior"
"DEV_006","Connected Device","Device row","row","PLANNED_REQUIRED","open Device Detail","no","none","none","P1","implement via typed UiAction/ViewModel; add disabled/loading/success/error states"
"DEV_006","Connected Device","Sync now","secondary","PLANNED_REQUIRED","start sync","no","none","none","P1","implement via typed UiAction/ViewModel; add disabled/loading/success/error states"
"DEV_006","Connected Device","Manage permissions","secondary","PLANNED_REQUIRED","open Device Permissions","no","none","none","P1","implement via typed UiAction/ViewModel; add disabled/loading/success/error states"
"DEV_006","Connected Device","Disconnect","destructive","PLANNED_REQUIRED","open confirmation","yes","none","none","P1","implement via typed UiAction/ViewModel; add disabled/loading/success/error states"
"DEV_007","Device Detail","Continue","current primary button","WIRED_BUT_WRONG_SEMANTICS","navigate to next registry route","no","none","navigation only","P0","replace with semantic primary action"
"DEV_007","Device Detail","Back","current text button","WIRED_BUT_WRONG_SEMANTICS","navigate to previous registry route","no","none","navigation only","P0","replace with parent/back-stack/cancel behavior"
"DEV_007","Device Detail","Device row","row","PLANNED_REQUIRED","open Device Detail","no","none","none","P1","implement via typed UiAction/ViewModel; add disabled/loading/success/error states"
"DEV_007","Device Detail","Sync now","secondary","PLANNED_REQUIRED","start sync","no","none","none","P1","implement via typed UiAction/ViewModel; add disabled/loading/success/error states"
"DEV_007","Device Detail","Manage permissions","secondary","PLANNED_REQUIRED","open Device Permissions","no","none","none","P1","implement via typed UiAction/ViewModel; add disabled/loading/success/error states"
"DEV_007","Device Detail","Disconnect","destructive","PLANNED_REQUIRED","open confirmation","yes","none","none","P1","implement via typed UiAction/ViewModel; add disabled/loading/success/error states"
"DEV_008","Device Permissions","Continue","current primary button","WIRED_BUT_WRONG_SEMANTICS","navigate to next registry route","no","none","navigation only","P0","replace with semantic primary action"
"DEV_008","Device Permissions","Back","current text button","WIRED_BUT_WRONG_SEMANTICS","navigate to previous registry route","no","none","navigation only","P0","replace with parent/back-stack/cancel behavior"
"DEV_008","Device Permissions","Toggle grant/revoke","toggle","PLANNED_REQUIRED","update permission state","no","none","none","P1","implement via typed UiAction/ViewModel; add disabled/loading/success/error states"
"DEV_009","Manual Sync","Continue","current primary button","WIRED_BUT_WRONG_SEMANTICS","navigate to next registry route","no","none","navigation only","P0","replace with semantic primary action"
"DEV_009","Manual Sync","Back","current text button","WIRED_BUT_WRONG_SEMANTICS","navigate to previous registry route","no","none","navigation only","P0","replace with parent/back-stack/cancel behavior"
"DEV_009","Manual Sync","Sync now","primary","PLANNED_REQUIRED","start idempotent sync","no","none","none","P1","implement via typed UiAction/ViewModel; add disabled/loading/success/error states"
"DEV_010","Stale Device","Continue","current primary button","WIRED_BUT_WRONG_SEMANTICS","navigate to next registry route","no","none","navigation only","P0","replace with semantic primary action"
"DEV_010","Stale Device","Back","current text button","WIRED_BUT_WRONG_SEMANTICS","navigate to previous registry route","no","none","navigation only","P0","replace with parent/back-stack/cancel behavior"
"DEV_010","Stale Device","Reconnect","primary","PLANNED_REQUIRED","restore peer/session","no","none","none","P1","implement via typed UiAction/ViewModel; add disabled/loading/success/error states"
"DEV_011","Reconnect Device","Continue","current primary button","WIRED_BUT_WRONG_SEMANTICS","navigate to next registry route","no","none","navigation only","P0","replace with semantic primary action"
"DEV_011","Reconnect Device","Back","current text button","WIRED_BUT_WRONG_SEMANTICS","navigate to previous registry route","no","none","navigation only","P0","replace with parent/back-stack/cancel behavior"
"DEV_011","Reconnect Device","Reconnect","primary","PLANNED_REQUIRED","restore peer/session","no","none","none","P1","implement via typed UiAction/ViewModel; add disabled/loading/success/error states"
"DEV_012","Disconnect Device","Continue","current primary button","WIRED_BUT_WRONG_SEMANTICS","navigate to next registry route","no","none","navigation only","P0","replace with semantic primary action"
"DEV_012","Disconnect Device","Back","current text button","WIRED_BUT_WRONG_SEMANTICS","navigate to previous registry route","no","none","navigation only","P0","replace with parent/back-stack/cancel behavior"
"DEV_012","Disconnect Device","Disconnect","destructive","PLANNED_REQUIRED","remove active connection after pending-event check","yes","none","none","P1","implement via typed UiAction/ViewModel; add disabled/loading/success/error states"
"BIL_001","Billing Dashboard","Continue","current primary button","WIRED_BUT_WRONG_SEMANTICS","navigate to next registry route","no","none","navigation only","P0","replace with semantic primary action"
"BIL_001","Billing Dashboard","Back","current text button","WIRED_BUT_WRONG_SEMANTICS","navigate to previous registry route","no","none","navigation only","P0","replace with parent/back-stack/cancel behavior"
"BIL_001","Billing Dashboard","Compare plans","primary","PLANNED_REQUIRED","open Compare Plans","no","none","none","P1","implement via typed UiAction/ViewModel; add disabled/loading/success/error states"
"BIL_001","Billing Dashboard","Manage subscription","secondary","PLANNED_REQUIRED","platform management handoff","no","none","none","P1","implement via typed UiAction/ViewModel; add disabled/loading/success/error states"
"BIL_001","Billing Dashboard","Restore purchase","secondary","PLANNED_REQUIRED","open Restore Purchase","no","none","none","P1","implement via typed UiAction/ViewModel; add disabled/loading/success/error states"
"BIL_002","Current Plan","Continue","current primary button","WIRED_BUT_WRONG_SEMANTICS","navigate to next registry route","no","none","navigation only","P0","replace with semantic primary action"
"BIL_002","Current Plan","Back","current text button","WIRED_BUT_WRONG_SEMANTICS","navigate to previous registry route","no","none","navigation only","P0","replace with parent/back-stack/cancel behavior"
"BIL_002","Current Plan","Compare plans","primary","PLANNED_REQUIRED","open Compare Plans","no","none","none","P1","implement via typed UiAction/ViewModel; add disabled/loading/success/error states"
"BIL_002","Current Plan","Manage subscription","secondary","PLANNED_REQUIRED","platform management handoff","no","none","none","P1","implement via typed UiAction/ViewModel; add disabled/loading/success/error states"
"BIL_002","Current Plan","Restore purchase","secondary","PLANNED_REQUIRED","open Restore Purchase","no","none","none","P1","implement via typed UiAction/ViewModel; add disabled/loading/success/error states"
"BIL_003","Compare Plans","Continue","current primary button","WIRED_BUT_WRONG_SEMANTICS","navigate to next registry route","no","none","navigation only","P0","replace with semantic primary action"
"BIL_003","Compare Plans","Back","current text button","WIRED_BUT_WRONG_SEMANTICS","navigate to previous registry route","no","none","navigation only","P0","replace with parent/back-stack/cancel behavior"
"BIL_003","Compare Plans","Choose plan","option","PLANNED_REQUIRED","open Plan Detail","no","none","none","P1","implement via typed UiAction/ViewModel; add disabled/loading/success/error states"
"BIL_004","Plan Detail","Continue","current primary button","WIRED_BUT_WRONG_SEMANTICS","navigate to next registry route","no","none","navigation only","P0","replace with semantic primary action"
"BIL_004","Plan Detail","Back","current text button","WIRED_BUT_WRONG_SEMANTICS","navigate to previous registry route","no","none","navigation only","P0","replace with parent/back-stack/cancel behavior"
"BIL_004","Plan Detail","Upgrade/Change","primary","PLANNED_REQUIRED","open Purchase Confirmation","no","none","none","P1","implement via typed UiAction/ViewModel; add disabled/loading/success/error states"
"BIL_005","Purchase Confirmation","Continue","current primary button","WIRED_BUT_WRONG_SEMANTICS","navigate to next registry route","no","none","navigation only","P0","replace with semantic primary action"
"BIL_005","Purchase Confirmation","Back","current text button","WIRED_BUT_WRONG_SEMANTICS","navigate to previous registry route","no","none","navigation only","P0","replace with parent/back-stack/cancel behavior"
"BIL_005","Purchase Confirmation","Confirm purchase","primary","PLANNED_REQUIRED","invoke platform purchase sheet","yes","none","none","P1","implement via typed UiAction/ViewModel; add disabled/loading/success/error states"
"BIL_006","Purchase Processing","Continue","current primary button","WIRED_BUT_WRONG_SEMANTICS","navigate to next registry route","no","none","navigation only","P0","replace with semantic primary action"
"BIL_006","Purchase Processing","Back","current text button","WIRED_BUT_WRONG_SEMANTICS","navigate to previous registry route","no","none","navigation only","P0","replace with parent/back-stack/cancel behavior"
"BIL_006","Purchase Processing","Leave safely","text","PLANNED_REQUIRED","preserve pending purchase state","no","none","none","P1","implement via typed UiAction/ViewModel; add disabled/loading/success/error states"
"BIL_007","Purchase Result","Continue","current primary button","WIRED_BUT_WRONG_SEMANTICS","navigate to next registry route","no","none","navigation only","P0","replace with semantic primary action"
"BIL_007","Purchase Result","Back","current text button","WIRED_BUT_WRONG_SEMANTICS","navigate to previous registry route","no","none","navigation only","P0","replace with parent/back-stack/cancel behavior"
"BIL_007","Purchase Result","Continue/Retry","primary","PLANNED_REQUIRED","refresh entitlement or retry","no","none","none","P1","implement via typed UiAction/ViewModel; add disabled/loading/success/error states"
"BIL_008","Restore Purchase","Continue","current primary button","WIRED_BUT_WRONG_SEMANTICS","navigate to next registry route","no","none","navigation only","P0","replace with semantic primary action"
"BIL_008","Restore Purchase","Back","current text button","WIRED_BUT_WRONG_SEMANTICS","navigate to previous registry route","no","none","navigation only","P0","replace with parent/back-stack/cancel behavior"
"BIL_008","Restore Purchase","Restore","primary","PLANNED_REQUIRED","query platform purchases and verify entitlement","no","none","none","P1","implement via typed UiAction/ViewModel; add disabled/loading/success/error states"
"WAR_001","Wear Today","Continue","current primary button","WIRED_BUT_WRONG_SEMANTICS","navigate to next registry route","no","none","navigation only","P0","replace with semantic primary action"
"WAR_001","Wear Today","Back","current text button","WIRED_BUT_WRONG_SEMANTICS","navigate to previous registry route","no","none","navigation only","P0","replace with parent/back-stack/cancel behavior"
"WAR_001","Wear Today","Start workout","primary","PLANNED_REQUIRED","open Wear Workout Preview","no","none","none","P1","implement via typed UiAction/ViewModel; add disabled/loading/success/error states"
"WAR_001","Wear Today","Readiness","row","PLANNED_REQUIRED","open Wear Readiness","no","none","none","P1","implement via typed UiAction/ViewModel; add disabled/loading/success/error states"
"WAR_002","Wear Readiness","Continue","current primary button","WIRED_BUT_WRONG_SEMANTICS","navigate to next registry route","no","none","navigation only","P0","replace with semantic primary action"
"WAR_002","Wear Readiness","Back","current text button","WIRED_BUT_WRONG_SEMANTICS","navigate to previous registry route","no","none","navigation only","P0","replace with parent/back-stack/cancel behavior"
"WAR_002","Wear Readiness","Continue","primary","PLANNED_REQUIRED","return Today/workout with readiness","no","none","none","P1","implement via typed UiAction/ViewModel; add disabled/loading/success/error states"
"WAR_003","Wear Workout Preview","Continue","current primary button","WIRED_BUT_WRONG_SEMANTICS","navigate to next registry route","no","none","navigation only","P0","replace with semantic primary action"
"WAR_003","Wear Workout Preview","Back","current text button","WIRED_BUT_WRONG_SEMANTICS","navigate to previous registry route","no","none","navigation only","P0","replace with parent/back-stack/cancel behavior"
"WAR_003","Wear Workout Preview","Start","primary","PLANNED_REQUIRED","activate cached workout","no","none","none","P1","implement via typed UiAction/ViewModel; add disabled/loading/success/error states"
"WAR_004","Wear Active Exercise","Continue","current primary button","WIRED_BUT_WRONG_SEMANTICS","navigate to next registry route","no","none","navigation only","P0","replace with semantic primary action"
"WAR_004","Wear Active Exercise","Back","current text button","WIRED_BUT_WRONG_SEMANTICS","navigate to previous registry route","no","none","navigation only","P0","replace with parent/back-stack/cancel behavior"
"WAR_004","Wear Active Exercise","Log set","primary","PLANNED_REQUIRED","open Wear Set Input","no","none","none","P1","implement via typed UiAction/ViewModel; add disabled/loading/success/error states"
"WAR_004","Wear Active Exercise","Substitute","secondary","PLANNED_REQUIRED","open approved alternatives","no","none","none","P1","implement via typed UiAction/ViewModel; add disabled/loading/success/error states"
"WAR_004","Wear Active Exercise","Pause","secondary","PLANNED_REQUIRED","pause session","no","none","none","P1","implement via typed UiAction/ViewModel; add disabled/loading/success/error states"
"WAR_005","Wear Set Input","Continue","current primary button","WIRED_BUT_WRONG_SEMANTICS","navigate to next registry route","no","none","navigation only","P0","replace with semantic primary action"
"WAR_005","Wear Set Input","Back","current text button","WIRED_BUT_WRONG_SEMANTICS","navigate to previous registry route","no","none","navigation only","P0","replace with parent/back-stack/cancel behavior"
"WAR_005","Wear Set Input","Complete set","primary","PLANNED_REQUIRED","write performed facts locally","no","none","none","P1","implement via typed UiAction/ViewModel; add disabled/loading/success/error states"
"WAR_006","Wear Complete Set","Continue","current primary button","WIRED_BUT_WRONG_SEMANTICS","navigate to next registry route","no","none","navigation only","P0","replace with semantic primary action"
"WAR_006","Wear Complete Set","Back","current text button","WIRED_BUT_WRONG_SEMANTICS","navigate to previous registry route","no","none","navigation only","P0","replace with parent/back-stack/cancel behavior"
"WAR_006","Wear Complete Set","Rest","primary","PLANNED_REQUIRED","open Rest Timer","no","none","none","P1","implement via typed UiAction/ViewModel; add disabled/loading/success/error states"
"WAR_007","Wear Rest Timer","Continue","current primary button","WIRED_BUT_WRONG_SEMANTICS","navigate to next registry route","no","none","navigation only","P0","replace with semantic primary action"
"WAR_007","Wear Rest Timer","Back","current text button","WIRED_BUT_WRONG_SEMANTICS","navigate to previous registry route","no","none","navigation only","P0","replace with parent/back-stack/cancel behavior"
"WAR_007","Wear Rest Timer","Extend","secondary","PLANNED_REQUIRED","extend rest","no","none","none","P1","implement via typed UiAction/ViewModel; add disabled/loading/success/error states"
"WAR_007","Wear Rest Timer","Skip","secondary","PLANNED_REQUIRED","finish rest","no","none","none","P1","implement via typed UiAction/ViewModel; add disabled/loading/success/error states"
"WAR_008","Wear Substitute","Continue","current primary button","WIRED_BUT_WRONG_SEMANTICS","navigate to next registry route","no","none","navigation only","P0","replace with semantic primary action"
"WAR_008","Wear Substitute","Back","current text button","WIRED_BUT_WRONG_SEMANTICS","navigate to previous registry route","no","none","navigation only","P0","replace with parent/back-stack/cancel behavior"
"WAR_008","Wear Substitute","Choose substitute","option","PLANNED_REQUIRED","swap to cached approved alternative","no","none","none","P1","implement via typed UiAction/ViewModel; add disabled/loading/success/error states"
"WAR_009","Wear Pause","Continue","current primary button","WIRED_BUT_WRONG_SEMANTICS","navigate to next registry route","no","none","navigation only","P0","replace with semantic primary action"
"WAR_009","Wear Pause","Back","current text button","WIRED_BUT_WRONG_SEMANTICS","navigate to previous registry route","no","none","navigation only","P0","replace with parent/back-stack/cancel behavior"
"WAR_009","Wear Pause","Resume","primary","PLANNED_REQUIRED","resume active workout","no","none","none","P1","implement via typed UiAction/ViewModel; add disabled/loading/success/error states"
"WAR_010","Wear Finish","Continue","current primary button","WIRED_BUT_WRONG_SEMANTICS","navigate to next registry route","no","none","navigation only","P0","replace with semantic primary action"
"WAR_010","Wear Finish","Back","current text button","WIRED_BUT_WRONG_SEMANTICS","navigate to previous registry route","no","none","navigation only","P0","replace with parent/back-stack/cancel behavior"
"WAR_010","Wear Finish","Finish","primary","PLANNED_REQUIRED","close workout and queue sync","yes","none","none","P1","implement via typed UiAction/ViewModel; add disabled/loading/success/error states"
"WAR_011","Wear Summary","Continue","current primary button","WIRED_BUT_WRONG_SEMANTICS","navigate to next registry route","no","none","navigation only","P0","replace with semantic primary action"
"WAR_011","Wear Summary","Back","current text button","WIRED_BUT_WRONG_SEMANTICS","navigate to previous registry route","no","none","navigation only","P0","replace with parent/back-stack/cancel behavior"
"WAR_011","Wear Summary","Done","primary","PLANNED_REQUIRED","return Wear Today","no","none","none","P1","implement via typed UiAction/ViewModel; add disabled/loading/success/error states"
"WAR_012","Wear Sync Pending","Continue","current primary button","WIRED_BUT_WRONG_SEMANTICS","navigate to next registry route","no","none","navigation only","P0","replace with semantic primary action"
"WAR_012","Wear Sync Pending","Back","current text button","WIRED_BUT_WRONG_SEMANTICS","navigate to previous registry route","no","none","navigation only","P0","replace with parent/back-stack/cancel behavior"
"WAR_012","Wear Sync Pending","Retry sync","primary","PLANNED_REQUIRED","retry phone acknowledgment without duplicating events","no","none","none","P1","implement via typed UiAction/ViewModel; add disabled/loading/success/error states"
"SYS_001","System Loading","Continue","current primary button","WIRED_BUT_WRONG_SEMANTICS","navigate to next registry route","no","none","navigation only","P0","replace with semantic primary action"
"SYS_001","System Loading","Back","current text button","WIRED_BUT_WRONG_SEMANTICS","navigate to previous registry route","no","none","navigation only","P0","replace with parent/back-stack/cancel behavior"
"SYS_001","System Loading","Cancel if safe","secondary","PLANNED_REQUIRED","leave only if operation is resumable","no","none","none","P0","implement via typed UiAction/ViewModel; add disabled/loading/success/error states"
"SYS_002","System Empty","Continue","current primary button","WIRED_BUT_WRONG_SEMANTICS","navigate to next registry route","no","none","navigation only","P0","replace with semantic primary action"
"SYS_002","System Empty","Back","current text button","WIRED_BUT_WRONG_SEMANTICS","navigate to previous registry route","no","none","navigation only","P0","replace with parent/back-stack/cancel behavior"
"SYS_002","System Empty","Create/Add","primary","PLANNED_REQUIRED","open first-item flow","no","none","none","P0","implement via typed UiAction/ViewModel; add disabled/loading/success/error states"
"SYS_003","System Unknown","Continue","current primary button","WIRED_BUT_WRONG_SEMANTICS","navigate to next registry route","no","none","navigation only","P0","replace with semantic primary action"
"SYS_003","System Unknown","Back","current text button","WIRED_BUT_WRONG_SEMANTICS","navigate to previous registry route","no","none","navigation only","P0","replace with parent/back-stack/cancel behavior"
"SYS_003","System Unknown","Refresh/Source detail","primary","PLANNED_REQUIRED","refresh or explain unavailable data","no","none","none","P0","implement via typed UiAction/ViewModel; add disabled/loading/success/error states"
"SYS_004","System Partial Data","Continue","current primary button","WIRED_BUT_WRONG_SEMANTICS","navigate to next registry route","no","none","navigation only","P0","replace with semantic primary action"
"SYS_004","System Partial Data","Back","current text button","WIRED_BUT_WRONG_SEMANTICS","navigate to previous registry route","no","none","navigation only","P0","replace with parent/back-stack/cancel behavior"
"SYS_004","System Partial Data","Refresh/Source detail","primary","PLANNED_REQUIRED","refresh or explain unavailable data","no","none","none","P0","implement via typed UiAction/ViewModel; add disabled/loading/success/error states"
"SYS_005","System Offline","Continue","current primary button","WIRED_BUT_WRONG_SEMANTICS","navigate to next registry route","no","none","navigation only","P0","replace with semantic primary action"
"SYS_005","System Offline","Back","current text button","WIRED_BUT_WRONG_SEMANTICS","navigate to previous registry route","no","none","navigation only","P0","replace with parent/back-stack/cancel behavior"
"SYS_005","System Offline","Retry","primary","PLANNED_REQUIRED","recheck connection and pending work","no","none","none","P0","implement via typed UiAction/ViewModel; add disabled/loading/success/error states"
"SYS_006","System Saved Offline","Continue","current primary button","WIRED_BUT_WRONG_SEMANTICS","navigate to next registry route","no","none","navigation only","P0","replace with semantic primary action"
"SYS_006","System Saved Offline","Back","current text button","WIRED_BUT_WRONG_SEMANTICS","navigate to previous registry route","no","none","navigation only","P0","replace with parent/back-stack/cancel behavior"
"SYS_006","System Saved Offline","Retry","primary","PLANNED_REQUIRED","recheck connection and pending work","no","none","none","P0","implement via typed UiAction/ViewModel; add disabled/loading/success/error states"
"SYS_007","System Stale","Continue","current primary button","WIRED_BUT_WRONG_SEMANTICS","navigate to next registry route","no","none","navigation only","P0","replace with semantic primary action"
"SYS_007","System Stale","Back","current text button","WIRED_BUT_WRONG_SEMANTICS","navigate to previous registry route","no","none","navigation only","P0","replace with parent/back-stack/cancel behavior"
"SYS_007","System Stale","Refresh/Source detail","primary","PLANNED_REQUIRED","refresh or explain unavailable data","no","none","none","P0","implement via typed UiAction/ViewModel; add disabled/loading/success/error states"
"SYS_008","Retryable Error","Continue","current primary button","WIRED_BUT_WRONG_SEMANTICS","navigate to next registry route","no","none","navigation only","P0","replace with semantic primary action"
"SYS_008","Retryable Error","Back","current text button","WIRED_BUT_WRONG_SEMANTICS","navigate to previous registry route","no","none","navigation only","P0","replace with parent/back-stack/cancel behavior"
"SYS_008","Retryable Error","Retry","primary","PLANNED_REQUIRED","retry operation","no","none","none","P0","implement via typed UiAction/ViewModel; add disabled/loading/success/error states"
"SYS_009","Unavailable State","Continue","current primary button","WIRED_BUT_WRONG_SEMANTICS","navigate to next registry route","no","none","navigation only","P0","replace with semantic primary action"
"SYS_009","Unavailable State","Back","current text button","WIRED_BUT_WRONG_SEMANTICS","navigate to previous registry route","no","none","navigation only","P0","replace with parent/back-stack/cancel behavior"
"SYS_009","Unavailable State","Retry","primary","PLANNED_REQUIRED","retry operation","no","none","none","P0","implement via typed UiAction/ViewModel; add disabled/loading/success/error states"
"SYS_010","Permission Required","Continue","current primary button","WIRED_BUT_WRONG_SEMANTICS","navigate to next registry route","no","none","navigation only","P0","replace with semantic primary action"
"SYS_010","Permission Required","Back","current text button","WIRED_BUT_WRONG_SEMANTICS","navigate to previous registry route","no","none","navigation only","P0","replace with parent/back-stack/cancel behavior"
"SYS_010","Permission Required","Continue to permission","primary","PLANNED_REQUIRED","launch point-of-use permission request","no","none","none","P0","implement via typed UiAction/ViewModel; add disabled/loading/success/error states"
"SYS_011","Permission Denied","Continue","current primary button","WIRED_BUT_WRONG_SEMANTICS","navigate to next registry route","no","none","navigation only","P0","replace with semantic primary action"
"SYS_011","Permission Denied","Back","current text button","WIRED_BUT_WRONG_SEMANTICS","navigate to previous registry route","no","none","navigation only","P0","replace with parent/back-stack/cancel behavior"
"SYS_011","Permission Denied","Open settings","primary","PLANNED_REQUIRED","open app/system settings","no","none","none","P0","implement via typed UiAction/ViewModel; add disabled/loading/success/error states"
"SYS_012","Unsaved Changes","Continue","current primary button","WIRED_BUT_WRONG_SEMANTICS","navigate to next registry route","no","none","navigation only","P0","replace with semantic primary action"
"SYS_012","Unsaved Changes","Back","current text button","WIRED_BUT_WRONG_SEMANTICS","navigate to previous registry route","no","none","navigation only","P0","replace with parent/back-stack/cancel behavior"
"SYS_012","Unsaved Changes","Keep editing","primary","PLANNED_REQUIRED","return to draft","no","none","none","P0","implement via typed UiAction/ViewModel; add disabled/loading/success/error states"
"SYS_012","Unsaved Changes","Discard","destructive","PLANNED_REQUIRED","discard draft","yes","none","none","P0","implement via typed UiAction/ViewModel; add disabled/loading/success/error states"
"SYS_013","Destructive Confirmation","Continue","current primary button","WIRED_BUT_WRONG_SEMANTICS","navigate to next registry route","no","none","navigation only","P0","replace with semantic primary action"
"SYS_013","Destructive Confirmation","Back","current text button","WIRED_BUT_WRONG_SEMANTICS","navigate to previous registry route","no","none","navigation only","P0","replace with parent/back-stack/cancel behavior"
"SYS_013","Destructive Confirmation","Confirm","destructive","PLANNED_REQUIRED","perform requested destructive action","yes","none","none","P0","implement via typed UiAction/ViewModel; add disabled/loading/success/error states"
"SYS_014","Success State","Continue","current primary button","WIRED_BUT_WRONG_SEMANTICS","navigate to next registry route","no","none","navigation only","P0","replace with semantic primary action"
"SYS_014","Success State","Back","current text button","WIRED_BUT_WRONG_SEMANTICS","navigate to previous registry route","no","none","navigation only","P0","replace with parent/back-stack/cancel behavior"
"SYS_014","Success State","Done","primary","PLANNED_REQUIRED","return to success destination","no","none","none","P0","implement via typed UiAction/ViewModel; add disabled/loading/success/error states"
"SYS_015","Syncing","Continue","current primary button","WIRED_BUT_WRONG_SEMANTICS","navigate to next registry route","no","none","navigation only","P0","replace with semantic primary action"
"SYS_015","Syncing","Back","current text button","WIRED_BUT_WRONG_SEMANTICS","navigate to previous registry route","no","none","navigation only","P0","replace with parent/back-stack/cancel behavior"
"SYS_015","Syncing","Retry/Leave safely","primary","PLANNED_REQUIRED","preserve local data while sync resolves","no","none","none","P0","implement via typed UiAction/ViewModel; add disabled/loading/success/error states"
"SYS_016","Sync Pending","Continue","current primary button","WIRED_BUT_WRONG_SEMANTICS","navigate to next registry route","no","none","navigation only","P0","replace with semantic primary action"
"SYS_016","Sync Pending","Back","current text button","WIRED_BUT_WRONG_SEMANTICS","navigate to previous registry route","no","none","navigation only","P0","replace with parent/back-stack/cancel behavior"
"SYS_016","Sync Pending","Retry/Leave safely","primary","PLANNED_REQUIRED","preserve local data while sync resolves","no","none","none","P0","implement via typed UiAction/ViewModel; add disabled/loading/success/error states"
"SYS_017","Sync Failed","Continue","current primary button","WIRED_BUT_WRONG_SEMANTICS","navigate to next registry route","no","none","navigation only","P0","replace with semantic primary action"
"SYS_017","Sync Failed","Back","current text button","WIRED_BUT_WRONG_SEMANTICS","navigate to previous registry route","no","none","navigation only","P0","replace with parent/back-stack/cancel behavior"
"SYS_017","Sync Failed","Retry/Leave safely","primary","PLANNED_REQUIRED","preserve local data while sync resolves","no","none","none","P0","implement via typed UiAction/ViewModel; add disabled/loading/success/error states"
"SYS_018","Conflict Review","Continue","current primary button","WIRED_BUT_WRONG_SEMANTICS","navigate to next registry route","no","none","navigation only","P0","replace with semantic primary action"
"SYS_018","Conflict Review","Back","current text button","WIRED_BUT_WRONG_SEMANTICS","navigate to previous registry route","no","none","navigation only","P0","replace with parent/back-stack/cancel behavior"
"SYS_018","Conflict Review","Review versions","primary","PLANNED_REQUIRED","open conflict resolution","no","none","none","P0","implement via typed UiAction/ViewModel; add disabled/loading/success/error states"
"SYS_019","Interrupted Flow","Continue","current primary button","WIRED_BUT_WRONG_SEMANTICS","navigate to next registry route","no","none","navigation only","P0","replace with semantic primary action"
"SYS_019","Interrupted Flow","Back","current text button","WIRED_BUT_WRONG_SEMANTICS","navigate to previous registry route","no","none","navigation only","P0","replace with parent/back-stack/cancel behavior"
"SYS_019","Interrupted Flow","Resume","primary","PLANNED_REQUIRED","restore draft/session","no","none","none","P0","implement via typed UiAction/ViewModel; add disabled/loading/success/error states"
"SYS_019","Interrupted Flow","Discard","destructive","PLANNED_REQUIRED","discard interrupted state","yes","none","none","P0","implement via typed UiAction/ViewModel; add disabled/loading/success/error states"
"SYS_020","Restored Flow","Continue","current primary button","WIRED_BUT_WRONG_SEMANTICS","navigate to next registry route","no","none","navigation only","P0","replace with semantic primary action"
"SYS_020","Restored Flow","Back","current text button","WIRED_BUT_WRONG_SEMANTICS","navigate to previous registry route","no","none","navigation only","P0","replace with parent/back-stack/cancel behavior"
"SYS_020","Restored Flow","Continue","primary","PLANNED_REQUIRED","resume restored flow","no","none","none","P0","implement via typed UiAction/ViewModel; add disabled/loading/success/error states"