"screen_id","family","title","current_functional_controls","current_status","planned_controls","input_controls","output_controls","sensor_dependencies","permission_gates","data_reads","data_writes","algorithm_ai_dependencies","required_states","planned_click_results","conflicts","priority","implementation_plan"
"AUTH_001","AUTH","Secure Restore","WIRED: Continue -> next registry route; Back -> previous registry route","PARTIAL_PROTOTYPE","Retry restore | Sign in instead","","account/session status","","","account;session","account;session","auth/session restore","default","Retry restore => rerun secure session restore | Sign in instead => open Sign In","CURRENT: generic Continue/Back wiring is registry-sequential, not product-semantic | CURRENT: internal cards/fields/options are mostly presentation-only until callbacks/state are added","P0","Replace sequential scaffold routing with typed screen actions/ViewModel state; convert visual controls to real Compose inputs/click targets; add repository/use-case calls; add loading/error/offline/idempotency tests."
"AUTH_002","AUTH","Sign In","WIRED: Continue -> next registry route; Back -> previous registry route","PARTIAL_PROTOTYPE","Sign in | Forgot password | Create account","email | password","account/session status","","","account;session","account;session","auth/session restore","default","Sign in => validate credentials then open onboarding or Today | Forgot password => open Forgot Password | Create account => open Create Account","CURRENT: generic Continue/Back wiring is registry-sequential, not product-semantic | CURRENT: internal cards/fields/options are mostly presentation-only until callbacks/state are added","P0","Replace sequential scaffold routing with typed screen actions/ViewModel state; convert visual controls to real Compose inputs/click targets; add repository/use-case calls; add loading/error/offline/idempotency tests."
"AUTH_003","AUTH","Create Account","WIRED: Continue -> next registry route; Back -> previous registry route","PARTIAL_PROTOTYPE","Create account | Sign in | Terms | Privacy","email | password | display name | terms/privacy acceptance","account/session status","","","account;session","account;session","auth/session restore","default","Create account => create account then Verify Email | Sign in => open Sign In | Terms => open Terms | Privacy => open Privacy","CURRENT: generic Continue/Back wiring is registry-sequential, not product-semantic | CURRENT: internal cards/fields/options are mostly presentation-only until callbacks/state are added","P0","Replace sequential scaffold routing with typed screen actions/ViewModel state; convert visual controls to real Compose inputs/click targets; add repository/use-case calls; add loading/error/offline/idempotency tests."
"AUTH_004","AUTH","Verify Email","WIRED: Continue -> next registry route; Back -> previous registry route","PARTIAL_PROTOTYPE","I've verified | Resend","","account/session status","","","account;session","account;session","auth/session restore","default","I've verified => refresh verification then continue | Resend => request new verification email","CURRENT: generic Continue/Back wiring is registry-sequential, not product-semantic | CURRENT: internal cards/fields/options are mostly presentation-only until callbacks/state are added","P0","Replace sequential scaffold routing with typed screen actions/ViewModel state; convert visual controls to real Compose inputs/click targets; add repository/use-case calls; add loading/error/offline/idempotency tests."
"AUTH_005","AUTH","Resend Verification","WIRED: Continue -> next registry route; Back -> previous registry route","PARTIAL_PROTOTYPE","Resend verification","","account/session status","","","account;session","account;session","auth/session restore","default","Resend verification => request email","CURRENT: generic Continue/Back wiring is registry-sequential, not product-semantic | CURRENT: internal cards/fields/options are mostly presentation-only until callbacks/state are added","P0","Replace sequential scaffold routing with typed screen actions/ViewModel state; convert visual controls to real Compose inputs/click targets; add repository/use-case calls; add loading/error/offline/idempotency tests."
"AUTH_006","AUTH","Verification Success","WIRED: Continue -> next registry route; Back -> previous registry route","PARTIAL_PROTOTYPE","Continue","","account/session status","","","account;session","account;session","auth/session restore","default","Continue => open onboarding/Today","CURRENT: generic Continue/Back wiring is registry-sequential, not product-semantic | CURRENT: internal cards/fields/options are mostly presentation-only until callbacks/state are added","P0","Replace sequential scaffold routing with typed screen actions/ViewModel state; convert visual controls to real Compose inputs/click targets; add repository/use-case calls; add loading/error/offline/idempotency tests."
"AUTH_007","AUTH","Verification Expired","WIRED: Continue -> next registry route; Back -> previous registry route","PARTIAL_PROTOTYPE","Resend link","","account/session status | recovery/error state","","","account;session","account;session","auth/session restore","default | error/retry","Resend link => create fresh verification/reset request","CURRENT: generic Continue/Back wiring is registry-sequential, not product-semantic | CURRENT: internal cards/fields/options are mostly presentation-only until callbacks/state are added","P0","Replace sequential scaffold routing with typed screen actions/ViewModel state; convert visual controls to real Compose inputs/click targets; add repository/use-case calls; add loading/error/offline/idempotency tests."
"AUTH_008","AUTH","Forgot Password","WIRED: Continue -> next registry route; Back -> previous registry route","PARTIAL_PROTOTYPE","Send reset link","email","account/session status","","","account;session","account;session","auth/session restore","default","Send reset link => request password reset","CURRENT: generic Continue/Back wiring is registry-sequential, not product-semantic | CURRENT: internal cards/fields/options are mostly presentation-only until callbacks/state are added","P0","Replace sequential scaffold routing with typed screen actions/ViewModel state; convert visual controls to real Compose inputs/click targets; add repository/use-case calls; add loading/error/offline/idempotency tests."
"AUTH_009","AUTH","Reset Password","WIRED: Continue -> next registry route; Back -> previous registry route","PARTIAL_PROTOTYPE","Save new password","new password | confirm password","account/session status","","","account;session","account;session","auth/session restore","default","Save new password => update password then success","CURRENT: generic Continue/Back wiring is registry-sequential, not product-semantic | CURRENT: internal cards/fields/options are mostly presentation-only until callbacks/state are added","P0","Replace sequential scaffold routing with typed screen actions/ViewModel state; convert visual controls to real Compose inputs/click targets; add repository/use-case calls; add loading/error/offline/idempotency tests."
"AUTH_010","AUTH","Password Reset Success","WIRED: Continue -> next registry route; Back -> previous registry route","PARTIAL_PROTOTYPE","Sign in","","account/session status","","","account;session","account;session","auth/session restore","default","Sign in => open Sign In","CURRENT: generic Continue/Back wiring is registry-sequential, not product-semantic | CURRENT: internal cards/fields/options are mostly presentation-only until callbacks/state are added","P0","Replace sequential scaffold routing with typed screen actions/ViewModel state; convert visual controls to real Compose inputs/click targets; add repository/use-case calls; add loading/error/offline/idempotency tests."
"AUTH_011","AUTH","Offline Account State","WIRED: Continue -> next registry route; Back -> previous registry route","PARTIAL_PROTOTYPE","Retry | Sign in","","account/session status | recovery/error state","","","account;session","account;session","auth/session restore","default | offline","Retry => retry account/session operation | Sign in => open Sign In","CURRENT: generic Continue/Back wiring is registry-sequential, not product-semantic | CURRENT: internal cards/fields/options are mostly presentation-only until callbacks/state are added","P0","Replace sequential scaffold routing with typed screen actions/ViewModel state; convert visual controls to real Compose inputs/click targets; add repository/use-case calls; add loading/error/offline/idempotency tests."
"AUTH_012","AUTH","Session Expired","WIRED: Continue -> next registry route; Back -> previous registry route","PARTIAL_PROTOTYPE","Resend link","","account/session status | recovery/error state","","","account;session","account;session","auth/session restore","default | error/retry","Resend link => create fresh verification/reset request","CURRENT: generic Continue/Back wiring is registry-sequential, not product-semantic | CURRENT: internal cards/fields/options are mostly presentation-only until callbacks/state are added","P0","Replace sequential scaffold routing with typed screen actions/ViewModel state; convert visual controls to real Compose inputs/click targets; add repository/use-case calls; add loading/error/offline/idempotency tests."
"ONB_001","ONB","Welcome","WIRED: Continue -> next registry route; Back -> previous registry route","PARTIAL_PROTOTYPE","Continue | Back","","onboarding progress | target review","","","profile draft;policy eligibility","profile;preferences;target draft","target calculation;eligibility rules","default","Continue => validate/save current step then open next onboarding step | Back => open prior onboarding step without losing draft","CURRENT: generic Continue/Back wiring is registry-sequential, not product-semantic | CURRENT: internal cards/fields/options are mostly presentation-only until callbacks/state are added","P0","Replace sequential scaffold routing with typed screen actions/ViewModel state; convert visual controls to real Compose inputs/click targets; add repository/use-case calls; add loading/error/offline/idempotency tests."
"ONB_002","ONB","Setup Choice","WIRED: Continue -> next registry route; Back -> previous registry route","PARTIAL_PROTOTYPE","Continue | Back | Finish later","","onboarding progress | target review","","","profile draft;policy eligibility","profile;preferences;target draft","target calculation;eligibility rules","default","Continue => validate/save current step then open next onboarding step | Back => open prior onboarding step without losing draft | Finish later => save deferred personalization then enter Today","CURRENT: generic Continue/Back wiring is registry-sequential, not product-semantic | CURRENT: internal cards/fields/options are mostly presentation-only until callbacks/state are added","P0","Replace sequential scaffold routing with typed screen actions/ViewModel state; convert visual controls to real Compose inputs/click targets; add repository/use-case calls; add loading/error/offline/idempotency tests."
"ONB_003","ONB","Name","WIRED: Continue -> next registry route; Back -> previous registry route","PARTIAL_PROTOTYPE","Continue | Back","name","onboarding progress | target review","","","profile draft;policy eligibility","profile;preferences;target draft","target calculation;eligibility rules","default","Continue => validate/save current step then open next onboarding step | Back => open prior onboarding step without losing draft","CURRENT: generic Continue/Back wiring is registry-sequential, not product-semantic | CURRENT: internal cards/fields/options are mostly presentation-only until callbacks/state are added","P0","Replace sequential scaffold routing with typed screen actions/ViewModel state; convert visual controls to real Compose inputs/click targets; add repository/use-case calls; add loading/error/offline/idempotency tests."
"ONB_004","ONB","Date of Birth","WIRED: Continue -> next registry route; Back -> previous registry route","PARTIAL_PROTOTYPE","Continue | Back","date of birth","onboarding progress | target review","","","profile draft;policy eligibility","profile;preferences;target draft","target calculation;eligibility rules","default","Continue => validate/save current step then open next onboarding step | Back => open prior onboarding step without losing draft","CURRENT: generic Continue/Back wiring is registry-sequential, not product-semantic | CURRENT: internal cards/fields/options are mostly presentation-only until callbacks/state are added","P0","Replace sequential scaffold routing with typed screen actions/ViewModel state; convert visual controls to real Compose inputs/click targets; add repository/use-case calls; add loading/error/offline/idempotency tests."
"ONB_005","ONB","Country Language Timezone","WIRED: Continue -> next registry route; Back -> previous registry route","PARTIAL_PROTOTYPE","Continue | Back","country | language | timezone","onboarding progress | target review","","","profile draft;policy eligibility","profile;preferences;target draft","target calculation;eligibility rules","default","Continue => validate/save current step then open next onboarding step | Back => open prior onboarding step without losing draft","CURRENT: generic Continue/Back wiring is registry-sequential, not product-semantic | CURRENT: internal cards/fields/options are mostly presentation-only until callbacks/state are added","P0","Replace sequential scaffold routing with typed screen actions/ViewModel state; convert visual controls to real Compose inputs/click targets; add repository/use-case calls; add loading/error/offline/idempotency tests."
"ONB_006","ONB","Units","WIRED: Continue -> next registry route; Back -> previous registry route","PARTIAL_PROTOTYPE","Continue | Back","unit system choice","onboarding progress | target review","","","profile draft;policy eligibility","profile;preferences;target draft","target calculation;eligibility rules","default","Continue => validate/save current step then open next onboarding step | Back => open prior onboarding step without losing draft","CURRENT: generic Continue/Back wiring is registry-sequential, not product-semantic | CURRENT: internal cards/fields/options are mostly presentation-only until callbacks/state are added","P0","Replace sequential scaffold routing with typed screen actions/ViewModel state; convert visual controls to real Compose inputs/click targets; add repository/use-case calls; add loading/error/offline/idempotency tests."
"ONB_007","ONB","Height","WIRED: Continue -> next registry route; Back -> previous registry route","PARTIAL_PROTOTYPE","Continue | Back","height","onboarding progress | target review","","","profile draft;policy eligibility","profile;preferences;target draft","target calculation;eligibility rules","default","Continue => validate/save current step then open next onboarding step | Back => open prior onboarding step without losing draft","CURRENT: generic Continue/Back wiring is registry-sequential, not product-semantic | CURRENT: internal cards/fields/options are mostly presentation-only until callbacks/state are added","P0","Replace sequential scaffold routing with typed screen actions/ViewModel state; convert visual controls to real Compose inputs/click targets; add repository/use-case calls; add loading/error/offline/idempotency tests."
"ONB_008","ONB","Current Weight","WIRED: Continue -> next registry route; Back -> previous registry route","PARTIAL_PROTOTYPE","Continue | Back","current weight observation","onboarding progress | target review","","","profile draft;policy eligibility","profile;preferences;target draft","target calculation;eligibility rules","default","Continue => validate/save current step then open next onboarding step | Back => open prior onboarding step without losing draft","CURRENT: generic Continue/Back wiring is registry-sequential, not product-semantic | CURRENT: internal cards/fields/options are mostly presentation-only until callbacks/state are added","P0","Replace sequential scaffold routing with typed screen actions/ViewModel state; convert visual controls to real Compose inputs/click targets; add repository/use-case calls; add loading/error/offline/idempotency tests."
"ONB_009","ONB","Energy Estimation Setting","WIRED: Continue -> next registry route; Back -> previous registry route","PARTIAL_PROTOTYPE","Continue | Back","supported equation input/decline","onboarding progress | target review","","","profile draft;policy eligibility","profile;preferences;target draft","target calculation;eligibility rules","default","Continue => validate/save current step then open next onboarding step | Back => open prior onboarding step without losing draft","CURRENT: generic Continue/Back wiring is registry-sequential, not product-semantic | CURRENT: internal cards/fields/options are mostly presentation-only until callbacks/state are added","P0","Replace sequential scaffold routing with typed screen actions/ViewModel state; convert visual controls to real Compose inputs/click targets; add repository/use-case calls; add loading/error/offline/idempotency tests."
"ONB_010","ONB","Daily Activity","WIRED: Continue -> next registry route; Back -> previous registry route","PARTIAL_PROTOTYPE","Continue | Back","activity level","onboarding progress | target review","","","profile draft;policy eligibility","profile;preferences;target draft","target calculation;eligibility rules","default","Continue => validate/save current step then open next onboarding step | Back => open prior onboarding step without losing draft","CURRENT: generic Continue/Back wiring is registry-sequential, not product-semantic | CURRENT: internal cards/fields/options are mostly presentation-only until callbacks/state are added","P0","Replace sequential scaffold routing with typed screen actions/ViewModel state; convert visual controls to real Compose inputs/click targets; add repository/use-case calls; add loading/error/offline/idempotency tests."
"ONB_011","ONB","Optional Body Composition","WIRED: Continue -> next registry route; Back -> previous registry route","PARTIAL_PROTOTYPE","Continue | Back | Skip / Not sure","optional body composition/skip","onboarding progress | target review","","","profile draft;policy eligibility","profile;preferences;target draft","target calculation;eligibility rules","default","Continue => validate/save current step then open next onboarding step | Back => open prior onboarding step without losing draft | Skip / Not sure => save unknown and continue","CURRENT: generic Continue/Back wiring is registry-sequential, not product-semantic | CURRENT: internal cards/fields/options are mostly presentation-only until callbacks/state are added","P0","Replace sequential scaffold routing with typed screen actions/ViewModel state; convert visual controls to real Compose inputs/click targets; add repository/use-case calls; add loading/error/offline/idempotency tests."
"ONB_012","ONB","Primary Goal","WIRED: Continue -> next registry route; Back -> previous registry route","PARTIAL_PROTOTYPE","Continue | Back","goal choice","onboarding progress | target review","","","profile draft;policy eligibility","profile;preferences;target draft","target calculation;eligibility rules","default","Continue => validate/save current step then open next onboarding step | Back => open prior onboarding step without losing draft","CURRENT: generic Continue/Back wiring is registry-sequential, not product-semantic | CURRENT: internal cards/fields/options are mostly presentation-only until callbacks/state are added","P0","Replace sequential scaffold routing with typed screen actions/ViewModel state; convert visual controls to real Compose inputs/click targets; add repository/use-case calls; add loading/error/offline/idempotency tests."
"ONB_013","ONB","Target Context","WIRED: Continue -> next registry route; Back -> previous registry route","PARTIAL_PROTOTYPE","Continue | Back","eligible target context","onboarding progress | target review","","","profile draft;policy eligibility","profile;preferences;target draft","target calculation;eligibility rules","default","Continue => validate/save current step then open next onboarding step | Back => open prior onboarding step without losing draft","CURRENT: generic Continue/Back wiring is registry-sequential, not product-semantic | CURRENT: internal cards/fields/options are mostly presentation-only until callbacks/state are added","P0","Replace sequential scaffold routing with typed screen actions/ViewModel state; convert visual controls to real Compose inputs/click targets; add repository/use-case calls; add loading/error/offline/idempotency tests."
"ONB_014","ONB","Training Frequency","WIRED: Continue -> next registry route; Back -> previous registry route","PARTIAL_PROTOTYPE","Continue | Back","days/week","onboarding progress | target review","","","profile draft;policy eligibility","profile;preferences;target draft","target calculation;eligibility rules","default","Continue => validate/save current step then open next onboarding step | Back => open prior onboarding step without losing draft","CURRENT: generic Continue/Back wiring is registry-sequential, not product-semantic | CURRENT: internal cards/fields/options are mostly presentation-only until callbacks/state are added","P0","Replace sequential scaffold routing with typed screen actions/ViewModel state; convert visual controls to real Compose inputs/click targets; add repository/use-case calls; add loading/error/offline/idempotency tests."
"ONB_015","ONB","Session Duration","WIRED: Continue -> next registry route; Back -> previous registry route","PARTIAL_PROTOTYPE","Continue | Back","session length","onboarding progress | target review","","","profile draft;policy eligibility","profile;preferences;target draft","target calculation;eligibility rules","default","Continue => validate/save current step then open next onboarding step | Back => open prior onboarding step without losing draft","CURRENT: generic Continue/Back wiring is registry-sequential, not product-semantic | CURRENT: internal cards/fields/options are mostly presentation-only until callbacks/state are added","P0","Replace sequential scaffold routing with typed screen actions/ViewModel state; convert visual controls to real Compose inputs/click targets; add repository/use-case calls; add loading/error/offline/idempotency tests."
"ONB_016","ONB","Dietary Preferences","WIRED: Continue -> next registry route; Back -> previous registry route","PARTIAL_PROTOTYPE","Continue | Back","diet preferences","onboarding progress | target review","","","profile draft;policy eligibility","profile;preferences;target draft","target calculation;eligibility rules","default","Continue => validate/save current step then open next onboarding step | Back => open prior onboarding step without losing draft","CURRENT: generic Continue/Back wiring is registry-sequential, not product-semantic | CURRENT: internal cards/fields/options are mostly presentation-only until callbacks/state are added","P0","Replace sequential scaffold routing with typed screen actions/ViewModel state; convert visual controls to real Compose inputs/click targets; add repository/use-case calls; add loading/error/offline/idempotency tests."
"ONB_017","ONB","Allergies and Exclusions","WIRED: Continue -> next registry route; Back -> previous registry route","PARTIAL_PROTOTYPE","Continue | Back","allergies | exclusions | dislikes","onboarding progress | target review","","","profile draft;policy eligibility","profile;preferences;target draft","target calculation;eligibility rules","default","Continue => validate/save current step then open next onboarding step | Back => open prior onboarding step without losing draft","CURRENT: generic Continue/Back wiring is registry-sequential, not product-semantic | CURRENT: internal cards/fields/options are mostly presentation-only until callbacks/state are added","P0","Replace sequential scaffold routing with typed screen actions/ViewModel state; convert visual controls to real Compose inputs/click targets; add repository/use-case calls; add loading/error/offline/idempotency tests."
"ONB_018","ONB","Target Review and Finish","WIRED: Continue -> next registry route; Back -> previous registry route","PARTIAL_PROTOTYPE","Continue | Back | Edit | Confirm targets","","onboarding progress | target review","","","profile draft;policy eligibility","profile;preferences;target draft","target calculation;eligibility rules","default","Continue => validate/save current step then open next onboarding step | Back => open prior onboarding step without losing draft | Edit => return to relevant inputs | Confirm targets => save future target revision then finish","CURRENT: generic Continue/Back wiring is registry-sequential, not product-semantic | CURRENT: internal cards/fields/options are mostly presentation-only until callbacks/state are added","P0","Replace sequential scaffold routing with typed screen actions/ViewModel state; convert visual controls to real Compose inputs/click targets; add repository/use-case calls; add loading/error/offline/idempotency tests."
"TOD_001","TOD","Today Dashboard","WIRED: Continue -> next registry route; Back -> previous registry route","PARTIAL_PROTOTYPE","Log Food | More Nutrition | Next Action | Calendar | Profile | Workout | Meal | Device","","daily status | next action | warnings","","","today aggregate;targets;meals;workout;device freshness","none directly except quick actions","Today next-action ranking","default","Log Food => open Camera/Add Food | More Nutrition => expand/open Nutrition Expanded | Next Action => open prioritized action | Calendar => open global Calendar | Profile => open Profile | Workout => open Today Workout/Train | Meal => open meal detail | Device => open device status","CURRENT: generic Continue/Back wiring is registry-sequential, not product-semantic | CURRENT: internal cards/fields/options are mostly presentation-only until callbacks/state are added","P0","Replace sequential scaffold routing with typed screen actions/ViewModel state; convert visual controls to real Compose inputs/click targets; add repository/use-case calls; add loading/error/offline/idempotency tests."
"TOD_002","TOD","Nutrition Expanded","WIRED: Continue -> next registry route; Back -> previous registry route","PARTIAL_PROTOTYPE","Open detail/action | Back to Today","","daily status | next action | warnings","","","today aggregate;targets;meals;workout;device freshness","none directly except quick actions","Today next-action ranking","default","Open detail/action => open relevant Fuel/Train/Device destination | Back to Today => return Today","CURRENT: generic Continue/Back wiring is registry-sequential, not product-semantic | CURRENT: internal cards/fields/options are mostly presentation-only until callbacks/state are added","P0","Replace sequential scaffold routing with typed screen actions/ViewModel state; convert visual controls to real Compose inputs/click targets; add repository/use-case calls; add loading/error/offline/idempotency tests."
"TOD_003","TOD","Next Action Detail","WIRED: Continue -> next registry route; Back -> previous registry route","PARTIAL_PROTOTYPE","Open detail/action | Back to Today","","daily status | next action | warnings","","","today aggregate;targets;meals;workout;device freshness","none directly except quick actions","Today next-action ranking","default","Open detail/action => open relevant Fuel/Train/Device destination | Back to Today => return Today","CURRENT: generic Continue/Back wiring is registry-sequential, not product-semantic | CURRENT: internal cards/fields/options are mostly presentation-only until callbacks/state are added","P0","Replace sequential scaffold routing with typed screen actions/ViewModel state; convert visual controls to real Compose inputs/click targets; add repository/use-case calls; add loading/error/offline/idempotency tests."
"TOD_004","TOD","Device Status","WIRED: Continue -> next registry route; Back -> previous registry route","PARTIAL_PROTOTYPE","Open detail/action | Back to Today","","daily status | next action | warnings","","","today aggregate;targets;meals;workout;device freshness","none directly except quick actions","Today next-action ranking","default","Open detail/action => open relevant Fuel/Train/Device destination | Back to Today => return Today","CURRENT: generic Continue/Back wiring is registry-sequential, not product-semantic | CURRENT: internal cards/fields/options are mostly presentation-only until callbacks/state are added","P0","Replace sequential scaffold routing with typed screen actions/ViewModel state; convert visual controls to real Compose inputs/click targets; add repository/use-case calls; add loading/error/offline/idempotency tests."
"TOD_005","TOD","Today Workout Preview","WIRED: Continue -> next registry route; Back -> previous registry route","PARTIAL_PROTOTYPE","Open detail/action | Back to Today","","daily status | next action | warnings","","","today aggregate;targets;meals;workout;device freshness","none directly except quick actions","Today next-action ranking","default","Open detail/action => open relevant Fuel/Train/Device destination | Back to Today => return Today","CURRENT: generic Continue/Back wiring is registry-sequential, not product-semantic | CURRENT: internal cards/fields/options are mostly presentation-only until callbacks/state are added","P0","Replace sequential scaffold routing with typed screen actions/ViewModel state; convert visual controls to real Compose inputs/click targets; add repository/use-case calls; add loading/error/offline/idempotency tests."
"TOD_006","TOD","Today Meal Plan","WIRED: Continue -> next registry route; Back -> previous registry route","PARTIAL_PROTOTYPE","Open detail/action | Back to Today","","daily status | next action | warnings","","","today aggregate;targets;meals;workout;device freshness","none directly except quick actions","Today next-action ranking","default","Open detail/action => open relevant Fuel/Train/Device destination | Back to Today => return Today","CURRENT: generic Continue/Back wiring is registry-sequential, not product-semantic | CURRENT: internal cards/fields/options are mostly presentation-only until callbacks/state are added","P0","Replace sequential scaffold routing with typed screen actions/ViewModel state; convert visual controls to real Compose inputs/click targets; add repository/use-case calls; add loading/error/offline/idempotency tests."
"TOD_007","TOD","Confirmed Meals","WIRED: Continue -> next registry route; Back -> previous registry route","PARTIAL_PROTOTYPE","Open detail/action | Back to Today","","daily status | next action | warnings","","","today aggregate;targets;meals;workout;device freshness","none directly except quick actions","Today next-action ranking","default","Open detail/action => open relevant Fuel/Train/Device destination | Back to Today => return Today","CURRENT: generic Continue/Back wiring is registry-sequential, not product-semantic | CURRENT: internal cards/fields/options are mostly presentation-only until callbacks/state are added | protect against duplicate submission; destructive/payment actions require confirmation/idempotency","P0","Replace sequential scaffold routing with typed screen actions/ViewModel state; convert visual controls to real Compose inputs/click targets; add repository/use-case calls; add loading/error/offline/idempotency tests."
"TOD_008","TOD","Today Loading","WIRED: Continue -> next registry route; Back -> previous registry route","PARTIAL_PROTOTYPE","Open detail/action | Back to Today | Retry/Refresh","","daily status | next action | warnings | progress/processing status","","","today aggregate;targets;meals;workout;device freshness","none directly except quick actions","Today next-action ranking","default | processing","Open detail/action => open relevant Fuel/Train/Device destination | Back to Today => return Today | Retry/Refresh => refresh Today aggregate","CURRENT: generic Continue/Back wiring is registry-sequential, not product-semantic | CURRENT: internal cards/fields/options are mostly presentation-only until callbacks/state are added","P0","Replace sequential scaffold routing with typed screen actions/ViewModel state; convert visual controls to real Compose inputs/click targets; add repository/use-case calls; add loading/error/offline/idempotency tests."
"TOD_009","TOD","Today Empty","WIRED: Continue -> next registry route; Back -> previous registry route","PARTIAL_PROTOTYPE","Open detail/action | Back to Today","","daily status | next action | warnings","","","today aggregate;targets;meals;workout;device freshness","none directly except quick actions","Today next-action ranking","default","Open detail/action => open relevant Fuel/Train/Device destination | Back to Today => return Today","CURRENT: generic Continue/Back wiring is registry-sequential, not product-semantic | CURRENT: internal cards/fields/options are mostly presentation-only until callbacks/state are added","P0","Replace sequential scaffold routing with typed screen actions/ViewModel state; convert visual controls to real Compose inputs/click targets; add repository/use-case calls; add loading/error/offline/idempotency tests."
"TOD_010","TOD","Today Unknown","WIRED: Continue -> next registry route; Back -> previous registry route","PARTIAL_PROTOTYPE","Open detail/action | Back to Today | Retry/Refresh","","daily status | next action | warnings | recovery/error state","","","today aggregate;targets;meals;workout;device freshness","none directly except quick actions","Today next-action ranking","default | unknown","Open detail/action => open relevant Fuel/Train/Device destination | Back to Today => return Today | Retry/Refresh => refresh Today aggregate","CURRENT: generic Continue/Back wiring is registry-sequential, not product-semantic | CURRENT: internal cards/fields/options are mostly presentation-only until callbacks/state are added","P0","Replace sequential scaffold routing with typed screen actions/ViewModel state; convert visual controls to real Compose inputs/click targets; add repository/use-case calls; add loading/error/offline/idempotency tests."
"TOD_011","TOD","Today Offline","WIRED: Continue -> next registry route; Back -> previous registry route","PARTIAL_PROTOTYPE","Open detail/action | Back to Today | Retry/Refresh","","daily status | next action | warnings | recovery/error state","","","today aggregate;targets;meals;workout;device freshness","none directly except quick actions","Today next-action ranking","default | offline","Open detail/action => open relevant Fuel/Train/Device destination | Back to Today => return Today | Retry/Refresh => refresh Today aggregate","CURRENT: generic Continue/Back wiring is registry-sequential, not product-semantic | CURRENT: internal cards/fields/options are mostly presentation-only until callbacks/state are added","P0","Replace sequential scaffold routing with typed screen actions/ViewModel state; convert visual controls to real Compose inputs/click targets; add repository/use-case calls; add loading/error/offline/idempotency tests."
"TOD_012","TOD","Today Stale","WIRED: Continue -> next registry route; Back -> previous registry route","PARTIAL_PROTOTYPE","Open detail/action | Back to Today | Retry/Refresh","","daily status | next action | warnings | recovery/error state","","","today aggregate;targets;meals;workout;device freshness","none directly except quick actions","Today next-action ranking","default | stale","Open detail/action => open relevant Fuel/Train/Device destination | Back to Today => return Today | Retry/Refresh => refresh Today aggregate","CURRENT: generic Continue/Back wiring is registry-sequential, not product-semantic | CURRENT: internal cards/fields/options are mostly presentation-only until callbacks/state are added","P0","Replace sequential scaffold routing with typed screen actions/ViewModel state; convert visual controls to real Compose inputs/click targets; add repository/use-case calls; add loading/error/offline/idempotency tests."
"CAM_001","CAM","Food Camera","WIRED: Continue -> next registry route; Back -> previous registry route","PARTIAL_PROTOTYPE","Capture | Gallery","camera frame","food candidates | portion candidates | review draft","camera","CAMERA","food catalog;nutrition providers","food-analysis draft;confirmed meal after confirm","image quality;food detection;portion estimate;trusted nutrition matching","default","Capture => capture image then Image Preview | Gallery => open system Photo Picker","CURRENT: generic Continue/Back wiring is registry-sequential, not product-semantic | CURRENT: internal cards/fields/options are mostly presentation-only until callbacks/state are added | AI/provider result must remain draft until user confirms","P0","Replace sequential scaffold routing with typed screen actions/ViewModel state; convert visual controls to real Compose inputs/click targets; add repository/use-case calls; add loading/error/offline/idempotency tests."
"CAM_002","CAM","Camera Permission","WIRED: Continue -> next registry route; Back -> previous registry route","PARTIAL_PROTOTYPE","Allow camera | Not now","camera frame","food candidates | portion candidates | review draft","camera","CAMERA","food catalog;nutrition providers","food-analysis draft;confirmed meal after confirm","image quality;food detection;portion estimate;trusted nutrition matching","default | permission","Allow camera => request camera permission | Not now => return/manual food path","CURRENT: generic Continue/Back wiring is registry-sequential, not product-semantic | CURRENT: internal cards/fields/options are mostly presentation-only until callbacks/state are added | AI/provider result must remain draft until user confirms","P0","Replace sequential scaffold routing with typed screen actions/ViewModel state; convert visual controls to real Compose inputs/click targets; add repository/use-case calls; add loading/error/offline/idempotency tests."
"CAM_003","CAM","Food Framing","WIRED: Continue -> next registry route; Back -> previous registry route","PARTIAL_PROTOTYPE","Capture | Gallery","camera frame","food candidates | portion candidates | review draft","camera","CAMERA","food catalog;nutrition providers","food-analysis draft;confirmed meal after confirm","image quality;food detection;portion estimate;trusted nutrition matching","default","Capture => capture image then Image Preview | Gallery => open system Photo Picker","CURRENT: generic Continue/Back wiring is registry-sequential, not product-semantic | CURRENT: internal cards/fields/options are mostly presentation-only until callbacks/state are added | AI/provider result must remain draft until user confirms","P0","Replace sequential scaffold routing with typed screen actions/ViewModel state; convert visual controls to real Compose inputs/click targets; add repository/use-case calls; add loading/error/offline/idempotency tests."
"CAM_004","CAM","Gallery Picker","WIRED: Continue -> next registry route; Back -> previous registry route","PARTIAL_PROTOTYPE","Select photo | Cancel","selected photo URI","food candidates | portion candidates | review draft","camera | system photo picker","CAMERA | PHOTO_PICKER(no broad media permission recommended)","food catalog;nutrition providers","food-analysis draft;confirmed meal after confirm","image quality;food detection;portion estimate;trusted nutrition matching","default","Select photo => open Image Preview | Cancel => return to camera/Today","CURRENT: generic Continue/Back wiring is registry-sequential, not product-semantic | CURRENT: internal cards/fields/options are mostly presentation-only until callbacks/state are added | AI/provider result must remain draft until user confirms","P0","Replace sequential scaffold routing with typed screen actions/ViewModel state; convert visual controls to real Compose inputs/click targets; add repository/use-case calls; add loading/error/offline/idempotency tests."
"CAM_005","CAM","Image Preview","WIRED: Continue -> next registry route; Back -> previous registry route","PARTIAL_PROTOTYPE","Analyze | Retake","","food candidates | portion candidates | review draft","camera","CAMERA","food catalog;nutrition providers","food-analysis draft;confirmed meal after confirm","image quality;food detection;portion estimate;trusted nutrition matching","default","Analyze => start food analysis | Retake => return Camera","CURRENT: generic Continue/Back wiring is registry-sequential, not product-semantic | CURRENT: internal cards/fields/options are mostly presentation-only until callbacks/state are added | AI/provider result must remain draft until user confirms","P0","Replace sequential scaffold routing with typed screen actions/ViewModel state; convert visual controls to real Compose inputs/click targets; add repository/use-case calls; add loading/error/offline/idempotency tests."
"CAM_006","CAM","Checking Image","WIRED: Continue -> next registry route; Back -> previous registry route","PARTIAL_PROTOTYPE","Leave and continue later | Cancel analysis","","food candidates | portion candidates | review draft","camera","CAMERA","food catalog;nutrition providers","food-analysis draft;confirmed meal after confirm","image quality;food detection;portion estimate;trusted nutrition matching","default | processing","Leave and continue later => persist job and return safely | Cancel analysis => cancel job with draft confirmation","CURRENT: generic Continue/Back wiring is registry-sequential, not product-semantic | CURRENT: internal cards/fields/options are mostly presentation-only until callbacks/state are added | AI/provider result must remain draft until user confirms","P0","Replace sequential scaffold routing with typed screen actions/ViewModel state; convert visual controls to real Compose inputs/click targets; add repository/use-case calls; add loading/error/offline/idempotency tests."
"CAM_007","CAM","Detecting Foods","WIRED: Continue -> next registry route; Back -> previous registry route","PARTIAL_PROTOTYPE","Leave and continue later | Cancel analysis","","food candidates | portion candidates | review draft","camera","CAMERA","food catalog;nutrition providers","food-analysis draft;confirmed meal after confirm","image quality;food detection;portion estimate;trusted nutrition matching","default | processing","Leave and continue later => persist job and return safely | Cancel analysis => cancel job with draft confirmation","CURRENT: generic Continue/Back wiring is registry-sequential, not product-semantic | CURRENT: internal cards/fields/options are mostly presentation-only until callbacks/state are added | AI/provider result must remain draft until user confirms","P0","Replace sequential scaffold routing with typed screen actions/ViewModel state; convert visual controls to real Compose inputs/click targets; add repository/use-case calls; add loading/error/offline/idempotency tests."
"CAM_008","CAM","Multi Food Detection","WIRED: Continue -> next registry route; Back -> previous registry route","PARTIAL_PROTOTYPE","Retry | Manual entry","","food candidates | portion candidates | review draft","camera","CAMERA","food catalog;nutrition providers","food-analysis draft;confirmed meal after confirm","image quality;food detection;portion estimate;trusted nutrition matching","default","Retry => retry provider/analysis | Manual entry => open food search/manual fallback","CURRENT: generic Continue/Back wiring is registry-sequential, not product-semantic | CURRENT: internal cards/fields/options are mostly presentation-only until callbacks/state are added | AI/provider result must remain draft until user confirms","P0","Replace sequential scaffold routing with typed screen actions/ViewModel state; convert visual controls to real Compose inputs/click targets; add repository/use-case calls; add loading/error/offline/idempotency tests."
"CAM_009","CAM","Estimating Portions","WIRED: Continue -> next registry route; Back -> previous registry route","PARTIAL_PROTOTYPE","Leave and continue later | Cancel analysis","portion correction","food candidates | portion candidates | review draft","camera","CAMERA","food catalog;nutrition providers","food-analysis draft;confirmed meal after confirm","image quality;food detection;portion estimate;trusted nutrition matching","default | processing","Leave and continue later => persist job and return safely | Cancel analysis => cancel job with draft confirmation","CURRENT: generic Continue/Back wiring is registry-sequential, not product-semantic | CURRENT: internal cards/fields/options are mostly presentation-only until callbacks/state are added | AI/provider result must remain draft until user confirms","P0","Replace sequential scaffold routing with typed screen actions/ViewModel state; convert visual controls to real Compose inputs/click targets; add repository/use-case calls; add loading/error/offline/idempotency tests."
"CAM_010","CAM","Nutrition Matching","WIRED: Continue -> next registry route; Back -> previous registry route","PARTIAL_PROTOTYPE","Leave and continue later | Cancel analysis","","food candidates | portion candidates | review draft","camera","CAMERA","food catalog;nutrition providers","food-analysis draft;confirmed meal after confirm","image quality;food detection;portion estimate;trusted nutrition matching","default | processing","Leave and continue later => persist job and return safely | Cancel analysis => cancel job with draft confirmation","CURRENT: generic Continue/Back wiring is registry-sequential, not product-semantic | CURRENT: internal cards/fields/options are mostly presentation-only until callbacks/state are added | AI/provider result must remain draft until user confirms","P0","Replace sequential scaffold routing with typed screen actions/ViewModel state; convert visual controls to real Compose inputs/click targets; add repository/use-case calls; add loading/error/offline/idempotency tests."
"CAM_011","CAM","Detected Food Review","WIRED: Continue -> next registry route; Back -> previous registry route","PARTIAL_PROTOTYPE","Edit food | Edit portion | Add missed food | Confirm meal","","food candidates | portion candidates | review draft","camera","CAMERA","food catalog;nutrition providers","food-analysis draft;confirmed meal after confirm","image quality;food detection;portion estimate;trusted nutrition matching","default","Edit food => open Edit Food Identity | Edit portion => open Edit Portion | Add missed food => open Add Missed Food | Confirm meal => write confirmed meal then Fuel Now","CURRENT: generic Continue/Back wiring is registry-sequential, not product-semantic | CURRENT: internal cards/fields/options are mostly presentation-only until callbacks/state are added | AI/provider result must remain draft until user confirms","P0","Replace sequential scaffold routing with typed screen actions/ViewModel state; convert visual controls to real Compose inputs/click targets; add repository/use-case calls; add loading/error/offline/idempotency tests."
"CAM_012","CAM","Edit Food Identity","WIRED: Continue -> next registry route; Back -> previous registry route","PARTIAL_PROTOTYPE","Select food | Save","food identity correction","food candidates | portion candidates | review draft","camera","CAMERA","food catalog;nutrition providers","food-analysis draft;confirmed meal after confirm","image quality;food detection;portion estimate;trusted nutrition matching","default","Select food => set candidate identity | Save => return to detected food review","CURRENT: generic Continue/Back wiring is registry-sequential, not product-semantic | CURRENT: internal cards/fields/options are mostly presentation-only until callbacks/state are added | AI/provider result must remain draft until user confirms","P0","Replace sequential scaffold routing with typed screen actions/ViewModel state; convert visual controls to real Compose inputs/click targets; add repository/use-case calls; add loading/error/offline/idempotency tests."
"CAM_013","CAM","Edit Portion","WIRED: Continue -> next registry route; Back -> previous registry route","PARTIAL_PROTOTYPE","Save portion","portion correction","food candidates | portion candidates | review draft","camera","CAMERA","food catalog;nutrition providers","food-analysis draft;confirmed meal after confirm","image quality;food detection;portion estimate;trusted nutrition matching","default","Save portion => update analysis draft and return","CURRENT: generic Continue/Back wiring is registry-sequential, not product-semantic | CURRENT: internal cards/fields/options are mostly presentation-only until callbacks/state are added | AI/provider result must remain draft until user confirms","P0","Replace sequential scaffold routing with typed screen actions/ViewModel state; convert visual controls to real Compose inputs/click targets; add repository/use-case calls; add loading/error/offline/idempotency tests."
"CAM_014","CAM","Add Missed Food","WIRED: Continue -> next registry route; Back -> previous registry route","PARTIAL_PROTOTYPE","Select food | Save","food identity correction","food candidates | portion candidates | review draft","camera","CAMERA","food catalog;nutrition providers","food-analysis draft;confirmed meal after confirm","image quality;food detection;portion estimate;trusted nutrition matching","default","Select food => set candidate identity | Save => return to detected food review","CURRENT: generic Continue/Back wiring is registry-sequential, not product-semantic | CURRENT: internal cards/fields/options are mostly presentation-only until callbacks/state are added | AI/provider result must remain draft until user confirms","P0","Replace sequential scaffold routing with typed screen actions/ViewModel state; convert visual controls to real Compose inputs/click targets; add repository/use-case calls; add loading/error/offline/idempotency tests."
"CAM_015","CAM","Low Confidence Clarification","WIRED: Continue -> next registry route; Back -> previous registry route","PARTIAL_PROTOTYPE","Choose match | Something else","food identity correction","food candidates | portion candidates | review draft","camera","CAMERA","food catalog;nutrition providers","food-analysis draft;confirmed meal after confirm","image quality;food detection;portion estimate;trusted nutrition matching","default","Choose match => set candidate then review | Something else => open manual food search","CURRENT: generic Continue/Back wiring is registry-sequential, not product-semantic | CURRENT: internal cards/fields/options are mostly presentation-only until callbacks/state are added | AI/provider result must remain draft until user confirms","P0","Replace sequential scaffold routing with typed screen actions/ViewModel state; convert visual controls to real Compose inputs/click targets; add repository/use-case calls; add loading/error/offline/idempotency tests."
"CAM_016","CAM","Nutrition Unavailable","WIRED: Continue -> next registry route; Back -> previous registry route","PARTIAL_PROTOTYPE","Retry | Manual entry","","food candidates | portion candidates | review draft | recovery/error state","camera","CAMERA","food catalog;nutrition providers","food-analysis draft;confirmed meal after confirm","image quality;food detection;portion estimate;trusted nutrition matching","default | error/retry","Retry => retry provider/analysis | Manual entry => open food search/manual fallback","CURRENT: generic Continue/Back wiring is registry-sequential, not product-semantic | CURRENT: internal cards/fields/options are mostly presentation-only until callbacks/state are added | AI/provider result must remain draft until user confirms","P0","Replace sequential scaffold routing with typed screen actions/ViewModel state; convert visual controls to real Compose inputs/click targets; add repository/use-case calls; add loading/error/offline/idempotency tests."
"CAM_017","CAM","Final Meal Review","WIRED: Continue -> next registry route; Back -> previous registry route","PARTIAL_PROTOTYPE","Edit food | Edit portion | Add missed food | Confirm meal","","food candidates | portion candidates | review draft","camera","CAMERA","food catalog;nutrition providers","food-analysis draft;confirmed meal after confirm","image quality;food detection;portion estimate;trusted nutrition matching","default","Edit food => open Edit Food Identity | Edit portion => open Edit Portion | Add missed food => open Add Missed Food | Confirm meal => write confirmed meal then Fuel Now","CURRENT: generic Continue/Back wiring is registry-sequential, not product-semantic | CURRENT: internal cards/fields/options are mostly presentation-only until callbacks/state are added | AI/provider result must remain draft until user confirms","P0","Replace sequential scaffold routing with typed screen actions/ViewModel state; convert visual controls to real Compose inputs/click targets; add repository/use-case calls; add loading/error/offline/idempotency tests."
"CAM_018","CAM","Analysis Failure","WIRED: Continue -> next registry route; Back -> previous registry route","PARTIAL_PROTOTYPE","Retry | Manual entry","","food candidates | portion candidates | review draft | recovery/error state","camera","CAMERA","food catalog;nutrition providers","food-analysis draft;confirmed meal after confirm","image quality;food detection;portion estimate;trusted nutrition matching","default | error/retry","Retry => retry provider/analysis | Manual entry => open food search/manual fallback","CURRENT: generic Continue/Back wiring is registry-sequential, not product-semantic | CURRENT: internal cards/fields/options are mostly presentation-only until callbacks/state are added | AI/provider result must remain draft until user confirms","P0","Replace sequential scaffold routing with typed screen actions/ViewModel state; convert visual controls to real Compose inputs/click targets; add repository/use-case calls; add loading/error/offline/idempotency tests."
"BAR_001","BAR","Barcode Scanner","WIRED: Continue -> next registry route; Back -> previous registry route","PARTIAL_PROTOTYPE","Scan | Enter manually","barcode scan","product match | serving | nutrition/allergen status","camera","CAMERA","barcode provider;food catalog","product draft;meal/shop item;custom product","barcode lookup;label parsing;nutrition validation","default","Scan => decode barcode then lookup product | Enter manually => open custom product","CURRENT: generic Continue/Back wiring is registry-sequential, not product-semantic | CURRENT: internal cards/fields/options are mostly presentation-only until callbacks/state are added","P0","Replace sequential scaffold routing with typed screen actions/ViewModel state; convert visual controls to real Compose inputs/click targets; add repository/use-case calls; add loading/error/offline/idempotency tests."
"BAR_002","BAR","Scanning","WIRED: Continue -> next registry route; Back -> previous registry route","PARTIAL_PROTOTYPE","Scan | Enter manually","barcode scan","product match | serving | nutrition/allergen status","camera","CAMERA","barcode provider;food catalog","product draft;meal/shop item;custom product","barcode lookup;label parsing;nutrition validation","default","Scan => decode barcode then lookup product | Enter manually => open custom product","CURRENT: generic Continue/Back wiring is registry-sequential, not product-semantic | CURRENT: internal cards/fields/options are mostly presentation-only until callbacks/state are added","P0","Replace sequential scaffold routing with typed screen actions/ViewModel state; convert visual controls to real Compose inputs/click targets; add repository/use-case calls; add loading/error/offline/idempotency tests."
"BAR_003","BAR","Barcode Detected","WIRED: Continue -> next registry route; Back -> previous registry route","PARTIAL_PROTOTYPE","Continue","","product match | serving | nutrition/allergen status","","","barcode provider;food catalog","product draft;meal/shop item;custom product","barcode lookup;label parsing;nutrition validation","default","Continue => advance barcode flow","CURRENT: generic Continue/Back wiring is registry-sequential, not product-semantic | CURRENT: internal cards/fields/options are mostly presentation-only until callbacks/state are added","P0","Replace sequential scaffold routing with typed screen actions/ViewModel state; convert visual controls to real Compose inputs/click targets; add repository/use-case calls; add loading/error/offline/idempotency tests."
"BAR_004","BAR","Product Lookup","WIRED: Continue -> next registry route; Back -> previous registry route","PARTIAL_PROTOTYPE","Continue","","product match | serving | nutrition/allergen status","","","barcode provider;food catalog","product draft;meal/shop item;custom product","barcode lookup;label parsing;nutrition validation","default","Continue => advance barcode flow","CURRENT: generic Continue/Back wiring is registry-sequential, not product-semantic | CURRENT: internal cards/fields/options are mostly presentation-only until callbacks/state are added","P0","Replace sequential scaffold routing with typed screen actions/ViewModel state; convert visual controls to real Compose inputs/click targets; add repository/use-case calls; add loading/error/offline/idempotency tests."
"BAR_005","BAR","Product Found","WIRED: Continue -> next registry route; Back -> previous registry route","PARTIAL_PROTOTYPE","Select serving | Add to meal | Add to shop","","product match | serving | nutrition/allergen status","","","barcode provider;food catalog","product draft;meal/shop item;custom product","barcode lookup;label parsing;nutrition validation","default","Select serving => open Serving Selector | Add to meal => open Meal Selector | Add to shop => add product to shopping list","CURRENT: generic Continue/Back wiring is registry-sequential, not product-semantic | CURRENT: internal cards/fields/options are mostly presentation-only until callbacks/state are added","P0","Replace sequential scaffold routing with typed screen actions/ViewModel state; convert visual controls to real Compose inputs/click targets; add repository/use-case calls; add loading/error/offline/idempotency tests."
"BAR_006","BAR","Serving Selector","WIRED: Continue -> next registry route; Back -> previous registry route","PARTIAL_PROTOTYPE","Save serving","serving amount","product match | serving | nutrition/allergen status","","","barcode provider;food catalog","product draft;meal/shop item;custom product","barcode lookup;label parsing;nutrition validation","default","Save serving => return product review with amount","CURRENT: generic Continue/Back wiring is registry-sequential, not product-semantic | CURRENT: internal cards/fields/options are mostly presentation-only until callbacks/state are added","P0","Replace sequential scaffold routing with typed screen actions/ViewModel state; convert visual controls to real Compose inputs/click targets; add repository/use-case calls; add loading/error/offline/idempotency tests."
"BAR_007","BAR","Expanded Nutrition","WIRED: Continue -> next registry route; Back -> previous registry route","PARTIAL_PROTOTYPE","Select serving | Add to meal | Add to shop","","product match | serving | nutrition/allergen status","","","barcode provider;food catalog","product draft;meal/shop item;custom product","barcode lookup;label parsing;nutrition validation","default","Select serving => open Serving Selector | Add to meal => open Meal Selector | Add to shop => add product to shopping list","CURRENT: generic Continue/Back wiring is registry-sequential, not product-semantic | CURRENT: internal cards/fields/options are mostly presentation-only until callbacks/state are added","P0","Replace sequential scaffold routing with typed screen actions/ViewModel state; convert visual controls to real Compose inputs/click targets; add repository/use-case calls; add loading/error/offline/idempotency tests."
"BAR_008","BAR","Ingredients and Allergens","WIRED: Continue -> next registry route; Back -> previous registry route","PARTIAL_PROTOTYPE","Select serving | Add to meal | Add to shop","","product match | serving | nutrition/allergen status","","","barcode provider;food catalog","product draft;meal/shop item;custom product","barcode lookup;label parsing;nutrition validation","default","Select serving => open Serving Selector | Add to meal => open Meal Selector | Add to shop => add product to shopping list","CURRENT: generic Continue/Back wiring is registry-sequential, not product-semantic | CURRENT: internal cards/fields/options are mostly presentation-only until callbacks/state are added","P0","Replace sequential scaffold routing with typed screen actions/ViewModel state; convert visual controls to real Compose inputs/click targets; add repository/use-case calls; add loading/error/offline/idempotency tests."
"BAR_009","BAR","Add to Meal","WIRED: Continue -> next registry route; Back -> previous registry route","PARTIAL_PROTOTYPE","Continue","","product match | serving | nutrition/allergen status","","","barcode provider;food catalog","product draft;meal/shop item;custom product","barcode lookup;label parsing;nutrition validation","default","Continue => advance barcode flow","CURRENT: generic Continue/Back wiring is registry-sequential, not product-semantic | CURRENT: internal cards/fields/options are mostly presentation-only until callbacks/state are added","P0","Replace sequential scaffold routing with typed screen actions/ViewModel state; convert visual controls to real Compose inputs/click targets; add repository/use-case calls; add loading/error/offline/idempotency tests."
"BAR_010","BAR","Meal Selector","WIRED: Continue -> next registry route; Back -> previous registry route","PARTIAL_PROTOTYPE","Choose meal | Continue","meal destination","product match | serving | nutrition/allergen status","","","barcode provider;food catalog","product draft;meal/shop item;custom product","barcode lookup;label parsing;nutrition validation","default","Choose meal => select meal | Continue => open Confirm Product","CURRENT: generic Continue/Back wiring is registry-sequential, not product-semantic | CURRENT: internal cards/fields/options are mostly presentation-only until callbacks/state are added","P0","Replace sequential scaffold routing with typed screen actions/ViewModel state; convert visual controls to real Compose inputs/click targets; add repository/use-case calls; add loading/error/offline/idempotency tests."
"BAR_011","BAR","Confirm Product","WIRED: Continue -> next registry route; Back -> previous registry route","PARTIAL_PROTOTYPE","Confirm","","product match | serving | nutrition/allergen status","","","barcode provider;food catalog","product draft;meal/shop item;custom product","barcode lookup;label parsing;nutrition validation","default","Confirm => create meal item and return Fuel Now","CURRENT: generic Continue/Back wiring is registry-sequential, not product-semantic | CURRENT: internal cards/fields/options are mostly presentation-only until callbacks/state are added | protect against duplicate submission; destructive/payment actions require confirmation/idempotency","P0","Replace sequential scaffold routing with typed screen actions/ViewModel state; convert visual controls to real Compose inputs/click targets; add repository/use-case calls; add loading/error/offline/idempotency tests."
"BAR_012","BAR","Add to Shop","WIRED: Continue -> next registry route; Back -> previous registry route","PARTIAL_PROTOTYPE","Continue","","product match | serving | nutrition/allergen status","","","barcode provider;food catalog","product draft;meal/shop item;custom product","barcode lookup;label parsing;nutrition validation","default","Continue => advance barcode flow","CURRENT: generic Continue/Back wiring is registry-sequential, not product-semantic | CURRENT: internal cards/fields/options are mostly presentation-only until callbacks/state are added","P0","Replace sequential scaffold routing with typed screen actions/ViewModel state; convert visual controls to real Compose inputs/click targets; add repository/use-case calls; add loading/error/offline/idempotency tests."
"BAR_013","BAR","Product Not Found","WIRED: Continue -> next registry route; Back -> previous registry route","PARTIAL_PROTOTYPE","Scan nutrition label | Create custom product","","product match | serving | nutrition/allergen status","","","barcode provider;food catalog","product draft;meal/shop item;custom product","barcode lookup;label parsing;nutrition validation","default","Scan nutrition label => open label camera | Create custom product => open Custom Product","CURRENT: generic Continue/Back wiring is registry-sequential, not product-semantic | CURRENT: internal cards/fields/options are mostly presentation-only until callbacks/state are added","P0","Replace sequential scaffold routing with typed screen actions/ViewModel state; convert visual controls to real Compose inputs/click targets; add repository/use-case calls; add loading/error/offline/idempotency tests."
"BAR_014","BAR","Nutrition Label Camera","WIRED: Continue -> next registry route; Back -> previous registry route","PARTIAL_PROTOTYPE","Capture label | Correct values | Save","nutrition label image/corrections","product match | serving | nutrition/allergen status","camera","CAMERA","barcode provider;food catalog","product draft;meal/shop item;custom product","barcode lookup;label parsing;nutrition validation","default","Capture label => extract label text | Correct values => edit extracted nutrition | Save => save custom product draft","CURRENT: generic Continue/Back wiring is registry-sequential, not product-semantic | CURRENT: internal cards/fields/options are mostly presentation-only until callbacks/state are added","P0","Replace sequential scaffold routing with typed screen actions/ViewModel state; convert visual controls to real Compose inputs/click targets; add repository/use-case calls; add loading/error/offline/idempotency tests."
"BAR_015","BAR","Label Review","WIRED: Continue -> next registry route; Back -> previous registry route","PARTIAL_PROTOTYPE","Capture label | Correct values | Save","nutrition label image/corrections","product match | serving | nutrition/allergen status","","","barcode provider;food catalog","product draft;meal/shop item;custom product","barcode lookup;label parsing;nutrition validation","default","Capture label => extract label text | Correct values => edit extracted nutrition | Save => save custom product draft","CURRENT: generic Continue/Back wiring is registry-sequential, not product-semantic | CURRENT: internal cards/fields/options are mostly presentation-only until callbacks/state are added","P0","Replace sequential scaffold routing with typed screen actions/ViewModel state; convert visual controls to real Compose inputs/click targets; add repository/use-case calls; add loading/error/offline/idempotency tests."
"BAR_016","BAR","Custom Product","WIRED: Continue -> next registry route; Back -> previous registry route","PARTIAL_PROTOTYPE","Save product","product name | serving | nutrition facts","product match | serving | nutrition/allergen status","","","barcode provider;food catalog","product draft;meal/shop item;custom product","barcode lookup;label parsing;nutrition validation","default","Save product => validate and save product","CURRENT: generic Continue/Back wiring is registry-sequential, not product-semantic | CURRENT: internal cards/fields/options are mostly presentation-only until callbacks/state are added","P0","Replace sequential scaffold routing with typed screen actions/ViewModel state; convert visual controls to real Compose inputs/click targets; add repository/use-case calls; add loading/error/offline/idempotency tests."
"FNO_001","FNO","Fuel Now Dashboard","WIRED: Continue -> next registry route; Back -> previous registry route","PARTIAL_PROTOTYPE","Add Food | Change date | Meal row | Nutrition","","confirmed intake | macro/micro totals","","","confirmed meals;nutrition facts;food catalog","meal;meal item;favorite;saved meal","nutrition aggregation","default","Add Food => open Add Food Menu | Change date => open Selected Date | Meal row => open Meal Detail | Nutrition => open Expanded Nutrition","CURRENT: generic Continue/Back wiring is registry-sequential, not product-semantic | CURRENT: internal cards/fields/options are mostly presentation-only until callbacks/state are added","P0","Replace sequential scaffold routing with typed screen actions/ViewModel state; convert visual controls to real Compose inputs/click targets; add repository/use-case calls; add loading/error/offline/idempotency tests."
"FNO_002","FNO","Selected Date","WIRED: Continue -> next registry route; Back -> previous registry route","PARTIAL_PROTOTYPE","Select date","date","confirmed intake | macro/micro totals","","","confirmed meals;nutrition facts;food catalog","meal;meal item;favorite;saved meal","nutrition aggregation","default","Select date => reload Fuel Now for selected date","CURRENT: generic Continue/Back wiring is registry-sequential, not product-semantic | CURRENT: internal cards/fields/options are mostly presentation-only until callbacks/state are added","P0","Replace sequential scaffold routing with typed screen actions/ViewModel state; convert visual controls to real Compose inputs/click targets; add repository/use-case calls; add loading/error/offline/idempotency tests."
"FNO_003","FNO","Nutrition Summary","WIRED: Continue -> next registry route; Back -> previous registry route","PARTIAL_PROTOTYPE","Retry/Add food","","confirmed intake | macro/micro totals","","","confirmed meals;nutrition facts;food catalog","meal;meal item;favorite;saved meal","nutrition aggregation","default","Retry/Add food => recover Fuel state","CURRENT: generic Continue/Back wiring is registry-sequential, not product-semantic | CURRENT: internal cards/fields/options are mostly presentation-only until callbacks/state are added","P0","Replace sequential scaffold routing with typed screen actions/ViewModel state; convert visual controls to real Compose inputs/click targets; add repository/use-case calls; add loading/error/offline/idempotency tests."
"FNO_004","FNO","Expanded Nutrition","WIRED: Continue -> next registry route; Back -> previous registry route","PARTIAL_PROTOTYPE","Retry/Add food","","confirmed intake | macro/micro totals","","","confirmed meals;nutrition facts;food catalog","meal;meal item;favorite;saved meal","nutrition aggregation","default","Retry/Add food => recover Fuel state","CURRENT: generic Continue/Back wiring is registry-sequential, not product-semantic | CURRENT: internal cards/fields/options are mostly presentation-only until callbacks/state are added","P0","Replace sequential scaffold routing with typed screen actions/ViewModel state; convert visual controls to real Compose inputs/click targets; add repository/use-case calls; add loading/error/offline/idempotency tests."
"FNO_005","FNO","Meal Groups","WIRED: Continue -> next registry route; Back -> previous registry route","PARTIAL_PROTOTYPE","Retry/Add food","","confirmed intake | macro/micro totals","","","confirmed meals;nutrition facts;food catalog","meal;meal item;favorite;saved meal","nutrition aggregation","default","Retry/Add food => recover Fuel state","CURRENT: generic Continue/Back wiring is registry-sequential, not product-semantic | CURRENT: internal cards/fields/options are mostly presentation-only until callbacks/state are added","P0","Replace sequential scaffold routing with typed screen actions/ViewModel state; convert visual controls to real Compose inputs/click targets; add repository/use-case calls; add loading/error/offline/idempotency tests."
"FNO_006","FNO","Meal Detail","WIRED: Continue -> next registry route; Back -> previous registry route","PARTIAL_PROTOTYPE","Edit meal | Delete meal","","confirmed intake | macro/micro totals","","","confirmed meals;nutrition facts;food catalog","meal;meal item;favorite;saved meal","nutrition aggregation","default","Edit meal => open Edit Meal | Delete meal => open Delete Meal Confirmation","CURRENT: generic Continue/Back wiring is registry-sequential, not product-semantic | CURRENT: internal cards/fields/options are mostly presentation-only until callbacks/state are added","P0","Replace sequential scaffold routing with typed screen actions/ViewModel state; convert visual controls to real Compose inputs/click targets; add repository/use-case calls; add loading/error/offline/idempotency tests."
"FNO_007","FNO","Edit Meal","WIRED: Continue -> next registry route; Back -> previous registry route","PARTIAL_PROTOTYPE","Save changes","meal name/time/items","confirmed intake | macro/micro totals","","","confirmed meals;nutrition facts;food catalog","meal;meal item;favorite;saved meal","nutrition aggregation","default","Save changes => update meal then Meal Detail","CURRENT: generic Continue/Back wiring is registry-sequential, not product-semantic | CURRENT: internal cards/fields/options are mostly presentation-only until callbacks/state are added","P0","Replace sequential scaffold routing with typed screen actions/ViewModel state; convert visual controls to real Compose inputs/click targets; add repository/use-case calls; add loading/error/offline/idempotency tests."
"FNO_008","FNO","Delete Meal Confirmation","WIRED: Continue -> next registry route; Back -> previous registry route","PARTIAL_PROTOTYPE","Delete","","confirmed intake | macro/micro totals","","","confirmed meals;nutrition facts;food catalog","meal;meal item;favorite;saved meal","nutrition aggregation","default | confirmation","Delete => delete confirmed meal then Fuel Now","CURRENT: generic Continue/Back wiring is registry-sequential, not product-semantic | CURRENT: internal cards/fields/options are mostly presentation-only until callbacks/state are added | protect against duplicate submission; destructive/payment actions require confirmation/idempotency","P0","Replace sequential scaffold routing with typed screen actions/ViewModel state; convert visual controls to real Compose inputs/click targets; add repository/use-case calls; add loading/error/offline/idempotency tests."
"FNO_009","FNO","Add Food Menu","WIRED: Continue -> next registry route; Back -> previous registry route","PARTIAL_PROTOTYPE","Camera | Barcode | Search","","confirmed intake | macro/micro totals","","","confirmed meals;nutrition facts;food catalog","meal;meal item;favorite;saved meal","nutrition aggregation","default","Camera => open Camera | Barcode => open Barcode | Search => open Food Search","CURRENT: generic Continue/Back wiring is registry-sequential, not product-semantic | CURRENT: internal cards/fields/options are mostly presentation-only until callbacks/state are added","P0","Replace sequential scaffold routing with typed screen actions/ViewModel state; convert visual controls to real Compose inputs/click targets; add repository/use-case calls; add loading/error/offline/idempotency tests."
"FNO_010","FNO","Food Search","WIRED: Continue -> next registry route; Back -> previous registry route","PARTIAL_PROTOTYPE","Search | Food result","food query","confirmed intake | macro/micro totals","","","confirmed meals;nutrition facts;food catalog","meal;meal item;favorite;saved meal","nutrition aggregation","default","Search => query trusted foods | Food result => open Food Detail","CURRENT: generic Continue/Back wiring is registry-sequential, not product-semantic | CURRENT: internal cards/fields/options are mostly presentation-only until callbacks/state are added","P0","Replace sequential scaffold routing with typed screen actions/ViewModel state; convert visual controls to real Compose inputs/click targets; add repository/use-case calls; add loading/error/offline/idempotency tests."
"FNO_011","FNO","Food Detail","WIRED: Continue -> next registry route; Back -> previous registry route","PARTIAL_PROTOTYPE","Serving | Add","","confirmed intake | macro/micro totals","","","confirmed meals;nutrition facts;food catalog","meal;meal item;favorite;saved meal","nutrition aggregation","default","Serving => open Serving Selector | Add => confirm food into meal","CURRENT: generic Continue/Back wiring is registry-sequential, not product-semantic | CURRENT: internal cards/fields/options are mostly presentation-only until callbacks/state are added","P0","Replace sequential scaffold routing with typed screen actions/ViewModel state; convert visual controls to real Compose inputs/click targets; add repository/use-case calls; add loading/error/offline/idempotency tests."
"FNO_012","FNO","Serving Selector","WIRED: Continue -> next registry route; Back -> previous registry route","PARTIAL_PROTOTYPE","Save serving","serving amount","confirmed intake | macro/micro totals","","","confirmed meals;nutrition facts;food catalog","meal;meal item;favorite;saved meal","nutrition aggregation","default","Save serving => return Food Detail","CURRENT: generic Continue/Back wiring is registry-sequential, not product-semantic | CURRENT: internal cards/fields/options are mostly presentation-only until callbacks/state are added","P0","Replace sequential scaffold routing with typed screen actions/ViewModel state; convert visual controls to real Compose inputs/click targets; add repository/use-case calls; add loading/error/offline/idempotency tests."
"FNO_013","FNO","Recent Foods","WIRED: Continue -> next registry route; Back -> previous registry route","PARTIAL_PROTOTYPE","Reuse/Add","","confirmed intake | macro/micro totals","","","confirmed meals;nutrition facts;food catalog","meal;meal item;favorite;saved meal","nutrition aggregation","default","Reuse/Add => create draft meal item then review","CURRENT: generic Continue/Back wiring is registry-sequential, not product-semantic | CURRENT: internal cards/fields/options are mostly presentation-only until callbacks/state are added","P0","Replace sequential scaffold routing with typed screen actions/ViewModel state; convert visual controls to real Compose inputs/click targets; add repository/use-case calls; add loading/error/offline/idempotency tests."
"FNO_014","FNO","Frequent Foods","WIRED: Continue -> next registry route; Back -> previous registry route","PARTIAL_PROTOTYPE","Reuse/Add","","confirmed intake | macro/micro totals","","","confirmed meals;nutrition facts;food catalog","meal;meal item;favorite;saved meal","nutrition aggregation","default","Reuse/Add => create draft meal item then review","CURRENT: generic Continue/Back wiring is registry-sequential, not product-semantic | CURRENT: internal cards/fields/options are mostly presentation-only until callbacks/state are added","P0","Replace sequential scaffold routing with typed screen actions/ViewModel state; convert visual controls to real Compose inputs/click targets; add repository/use-case calls; add loading/error/offline/idempotency tests."
"FNO_015","FNO","Favorites","WIRED: Continue -> next registry route; Back -> previous registry route","PARTIAL_PROTOTYPE","Reuse/Add","","confirmed intake | macro/micro totals","","","confirmed meals;nutrition facts;food catalog","meal;meal item;favorite;saved meal","nutrition aggregation","default","Reuse/Add => create draft meal item then review","CURRENT: generic Continue/Back wiring is registry-sequential, not product-semantic | CURRENT: internal cards/fields/options are mostly presentation-only until callbacks/state are added","P0","Replace sequential scaffold routing with typed screen actions/ViewModel state; convert visual controls to real Compose inputs/click targets; add repository/use-case calls; add loading/error/offline/idempotency tests."
"FNO_016","FNO","Saved Meals","WIRED: Continue -> next registry route; Back -> previous registry route","PARTIAL_PROTOTYPE","Reuse/Add","","confirmed intake | macro/micro totals","","","confirmed meals;nutrition facts;food catalog","meal;meal item;favorite;saved meal","nutrition aggregation","default","Reuse/Add => create draft meal item then review","CURRENT: generic Continue/Back wiring is registry-sequential, not product-semantic | CURRENT: internal cards/fields/options are mostly presentation-only until callbacks/state are added","P0","Replace sequential scaffold routing with typed screen actions/ViewModel state; convert visual controls to real Compose inputs/click targets; add repository/use-case calls; add loading/error/offline/idempotency tests."
"FNO_017","FNO","Fuel Empty","WIRED: Continue -> next registry route; Back -> previous registry route","PARTIAL_PROTOTYPE","Retry/Add food","","confirmed intake | macro/micro totals","","","confirmed meals;nutrition facts;food catalog","meal;meal item;favorite;saved meal","nutrition aggregation","default","Retry/Add food => recover Fuel state","CURRENT: generic Continue/Back wiring is registry-sequential, not product-semantic | CURRENT: internal cards/fields/options are mostly presentation-only until callbacks/state are added","P0","Replace sequential scaffold routing with typed screen actions/ViewModel state; convert visual controls to real Compose inputs/click targets; add repository/use-case calls; add loading/error/offline/idempotency tests."
"FNO_018","FNO","Fuel Offline","WIRED: Continue -> next registry route; Back -> previous registry route","PARTIAL_PROTOTYPE","Retry/Add food","","confirmed intake | macro/micro totals | recovery/error state","","","confirmed meals;nutrition facts;food catalog","meal;meal item;favorite;saved meal","nutrition aggregation","default | offline","Retry/Add food => recover Fuel state","CURRENT: generic Continue/Back wiring is registry-sequential, not product-semantic | CURRENT: internal cards/fields/options are mostly presentation-only until callbacks/state are added","P0","Replace sequential scaffold routing with typed screen actions/ViewModel state; convert visual controls to real Compose inputs/click targets; add repository/use-case calls; add loading/error/offline/idempotency tests."
"FPL_001","FPL","Fuel Plan Dashboard","WIRED: Continue -> next registry route; Back -> previous registry route","PARTIAL_PROTOTYPE","Day/Week/Month | Planned meal | Generate/Revise plan","","day/week/month plan | alternatives","","","targets;preferences;allergies;pantry;calendar;recipes","meal plan;planned meal;plan revision","constraint planning;meal candidate ranking;conflict detection","default","Day/Week/Month => switch planning range | Planned meal => open Planned Meal Detail | Generate/Revise plan => open setup/generation","CURRENT: generic Continue/Back wiring is registry-sequential, not product-semantic | CURRENT: internal cards/fields/options are mostly presentation-only until callbacks/state are added | planned meal/event changes must not rewrite consumed history","P1","Replace sequential scaffold routing with typed screen actions/ViewModel state; convert visual controls to real Compose inputs/click targets; add repository/use-case calls; add loading/error/offline/idempotency tests."
"FPL_002","FPL","Plan Day View","WIRED: Continue -> next registry route; Back -> previous registry route","PARTIAL_PROTOTYPE","Day/Week/Month | Planned meal | Generate/Revise plan","","day/week/month plan | alternatives","","","targets;preferences;allergies;pantry;calendar;recipes","meal plan;planned meal;plan revision","constraint planning;meal candidate ranking;conflict detection","default","Day/Week/Month => switch planning range | Planned meal => open Planned Meal Detail | Generate/Revise plan => open setup/generation","CURRENT: generic Continue/Back wiring is registry-sequential, not product-semantic | CURRENT: internal cards/fields/options are mostly presentation-only until callbacks/state are added | planned meal/event changes must not rewrite consumed history","P1","Replace sequential scaffold routing with typed screen actions/ViewModel state; convert visual controls to real Compose inputs/click targets; add repository/use-case calls; add loading/error/offline/idempotency tests."
"FPL_003","FPL","Plan Week View","WIRED: Continue -> next registry route; Back -> previous registry route","PARTIAL_PROTOTYPE","Day/Week/Month | Planned meal | Generate/Revise plan","","day/week/month plan | alternatives","","","targets;preferences;allergies;pantry;calendar;recipes","meal plan;planned meal;plan revision","constraint planning;meal candidate ranking;conflict detection","default","Day/Week/Month => switch planning range | Planned meal => open Planned Meal Detail | Generate/Revise plan => open setup/generation","CURRENT: generic Continue/Back wiring is registry-sequential, not product-semantic | CURRENT: internal cards/fields/options are mostly presentation-only until callbacks/state are added | planned meal/event changes must not rewrite consumed history","P1","Replace sequential scaffold routing with typed screen actions/ViewModel state; convert visual controls to real Compose inputs/click targets; add repository/use-case calls; add loading/error/offline/idempotency tests."
"FPL_004","FPL","Plan Month View","WIRED: Continue -> next registry route; Back -> previous registry route","PARTIAL_PROTOTYPE","Day/Week/Month | Planned meal | Generate/Revise plan","","day/week/month plan | alternatives","","","targets;preferences;allergies;pantry;calendar;recipes","meal plan;planned meal;plan revision","constraint planning;meal candidate ranking;conflict detection","default","Day/Week/Month => switch planning range | Planned meal => open Planned Meal Detail | Generate/Revise plan => open setup/generation","CURRENT: generic Continue/Back wiring is registry-sequential, not product-semantic | CURRENT: internal cards/fields/options are mostly presentation-only until callbacks/state are added | planned meal/event changes must not rewrite consumed history","P1","Replace sequential scaffold routing with typed screen actions/ViewModel state; convert visual controls to real Compose inputs/click targets; add repository/use-case calls; add loading/error/offline/idempotency tests."
"FPL_005","FPL","Plan Preferences","WIRED: Continue -> next registry route; Back -> previous registry route","PARTIAL_PROTOTYPE","Save preferences","planning preferences/constraints","day/week/month plan | alternatives","","","targets;preferences;allergies;pantry;calendar;recipes","meal plan;planned meal;plan revision","constraint planning;meal candidate ranking;conflict detection","default","Save preferences => update plan constraints","CURRENT: generic Continue/Back wiring is registry-sequential, not product-semantic | CURRENT: internal cards/fields/options are mostly presentation-only until callbacks/state are added | planned meal/event changes must not rewrite consumed history","P1","Replace sequential scaffold routing with typed screen actions/ViewModel state; convert visual controls to real Compose inputs/click targets; add repository/use-case calls; add loading/error/offline/idempotency tests."
"FPL_006","FPL","Diet Preferences","WIRED: Continue -> next registry route; Back -> previous registry route","PARTIAL_PROTOTYPE","Save preferences","planning preferences/constraints","day/week/month plan | alternatives","","","targets;preferences;allergies;pantry;calendar;recipes","meal plan;planned meal;plan revision","constraint planning;meal candidate ranking;conflict detection","default","Save preferences => update plan constraints","CURRENT: generic Continue/Back wiring is registry-sequential, not product-semantic | CURRENT: internal cards/fields/options are mostly presentation-only until callbacks/state are added | planned meal/event changes must not rewrite consumed history","P1","Replace sequential scaffold routing with typed screen actions/ViewModel state; convert visual controls to real Compose inputs/click targets; add repository/use-case calls; add loading/error/offline/idempotency tests."
"FPL_007","FPL","Allergy Rules","WIRED: Continue -> next registry route; Back -> previous registry route","PARTIAL_PROTOTYPE","Save preferences","planning preferences/constraints","day/week/month plan | alternatives","","","targets;preferences;allergies;pantry;calendar;recipes","meal plan;planned meal;plan revision","constraint planning;meal candidate ranking;conflict detection","default","Save preferences => update plan constraints","CURRENT: generic Continue/Back wiring is registry-sequential, not product-semantic | CURRENT: internal cards/fields/options are mostly presentation-only until callbacks/state are added | planned meal/event changes must not rewrite consumed history","P1","Replace sequential scaffold routing with typed screen actions/ViewModel state; convert visual controls to real Compose inputs/click targets; add repository/use-case calls; add loading/error/offline/idempotency tests."
"FPL_008","FPL","Cuisine Preferences","WIRED: Continue -> next registry route; Back -> previous registry route","PARTIAL_PROTOTYPE","Save preferences","planning preferences/constraints","day/week/month plan | alternatives","","","targets;preferences;allergies;pantry;calendar;recipes","meal plan;planned meal;plan revision","constraint planning;meal candidate ranking;conflict detection","default","Save preferences => update plan constraints","CURRENT: generic Continue/Back wiring is registry-sequential, not product-semantic | CURRENT: internal cards/fields/options are mostly presentation-only until callbacks/state are added | planned meal/event changes must not rewrite consumed history","P1","Replace sequential scaffold routing with typed screen actions/ViewModel state; convert visual controls to real Compose inputs/click targets; add repository/use-case calls; add loading/error/offline/idempotency tests."
"FPL_009","FPL","Cooking Preferences","WIRED: Continue -> next registry route; Back -> previous registry route","PARTIAL_PROTOTYPE","Save preferences","planning preferences/constraints","day/week/month plan | alternatives","","","targets;preferences;allergies;pantry;calendar;recipes","meal plan;planned meal;plan revision","constraint planning;meal candidate ranking;conflict detection","default","Save preferences => update plan constraints","CURRENT: generic Continue/Back wiring is registry-sequential, not product-semantic | CURRENT: internal cards/fields/options are mostly presentation-only until callbacks/state are added | planned meal/event changes must not rewrite consumed history","P1","Replace sequential scaffold routing with typed screen actions/ViewModel state; convert visual controls to real Compose inputs/click targets; add repository/use-case calls; add loading/error/offline/idempotency tests."
"FPL_010","FPL","Budget Preferences","WIRED: Continue -> next registry route; Back -> previous registry route","PARTIAL_PROTOTYPE","Save preferences","planning preferences/constraints","day/week/month plan | alternatives","","","targets;preferences;allergies;pantry;calendar;recipes","meal plan;planned meal;plan revision","constraint planning;meal candidate ranking;conflict detection","default","Save preferences => update plan constraints","CURRENT: generic Continue/Back wiring is registry-sequential, not product-semantic | CURRENT: internal cards/fields/options are mostly presentation-only until callbacks/state are added | planned meal/event changes must not rewrite consumed history","P1","Replace sequential scaffold routing with typed screen actions/ViewModel state; convert visual controls to real Compose inputs/click targets; add repository/use-case calls; add loading/error/offline/idempotency tests."
"FPL_011","FPL","Pantry Context","WIRED: Continue -> next registry route; Back -> previous registry route","PARTIAL_PROTOTYPE","Save preferences","planning preferences/constraints","day/week/month plan | alternatives","","","targets;preferences;allergies;pantry;calendar;recipes","meal plan;planned meal;plan revision","constraint planning;meal candidate ranking;conflict detection","default","Save preferences => update plan constraints","CURRENT: generic Continue/Back wiring is registry-sequential, not product-semantic | CURRENT: internal cards/fields/options are mostly presentation-only until callbacks/state are added | planned meal/event changes must not rewrite consumed history","P1","Replace sequential scaffold routing with typed screen actions/ViewModel state; convert visual controls to real Compose inputs/click targets; add repository/use-case calls; add loading/error/offline/idempotency tests."
"FPL_012","FPL","Training Context","WIRED: Continue -> next registry route; Back -> previous registry route","PARTIAL_PROTOTYPE","Save preferences","planning preferences/constraints","day/week/month plan | alternatives","","","targets;preferences;allergies;pantry;calendar;recipes","meal plan;planned meal;plan revision","constraint planning;meal candidate ranking;conflict detection","default","Save preferences => update plan constraints","CURRENT: generic Continue/Back wiring is registry-sequential, not product-semantic | CURRENT: internal cards/fields/options are mostly presentation-only until callbacks/state are added | planned meal/event changes must not rewrite consumed history","P1","Replace sequential scaffold routing with typed screen actions/ViewModel state; convert visual controls to real Compose inputs/click targets; add repository/use-case calls; add loading/error/offline/idempotency tests."
"FPL_013","FPL","Plan Setup Review","WIRED: Continue -> next registry route; Back -> previous registry route","PARTIAL_PROTOTYPE","Generate plan","","day/week/month plan | alternatives","","","targets;preferences;allergies;pantry;calendar;recipes","meal plan;planned meal;plan revision","constraint planning;meal candidate ranking;conflict detection","default","Generate plan => start plan generation","CURRENT: generic Continue/Back wiring is registry-sequential, not product-semantic | CURRENT: internal cards/fields/options are mostly presentation-only until callbacks/state are added | planned meal/event changes must not rewrite consumed history","P1","Replace sequential scaffold routing with typed screen actions/ViewModel state; convert visual controls to real Compose inputs/click targets; add repository/use-case calls; add loading/error/offline/idempotency tests."
"FPL_014","FPL","Generating Meal Plan","WIRED: Continue -> next registry route; Back -> previous registry route","PARTIAL_PROTOTYPE","Leave and continue later | Cancel","","day/week/month plan | alternatives | progress/processing status","","","targets;preferences;allergies;pantry;calendar;recipes","meal plan;planned meal;plan revision","constraint planning;meal candidate ranking;conflict detection","default | processing","Leave and continue later => persist generation job | Cancel => cancel plan generation","CURRENT: generic Continue/Back wiring is registry-sequential, not product-semantic | CURRENT: internal cards/fields/options are mostly presentation-only until callbacks/state are added | planned meal/event changes must not rewrite consumed history","P1","Replace sequential scaffold routing with typed screen actions/ViewModel state; convert visual controls to real Compose inputs/click targets; add repository/use-case calls; add loading/error/offline/idempotency tests."
"FPL_015","FPL","Weekly Proposal","WIRED: Continue -> next registry route; Back -> previous registry route","PARTIAL_PROTOTYPE","Open day/meal","","day/week/month plan | alternatives","","","targets;preferences;allergies;pantry;calendar;recipes","meal plan;planned meal;plan revision","constraint planning;meal candidate ranking;conflict detection","default","Open day/meal => open proposal detail","CURRENT: generic Continue/Back wiring is registry-sequential, not product-semantic | CURRENT: internal cards/fields/options are mostly presentation-only until callbacks/state are added | planned meal/event changes must not rewrite consumed history","P1","Replace sequential scaffold routing with typed screen actions/ViewModel state; convert visual controls to real Compose inputs/click targets; add repository/use-case calls; add loading/error/offline/idempotency tests."
"FPL_016","FPL","Day Proposal","WIRED: Continue -> next registry route; Back -> previous registry route","PARTIAL_PROTOTYPE","Open day/meal","","day/week/month plan | alternatives","","","targets;preferences;allergies;pantry;calendar;recipes","meal plan;planned meal;plan revision","constraint planning;meal candidate ranking;conflict detection","default","Open day/meal => open proposal detail","CURRENT: generic Continue/Back wiring is registry-sequential, not product-semantic | CURRENT: internal cards/fields/options are mostly presentation-only until callbacks/state are added | planned meal/event changes must not rewrite consumed history","P1","Replace sequential scaffold routing with typed screen actions/ViewModel state; convert visual controls to real Compose inputs/click targets; add repository/use-case calls; add loading/error/offline/idempotency tests."
"FPL_017","FPL","Planned Meal Detail","WIRED: Continue -> next registry route; Back -> previous registry route","PARTIAL_PROTOTYPE","Swap | Change serving | Move meal","","day/week/month plan | alternatives","","","targets;preferences;allergies;pantry;calendar;recipes","meal plan;planned meal;plan revision","constraint planning;meal candidate ranking;conflict detection","default","Swap => open alternatives | Change serving => open Serving Change | Move meal => open Move Meal","CURRENT: generic Continue/Back wiring is registry-sequential, not product-semantic | CURRENT: internal cards/fields/options are mostly presentation-only until callbacks/state are added | planned meal/event changes must not rewrite consumed history","P1","Replace sequential scaffold routing with typed screen actions/ViewModel state; convert visual controls to real Compose inputs/click targets; add repository/use-case calls; add loading/error/offline/idempotency tests."
"FPL_018","FPL","Swap Meal","WIRED: Continue -> next registry route; Back -> previous registry route","PARTIAL_PROTOTYPE","Choose alternative","","day/week/month plan | alternatives","","","targets;preferences;allergies;pantry;calendar;recipes","meal plan;planned meal;plan revision","constraint planning;meal candidate ranking;conflict detection","default","Choose alternative => replace planned meal only","CURRENT: generic Continue/Back wiring is registry-sequential, not product-semantic | CURRENT: internal cards/fields/options are mostly presentation-only until callbacks/state are added | planned meal/event changes must not rewrite consumed history","P1","Replace sequential scaffold routing with typed screen actions/ViewModel state; convert visual controls to real Compose inputs/click targets; add repository/use-case calls; add loading/error/offline/idempotency tests."
"FPL_019","FPL","Meal Alternatives","WIRED: Continue -> next registry route; Back -> previous registry route","PARTIAL_PROTOTYPE","Choose alternative","","day/week/month plan | alternatives","","","targets;preferences;allergies;pantry;calendar;recipes","meal plan;planned meal;plan revision","constraint planning;meal candidate ranking;conflict detection","default","Choose alternative => replace planned meal only","CURRENT: generic Continue/Back wiring is registry-sequential, not product-semantic | CURRENT: internal cards/fields/options are mostly presentation-only until callbacks/state are added | planned meal/event changes must not rewrite consumed history","P1","Replace sequential scaffold routing with typed screen actions/ViewModel state; convert visual controls to real Compose inputs/click targets; add repository/use-case calls; add loading/error/offline/idempotency tests."
"FPL_020","FPL","Serving Change","WIRED: Continue -> next registry route; Back -> previous registry route","PARTIAL_PROTOTYPE","Save serving","planned serving","day/week/month plan | alternatives","","","targets;preferences;allergies;pantry;calendar;recipes","meal plan;planned meal;plan revision","constraint planning;meal candidate ranking;conflict detection","default","Save serving => update planned meal","CURRENT: generic Continue/Back wiring is registry-sequential, not product-semantic | CURRENT: internal cards/fields/options are mostly presentation-only until callbacks/state are added | planned meal/event changes must not rewrite consumed history","P1","Replace sequential scaffold routing with typed screen actions/ViewModel state; convert visual controls to real Compose inputs/click targets; add repository/use-case calls; add loading/error/offline/idempotency tests."
"FPL_021","FPL","Move Meal","WIRED: Continue -> next registry route; Back -> previous registry route","PARTIAL_PROTOTYPE","Save schedule","date/time","day/week/month plan | alternatives","","","targets;preferences;allergies;pantry;calendar;recipes","meal plan;planned meal;plan revision","constraint planning;meal candidate ranking;conflict detection","default","Save schedule => write calendar/plan event","CURRENT: generic Continue/Back wiring is registry-sequential, not product-semantic | CURRENT: internal cards/fields/options are mostly presentation-only until callbacks/state are added | planned meal/event changes must not rewrite consumed history","P1","Replace sequential scaffold routing with typed screen actions/ViewModel state; convert visual controls to real Compose inputs/click targets; add repository/use-case calls; add loading/error/offline/idempotency tests."
"FPL_022","FPL","Plan Conflict","WIRED: Continue -> next registry route; Back -> previous registry route","PARTIAL_PROTOTYPE","Resolve conflict","","day/week/month plan | alternatives","","","targets;preferences;allergies;pantry;calendar;recipes","meal plan;planned meal;plan revision","constraint planning;meal candidate ranking;conflict detection","default","Resolve conflict => open suggested alternatives","CURRENT: generic Continue/Back wiring is registry-sequential, not product-semantic | CURRENT: internal cards/fields/options are mostly presentation-only until callbacks/state are added | planned meal/event changes must not rewrite consumed history","P1","Replace sequential scaffold routing with typed screen actions/ViewModel state; convert visual controls to real Compose inputs/click targets; add repository/use-case calls; add loading/error/offline/idempotency tests."
"FPL_023","FPL","Confirm Plan","WIRED: Continue -> next registry route; Back -> previous registry route","PARTIAL_PROTOTYPE","Confirm plan","","day/week/month plan | alternatives","","","targets;preferences;allergies;pantry;calendar;recipes","meal plan;planned meal;plan revision","constraint planning;meal candidate ranking;conflict detection","default","Confirm plan => activate revision and write calendar events","CURRENT: generic Continue/Back wiring is registry-sequential, not product-semantic | CURRENT: internal cards/fields/options are mostly presentation-only until callbacks/state are added | planned meal/event changes must not rewrite consumed history | protect against duplicate submission; destructive/payment actions require confirmation/idempotency","P1","Replace sequential scaffold routing with typed screen actions/ViewModel state; convert visual controls to real Compose inputs/click targets; add repository/use-case calls; add loading/error/offline/idempotency tests."
"FPL_024","FPL","Plan Revision History","WIRED: Continue -> next registry route; Back -> previous registry route","PARTIAL_PROTOTYPE","Open revision","","day/week/month plan | alternatives","","","targets;preferences;allergies;pantry;calendar;recipes","meal plan;planned meal;plan revision","constraint planning;meal candidate ranking;conflict detection","default","Open revision => view immutable plan revision","CURRENT: generic Continue/Back wiring is registry-sequential, not product-semantic | CURRENT: internal cards/fields/options are mostly presentation-only until callbacks/state are added | planned meal/event changes must not rewrite consumed history","P1","Replace sequential scaffold routing with typed screen actions/ViewModel state; convert visual controls to real Compose inputs/click targets; add repository/use-case calls; add loading/error/offline/idempotency tests."
"FSH_001","FSH","Shop Dashboard","WIRED: Continue -> next registry route; Back -> previous registry route","PARTIAL_PROTOTYPE","Add item | Item row | Mark purchased","","shopping list | requirements","","","plan requirements;recipes;pantry;shopping list","shopping item;purchase status;pantry item","ingredient consolidation;duplicate merge","default","Add item => open Add Shopping Item | Item row => open Item Detail | Mark purchased => toggle purchase status","CURRENT: generic Continue/Back wiring is registry-sequential, not product-semantic | CURRENT: internal cards/fields/options are mostly presentation-only until callbacks/state are added","P1","Replace sequential scaffold routing with typed screen actions/ViewModel state; convert visual controls to real Compose inputs/click targets; add repository/use-case calls; add loading/error/offline/idempotency tests."
"FSH_002","FSH","Shopping List","WIRED: Continue -> next registry route; Back -> previous registry route","PARTIAL_PROTOTYPE","Add item | Item row | Mark purchased","","shopping list | requirements","","","plan requirements;recipes;pantry;shopping list","shopping item;purchase status;pantry item","ingredient consolidation;duplicate merge","default","Add item => open Add Shopping Item | Item row => open Item Detail | Mark purchased => toggle purchase status","CURRENT: generic Continue/Back wiring is registry-sequential, not product-semantic | CURRENT: internal cards/fields/options are mostly presentation-only until callbacks/state are added","P1","Replace sequential scaffold routing with typed screen actions/ViewModel state; convert visual controls to real Compose inputs/click targets; add repository/use-case calls; add loading/error/offline/idempotency tests."
"FSH_003","FSH","Shopping Item Detail","WIRED: Continue -> next registry route; Back -> previous registry route","PARTIAL_PROTOTYPE","Edit | Mark purchased","","shopping list | requirements","","","plan requirements;recipes;pantry;shopping list","shopping item;purchase status;pantry item","ingredient consolidation;duplicate merge","default","Edit => open Edit Shopping Item | Mark purchased => update purchase state","CURRENT: generic Continue/Back wiring is registry-sequential, not product-semantic | CURRENT: internal cards/fields/options are mostly presentation-only until callbacks/state are added","P1","Replace sequential scaffold routing with typed screen actions/ViewModel state; convert visual controls to real Compose inputs/click targets; add repository/use-case calls; add loading/error/offline/idempotency tests."
"FSH_004","FSH","Edit Shopping Item","WIRED: Continue -> next registry route; Back -> previous registry route","PARTIAL_PROTOTYPE","Save","item | quantity | note","shopping list | requirements","","","plan requirements;recipes;pantry;shopping list","shopping item;purchase status;pantry item","ingredient consolidation;duplicate merge","default","Save => update shopping item","CURRENT: generic Continue/Back wiring is registry-sequential, not product-semantic | CURRENT: internal cards/fields/options are mostly presentation-only until callbacks/state are added","P1","Replace sequential scaffold routing with typed screen actions/ViewModel state; convert visual controls to real Compose inputs/click targets; add repository/use-case calls; add loading/error/offline/idempotency tests."
"FSH_005","FSH","Mark Purchased","WIRED: Continue -> next registry route; Back -> previous registry route","PARTIAL_PROTOTYPE","Toggle status","","shopping list | requirements","","","plan requirements;recipes;pantry;shopping list","shopping item;purchase status;pantry item","ingredient consolidation;duplicate merge","default","Toggle status => change purchased state","CURRENT: generic Continue/Back wiring is registry-sequential, not product-semantic | CURRENT: internal cards/fields/options are mostly presentation-only until callbacks/state are added | protect against duplicate submission; destructive/payment actions require confirmation/idempotency","P1","Replace sequential scaffold routing with typed screen actions/ViewModel state; convert visual controls to real Compose inputs/click targets; add repository/use-case calls; add loading/error/offline/idempotency tests."
"FSH_006","FSH","Undo Purchased","WIRED: Continue -> next registry route; Back -> previous registry route","PARTIAL_PROTOTYPE","Toggle status","","shopping list | requirements","","","plan requirements;recipes;pantry;shopping list","shopping item;purchase status;pantry item","ingredient consolidation;duplicate merge","default","Toggle status => change purchased state","CURRENT: generic Continue/Back wiring is registry-sequential, not product-semantic | CURRENT: internal cards/fields/options are mostly presentation-only until callbacks/state are added | protect against duplicate submission; destructive/payment actions require confirmation/idempotency","P1","Replace sequential scaffold routing with typed screen actions/ViewModel state; convert visual controls to real Compose inputs/click targets; add repository/use-case calls; add loading/error/offline/idempotency tests."
"FSH_007","FSH","Add Shopping Item","WIRED: Continue -> next registry route; Back -> previous registry route","PARTIAL_PROTOTYPE","Add item","item | quantity | note","shopping list | requirements","","","plan requirements;recipes;pantry;shopping list","shopping item;purchase status;pantry item","ingredient consolidation;duplicate merge","default","Add item => write shopping item","CURRENT: generic Continue/Back wiring is registry-sequential, not product-semantic | CURRENT: internal cards/fields/options are mostly presentation-only until callbacks/state are added","P1","Replace sequential scaffold routing with typed screen actions/ViewModel state; convert visual controls to real Compose inputs/click targets; add repository/use-case calls; add loading/error/offline/idempotency tests."
"FSH_008","FSH","Search Grocery","WIRED: Continue -> next registry route; Back -> previous registry route","PARTIAL_PROTOTYPE","Search | Add result","grocery query","shopping list | requirements","","","plan requirements;recipes;pantry;shopping list","shopping item;purchase status;pantry item","ingredient consolidation;duplicate merge","default","Search => query grocery/food catalog | Add result => write shopping item","CURRENT: generic Continue/Back wiring is registry-sequential, not product-semantic | CURRENT: internal cards/fields/options are mostly presentation-only until callbacks/state are added","P1","Replace sequential scaffold routing with typed screen actions/ViewModel state; convert visual controls to real Compose inputs/click targets; add repository/use-case calls; add loading/error/offline/idempotency tests."
"FSH_009","FSH","Manual Grocery Item","WIRED: Continue -> next registry route; Back -> previous registry route","PARTIAL_PROTOTYPE","Add item","item | quantity | note","shopping list | requirements","","","plan requirements;recipes;pantry;shopping list","shopping item;purchase status;pantry item","ingredient consolidation;duplicate merge","default","Add item => write shopping item","CURRENT: generic Continue/Back wiring is registry-sequential, not product-semantic | CURRENT: internal cards/fields/options are mostly presentation-only until callbacks/state are added","P1","Replace sequential scaffold routing with typed screen actions/ViewModel state; convert visual controls to real Compose inputs/click targets; add repository/use-case calls; add loading/error/offline/idempotency tests."
"FSH_010","FSH","Scan Grocery Barcode","WIRED: Continue -> next registry route; Back -> previous registry route","PARTIAL_PROTOTYPE","Scan barcode","barcode scan","shopping list | requirements","","","plan requirements;recipes;pantry;shopping list","shopping item;purchase status;pantry item","ingredient consolidation;duplicate merge","default","Scan barcode => open barcode scan","CURRENT: generic Continue/Back wiring is registry-sequential, not product-semantic | CURRENT: internal cards/fields/options are mostly presentation-only until callbacks/state are added","P1","Replace sequential scaffold routing with typed screen actions/ViewModel state; convert visual controls to real Compose inputs/click targets; add repository/use-case calls; add loading/error/offline/idempotency tests."
"FSH_011","FSH","Plan Requirements","WIRED: Continue -> next registry route; Back -> previous registry route","PARTIAL_PROTOTYPE","Add/remove/mark available","","shopping list | requirements","","","plan requirements;recipes;pantry;shopping list","shopping item;purchase status;pantry item","ingredient consolidation;duplicate merge","default","Add/remove/mark available => update shopping/pantry state","CURRENT: generic Continue/Back wiring is registry-sequential, not product-semantic | CURRENT: internal cards/fields/options are mostly presentation-only until callbacks/state are added","P1","Replace sequential scaffold routing with typed screen actions/ViewModel state; convert visual controls to real Compose inputs/click targets; add repository/use-case calls; add loading/error/offline/idempotency tests."
"FSH_012","FSH","Consolidated Ingredients","WIRED: Continue -> next registry route; Back -> previous registry route","PARTIAL_PROTOTYPE","Add/remove/mark available","","shopping list | requirements","","","plan requirements;recipes;pantry;shopping list","shopping item;purchase status;pantry item","ingredient consolidation;duplicate merge","default","Add/remove/mark available => update shopping/pantry state","CURRENT: generic Continue/Back wiring is registry-sequential, not product-semantic | CURRENT: internal cards/fields/options are mostly presentation-only until callbacks/state are added","P1","Replace sequential scaffold routing with typed screen actions/ViewModel state; convert visual controls to real Compose inputs/click targets; add repository/use-case calls; add loading/error/offline/idempotency tests."
"FSH_013","FSH","Recipe Ingredients","WIRED: Continue -> next registry route; Back -> previous registry route","PARTIAL_PROTOTYPE","Add/remove/mark available","","shopping list | requirements","","","plan requirements;recipes;pantry;shopping list","shopping item;purchase status;pantry item","ingredient consolidation;duplicate merge","default","Add/remove/mark available => update shopping/pantry state","CURRENT: generic Continue/Back wiring is registry-sequential, not product-semantic | CURRENT: internal cards/fields/options are mostly presentation-only until callbacks/state are added","P1","Replace sequential scaffold routing with typed screen actions/ViewModel state; convert visual controls to real Compose inputs/click targets; add repository/use-case calls; add loading/error/offline/idempotency tests."
"FSH_014","FSH","Pantry","WIRED: Continue -> next registry route; Back -> previous registry route","PARTIAL_PROTOTYPE","Add/remove/mark available","","shopping list | requirements","","","plan requirements;recipes;pantry;shopping list","shopping item;purchase status;pantry item","ingredient consolidation;duplicate merge","default","Add/remove/mark available => update shopping/pantry state","CURRENT: generic Continue/Back wiring is registry-sequential, not product-semantic | CURRENT: internal cards/fields/options are mostly presentation-only until callbacks/state are added","P1","Replace sequential scaffold routing with typed screen actions/ViewModel state; convert visual controls to real Compose inputs/click targets; add repository/use-case calls; add loading/error/offline/idempotency tests."
"FSH_015","FSH","Shopping Empty","WIRED: Continue -> next registry route; Back -> previous registry route","PARTIAL_PROTOTYPE","Retry","","shopping list | requirements","","","plan requirements;recipes;pantry;shopping list","shopping item;purchase status;pantry item","ingredient consolidation;duplicate merge","default","Retry => recover shopping state","CURRENT: generic Continue/Back wiring is registry-sequential, not product-semantic | CURRENT: internal cards/fields/options are mostly presentation-only until callbacks/state are added","P1","Replace sequential scaffold routing with typed screen actions/ViewModel state; convert visual controls to real Compose inputs/click targets; add repository/use-case calls; add loading/error/offline/idempotency tests."
"FSH_016","FSH","Shopping Offline","WIRED: Continue -> next registry route; Back -> previous registry route","PARTIAL_PROTOTYPE","Retry","","shopping list | requirements | recovery/error state","","","plan requirements;recipes;pantry;shopping list","shopping item;purchase status;pantry item","ingredient consolidation;duplicate merge","default | offline","Retry => recover shopping state","CURRENT: generic Continue/Back wiring is registry-sequential, not product-semantic | CURRENT: internal cards/fields/options are mostly presentation-only until callbacks/state are added","P1","Replace sequential scaffold routing with typed screen actions/ViewModel state; convert visual controls to real Compose inputs/click targets; add repository/use-case calls; add loading/error/offline/idempotency tests."
"RCP_001","RCP","Recipes Dashboard","WIRED: Continue -> next registry route; Back -> previous registry route","PARTIAL_PROTOTYPE","Recipe row | Import | Create recipe","","recipe | import progress | review issues","","","recipes;food catalog;external source","recipe draft;recipe;recipe ingredient;plan/shop/meal links","source extraction;ingredient normalization;food matching;nutrition eligibility","default","Recipe row => open Recipe Detail | Import => open Import Source Choice | Create recipe => open Create Recipe","CURRENT: generic Continue/Back wiring is registry-sequential, not product-semantic | CURRENT: internal cards/fields/options are mostly presentation-only until callbacks/state are added | AI/provider result must remain draft until user confirms","P1","Replace sequential scaffold routing with typed screen actions/ViewModel state; convert visual controls to real Compose inputs/click targets; add repository/use-case calls; add loading/error/offline/idempotency tests."
"RCP_002","RCP","Saved Recipes","WIRED: Continue -> next registry route; Back -> previous registry route","PARTIAL_PROTOTYPE","Recipe row | Import | Create recipe","","recipe | import progress | review issues","","","recipes;food catalog;external source","recipe draft;recipe;recipe ingredient;plan/shop/meal links","source extraction;ingredient normalization;food matching;nutrition eligibility","default","Recipe row => open Recipe Detail | Import => open Import Source Choice | Create recipe => open Create Recipe","CURRENT: generic Continue/Back wiring is registry-sequential, not product-semantic | CURRENT: internal cards/fields/options are mostly presentation-only until callbacks/state are added | AI/provider result must remain draft until user confirms","P1","Replace sequential scaffold routing with typed screen actions/ViewModel state; convert visual controls to real Compose inputs/click targets; add repository/use-case calls; add loading/error/offline/idempotency tests."
"RCP_003","RCP","Recipe Search","WIRED: Continue -> next registry route; Back -> previous registry route","PARTIAL_PROTOTYPE","Search | Result","recipe query","recipe | import progress | review issues","","","recipes;food catalog;external source","recipe draft;recipe;recipe ingredient;plan/shop/meal links","source extraction;ingredient normalization;food matching;nutrition eligibility","default","Search => query recipes | Result => open Recipe Detail","CURRENT: generic Continue/Back wiring is registry-sequential, not product-semantic | CURRENT: internal cards/fields/options are mostly presentation-only until callbacks/state are added | AI/provider result must remain draft until user confirms","P1","Replace sequential scaffold routing with typed screen actions/ViewModel state; convert visual controls to real Compose inputs/click targets; add repository/use-case calls; add loading/error/offline/idempotency tests."
"RCP_004","RCP","Recipe Results","WIRED: Continue -> next registry route; Back -> previous registry route","PARTIAL_PROTOTYPE","Recipe row | Import | Create recipe","","recipe | import progress | review issues","","","recipes;food catalog;external source","recipe draft;recipe;recipe ingredient;plan/shop/meal links","source extraction;ingredient normalization;food matching;nutrition eligibility","default","Recipe row => open Recipe Detail | Import => open Import Source Choice | Create recipe => open Create Recipe","CURRENT: generic Continue/Back wiring is registry-sequential, not product-semantic | CURRENT: internal cards/fields/options are mostly presentation-only until callbacks/state are added | AI/provider result must remain draft until user confirms","P1","Replace sequential scaffold routing with typed screen actions/ViewModel state; convert visual controls to real Compose inputs/click targets; add repository/use-case calls; add loading/error/offline/idempotency tests."
"RCP_005","RCP","Recipe Detail","WIRED: Continue -> next registry route; Back -> previous registry route","PARTIAL_PROTOTYPE","Cook | Add to Plan | Add to Shop | Log meal","","recipe | import progress | review issues","","","recipes;food catalog;external source","recipe draft;recipe;recipe ingredient;plan/shop/meal links","source extraction;ingredient normalization;food matching;nutrition eligibility","default","Cook => open Cooking Mode | Add to Plan => open plan placement | Add to Shop => add missing ingredients | Log meal => open log confirmation","CURRENT: generic Continue/Back wiring is registry-sequential, not product-semantic | CURRENT: internal cards/fields/options are mostly presentation-only until callbacks/state are added | AI/provider result must remain draft until user confirms","P1","Replace sequential scaffold routing with typed screen actions/ViewModel state; convert visual controls to real Compose inputs/click targets; add repository/use-case calls; add loading/error/offline/idempotency tests."
"RCP_006","RCP","Recipe Nutrition","WIRED: Continue -> next registry route; Back -> previous registry route","PARTIAL_PROTOTYPE","Back to recipe","","recipe | import progress | review issues","","","recipes;food catalog;external source","recipe draft;recipe;recipe ingredient;plan/shop/meal links","source extraction;ingredient normalization;food matching;nutrition eligibility","default","Back to recipe => return Recipe Detail","CURRENT: generic Continue/Back wiring is registry-sequential, not product-semantic | CURRENT: internal cards/fields/options are mostly presentation-only until callbacks/state are added | AI/provider result must remain draft until user confirms","P1","Replace sequential scaffold routing with typed screen actions/ViewModel state; convert visual controls to real Compose inputs/click targets; add repository/use-case calls; add loading/error/offline/idempotency tests."
"RCP_007","RCP","Recipe Ingredients","WIRED: Continue -> next registry route; Back -> previous registry route","PARTIAL_PROTOTYPE","Back to recipe","","recipe | import progress | review issues","","","recipes;food catalog;external source","recipe draft;recipe;recipe ingredient;plan/shop/meal links","source extraction;ingredient normalization;food matching;nutrition eligibility","default","Back to recipe => return Recipe Detail","CURRENT: generic Continue/Back wiring is registry-sequential, not product-semantic | CURRENT: internal cards/fields/options are mostly presentation-only until callbacks/state are added | AI/provider result must remain draft until user confirms","P1","Replace sequential scaffold routing with typed screen actions/ViewModel state; convert visual controls to real Compose inputs/click targets; add repository/use-case calls; add loading/error/offline/idempotency tests."
"RCP_008","RCP","Cooking Mode","WIRED: Continue -> next registry route; Back -> previous registry route","PARTIAL_PROTOTYPE","Next step | Timer","","recipe | import progress | review issues","","","recipes;food catalog;external source","recipe draft;recipe;recipe ingredient;plan/shop/meal links","source extraction;ingredient normalization;food matching;nutrition eligibility","default","Next step => advance step | Timer => open Cooking Timer","CURRENT: generic Continue/Back wiring is registry-sequential, not product-semantic | CURRENT: internal cards/fields/options are mostly presentation-only until callbacks/state are added | AI/provider result must remain draft until user confirms","P1","Replace sequential scaffold routing with typed screen actions/ViewModel state; convert visual controls to real Compose inputs/click targets; add repository/use-case calls; add loading/error/offline/idempotency tests."
"RCP_009","RCP","Cooking Timer","WIRED: Continue -> next registry route; Back -> previous registry route","PARTIAL_PROTOTYPE","Pause/Resume timer | Done","","recipe | import progress | review issues","","","recipes;food catalog;external source","recipe draft;recipe;recipe ingredient;plan/shop/meal links","source extraction;ingredient normalization;food matching;nutrition eligibility","default","Pause/Resume timer => control timer | Done => return Cooking Mode","CURRENT: generic Continue/Back wiring is registry-sequential, not product-semantic | CURRENT: internal cards/fields/options are mostly presentation-only until callbacks/state are added | AI/provider result must remain draft until user confirms","P1","Replace sequential scaffold routing with typed screen actions/ViewModel state; convert visual controls to real Compose inputs/click targets; add repository/use-case calls; add loading/error/offline/idempotency tests."
"RCP_010","RCP","Serving Adjust","WIRED: Continue -> next registry route; Back -> previous registry route","PARTIAL_PROTOTYPE","Save servings","servings","recipe | import progress | review issues","","","recipes;food catalog;external source","recipe draft;recipe;recipe ingredient;plan/shop/meal links","source extraction;ingredient normalization;food matching;nutrition eligibility","default","Save servings => recalculate recipe draft","CURRENT: generic Continue/Back wiring is registry-sequential, not product-semantic | CURRENT: internal cards/fields/options are mostly presentation-only until callbacks/state are added | AI/provider result must remain draft until user confirms","P1","Replace sequential scaffold routing with typed screen actions/ViewModel state; convert visual controls to real Compose inputs/click targets; add repository/use-case calls; add loading/error/offline/idempotency tests."
"RCP_011","RCP","Ingredient Substitution","WIRED: Continue -> next registry route; Back -> previous registry route","PARTIAL_PROTOTYPE","Choose substitute","","recipe | import progress | review issues","","","recipes;food catalog;external source","recipe draft;recipe;recipe ingredient;plan/shop/meal links","source extraction;ingredient normalization;food matching;nutrition eligibility","default","Choose substitute => update recipe draft","CURRENT: generic Continue/Back wiring is registry-sequential, not product-semantic | CURRENT: internal cards/fields/options are mostly presentation-only until callbacks/state are added | AI/provider result must remain draft until user confirms","P1","Replace sequential scaffold routing with typed screen actions/ViewModel state; convert visual controls to real Compose inputs/click targets; add repository/use-case calls; add loading/error/offline/idempotency tests."
"RCP_012","RCP","Add Recipe to Plan","WIRED: Continue -> next registry route; Back -> previous registry route","PARTIAL_PROTOTYPE","Add to plan","","recipe | import progress | review issues","","","recipes;food catalog;external source","recipe draft;recipe;recipe ingredient;plan/shop/meal links","source extraction;ingredient normalization;food matching;nutrition eligibility","default","Add to plan => write planned meal/calendar event","CURRENT: generic Continue/Back wiring is registry-sequential, not product-semantic | CURRENT: internal cards/fields/options are mostly presentation-only until callbacks/state are added | AI/provider result must remain draft until user confirms","P1","Replace sequential scaffold routing with typed screen actions/ViewModel state; convert visual controls to real Compose inputs/click targets; add repository/use-case calls; add loading/error/offline/idempotency tests."
"RCP_013","RCP","Add Recipe to Shop","WIRED: Continue -> next registry route; Back -> previous registry route","PARTIAL_PROTOTYPE","Add missing ingredients","","recipe | import progress | review issues","","","recipes;food catalog;external source","recipe draft;recipe;recipe ingredient;plan/shop/meal links","source extraction;ingredient normalization;food matching;nutrition eligibility","default","Add missing ingredients => write shopping items","CURRENT: generic Continue/Back wiring is registry-sequential, not product-semantic | CURRENT: internal cards/fields/options are mostly presentation-only until callbacks/state are added | AI/provider result must remain draft until user confirms","P1","Replace sequential scaffold routing with typed screen actions/ViewModel state; convert visual controls to real Compose inputs/click targets; add repository/use-case calls; add loading/error/offline/idempotency tests."
"RCP_014","RCP","Log Recipe as Meal","WIRED: Continue -> next registry route; Back -> previous registry route","PARTIAL_PROTOTYPE","Confirm meal","","recipe | import progress | review issues","","","recipes;food catalog;external source","recipe draft;recipe;recipe ingredient;plan/shop/meal links","source extraction;ingredient normalization;food matching;nutrition eligibility","default","Confirm meal => write confirmed meal","CURRENT: generic Continue/Back wiring is registry-sequential, not product-semantic | CURRENT: internal cards/fields/options are mostly presentation-only until callbacks/state are added | AI/provider result must remain draft until user confirms","P1","Replace sequential scaffold routing with typed screen actions/ViewModel state; convert visual controls to real Compose inputs/click targets; add repository/use-case calls; add loading/error/offline/idempotency tests."
"RCP_015","RCP","Create Recipe","WIRED: Continue -> next registry route; Back -> previous registry route","PARTIAL_PROTOTYPE","Save draft | Continue","recipe name | servings | prep time","recipe | import progress | review issues","","","recipes;food catalog;external source","recipe draft;recipe;recipe ingredient;plan/shop/meal links","source extraction;ingredient normalization;food matching;nutrition eligibility","default","Save draft => persist recipe draft | Continue => next creation step","CURRENT: generic Continue/Back wiring is registry-sequential, not product-semantic | CURRENT: internal cards/fields/options are mostly presentation-only until callbacks/state are added | AI/provider result must remain draft until user confirms","P1","Replace sequential scaffold routing with typed screen actions/ViewModel state; convert visual controls to real Compose inputs/click targets; add repository/use-case calls; add loading/error/offline/idempotency tests."
"RCP_016","RCP","Create Recipe Metadata","WIRED: Continue -> next registry route; Back -> previous registry route","PARTIAL_PROTOTYPE","Save draft | Continue","recipe name | servings | prep time","recipe | import progress | review issues","","","recipes;food catalog;external source","recipe draft;recipe;recipe ingredient;plan/shop/meal links","source extraction;ingredient normalization;food matching;nutrition eligibility","default","Save draft => persist recipe draft | Continue => next creation step","CURRENT: generic Continue/Back wiring is registry-sequential, not product-semantic | CURRENT: internal cards/fields/options are mostly presentation-only until callbacks/state are added | AI/provider result must remain draft until user confirms","P1","Replace sequential scaffold routing with typed screen actions/ViewModel state; convert visual controls to real Compose inputs/click targets; add repository/use-case calls; add loading/error/offline/idempotency tests."
"RCP_017","RCP","Create Recipe Ingredients","WIRED: Continue -> next registry route; Back -> previous registry route","PARTIAL_PROTOTYPE","Back to recipe","recipe name | servings | prep time | ingredient | quantity","recipe | import progress | review issues","","","recipes;food catalog;external source","recipe draft;recipe;recipe ingredient;plan/shop/meal links","source extraction;ingredient normalization;food matching;nutrition eligibility","default","Back to recipe => return Recipe Detail","CURRENT: generic Continue/Back wiring is registry-sequential, not product-semantic | CURRENT: internal cards/fields/options are mostly presentation-only until callbacks/state are added | AI/provider result must remain draft until user confirms","P1","Replace sequential scaffold routing with typed screen actions/ViewModel state; convert visual controls to real Compose inputs/click targets; add repository/use-case calls; add loading/error/offline/idempotency tests."
"RCP_018","RCP","Create Recipe Steps","WIRED: Continue -> next registry route; Back -> previous registry route","PARTIAL_PROTOTYPE","Save draft | Continue","recipe name | servings | prep time","recipe | import progress | review issues","","","recipes;food catalog;external source","recipe draft;recipe;recipe ingredient;plan/shop/meal links","source extraction;ingredient normalization;food matching;nutrition eligibility","default","Save draft => persist recipe draft | Continue => next creation step","CURRENT: generic Continue/Back wiring is registry-sequential, not product-semantic | CURRENT: internal cards/fields/options are mostly presentation-only until callbacks/state are added | AI/provider result must remain draft until user confirms","P1","Replace sequential scaffold routing with typed screen actions/ViewModel state; convert visual controls to real Compose inputs/click targets; add repository/use-case calls; add loading/error/offline/idempotency tests."
"RCP_019","RCP","Create Recipe Review","WIRED: Continue -> next registry route; Back -> previous registry route","PARTIAL_PROTOTYPE","Save draft | Continue","recipe name | servings | prep time","recipe | import progress | review issues","","","recipes;food catalog;external source","recipe draft;recipe;recipe ingredient;plan/shop/meal links","source extraction;ingredient normalization;food matching;nutrition eligibility","default","Save draft => persist recipe draft | Continue => next creation step","CURRENT: generic Continue/Back wiring is registry-sequential, not product-semantic | CURRENT: internal cards/fields/options are mostly presentation-only until callbacks/state are added | AI/provider result must remain draft until user confirms","P1","Replace sequential scaffold routing with typed screen actions/ViewModel state; convert visual controls to real Compose inputs/click targets; add repository/use-case calls; add loading/error/offline/idempotency tests."
"RCP_020","RCP","Import Source Choice","WIRED: Continue -> next registry route; Back -> previous registry route","PARTIAL_PROTOTYPE","YouTube | Web | Text","","recipe | import progress | review issues","","","recipes;food catalog;external source","recipe draft;recipe;recipe ingredient;plan/shop/meal links","source extraction;ingredient normalization;food matching;nutrition eligibility","default","YouTube => open YouTube Import | Web => open Web Import | Text => open Text Import","CURRENT: generic Continue/Back wiring is registry-sequential, not product-semantic | CURRENT: internal cards/fields/options are mostly presentation-only until callbacks/state are added | AI/provider result must remain draft until user confirms","P1","Replace sequential scaffold routing with typed screen actions/ViewModel state; convert visual controls to real Compose inputs/click targets; add repository/use-case calls; add loading/error/offline/idempotency tests."
"RCP_021","RCP","YouTube Import","WIRED: Continue -> next registry route; Back -> previous registry route","PARTIAL_PROTOTYPE","Start import","source URL","recipe | import progress | review issues","","","recipes;food catalog;external source","recipe draft;recipe;recipe ingredient;plan/shop/meal links","source extraction;ingredient normalization;food matching;nutrition eligibility","default","Start import => create resumable import job","CURRENT: generic Continue/Back wiring is registry-sequential, not product-semantic | CURRENT: internal cards/fields/options are mostly presentation-only until callbacks/state are added | AI/provider result must remain draft until user confirms","P1","Replace sequential scaffold routing with typed screen actions/ViewModel state; convert visual controls to real Compose inputs/click targets; add repository/use-case calls; add loading/error/offline/idempotency tests."
"RCP_022","RCP","Web Import","WIRED: Continue -> next registry route; Back -> previous registry route","PARTIAL_PROTOTYPE","Start import","source URL","recipe | import progress | review issues","","","recipes;food catalog;external source","recipe draft;recipe;recipe ingredient;plan/shop/meal links","source extraction;ingredient normalization;food matching;nutrition eligibility","default","Start import => create resumable import job","CURRENT: generic Continue/Back wiring is registry-sequential, not product-semantic | CURRENT: internal cards/fields/options are mostly presentation-only until callbacks/state are added | AI/provider result must remain draft until user confirms","P1","Replace sequential scaffold routing with typed screen actions/ViewModel state; convert visual controls to real Compose inputs/click targets; add repository/use-case calls; add loading/error/offline/idempotency tests."
"RCP_023","RCP","Text Import","WIRED: Continue -> next registry route; Back -> previous registry route","PARTIAL_PROTOTYPE","Start import","recipe text","recipe | import progress | review issues","","","recipes;food catalog;external source","recipe draft;recipe;recipe ingredient;plan/shop/meal links","source extraction;ingredient normalization;food matching;nutrition eligibility","default","Start import => create resumable import job","CURRENT: generic Continue/Back wiring is registry-sequential, not product-semantic | CURRENT: internal cards/fields/options are mostly presentation-only until callbacks/state are added | AI/provider result must remain draft until user confirms","P1","Replace sequential scaffold routing with typed screen actions/ViewModel state; convert visual controls to real Compose inputs/click targets; add repository/use-case calls; add loading/error/offline/idempotency tests."
"RCP_024","RCP","Validate Import Source","WIRED: Continue -> next registry route; Back -> previous registry route","PARTIAL_PROTOTYPE","Leave and return | Cancel import","","recipe | import progress | review issues","","","recipes;food catalog;external source","recipe draft;recipe;recipe ingredient;plan/shop/meal links","source extraction;ingredient normalization;food matching;nutrition eligibility","default","Leave and return => persist import job | Cancel import => cancel with confirmation","CURRENT: generic Continue/Back wiring is registry-sequential, not product-semantic | CURRENT: internal cards/fields/options are mostly presentation-only until callbacks/state are added | AI/provider result must remain draft until user confirms","P1","Replace sequential scaffold routing with typed screen actions/ViewModel state; convert visual controls to real Compose inputs/click targets; add repository/use-case calls; add loading/error/offline/idempotency tests."
"RCP_025","RCP","Import Queued","WIRED: Continue -> next registry route; Back -> previous registry route","PARTIAL_PROTOTYPE","Leave and return | Cancel import","","recipe | import progress | review issues | progress/processing status","","","recipes;food catalog;external source","recipe draft;recipe;recipe ingredient;plan/shop/meal links","source extraction;ingredient normalization;food matching;nutrition eligibility","default | processing","Leave and return => persist import job | Cancel import => cancel with confirmation","CURRENT: generic Continue/Back wiring is registry-sequential, not product-semantic | CURRENT: internal cards/fields/options are mostly presentation-only until callbacks/state are added | AI/provider result must remain draft until user confirms","P1","Replace sequential scaffold routing with typed screen actions/ViewModel state; convert visual controls to real Compose inputs/click targets; add repository/use-case calls; add loading/error/offline/idempotency tests."
"RCP_026","RCP","Reading Source","WIRED: Continue -> next registry route; Back -> previous registry route","PARTIAL_PROTOTYPE","Leave and return | Cancel import","","recipe | import progress | review issues | progress/processing status","","","recipes;food catalog;external source","recipe draft;recipe;recipe ingredient;plan/shop/meal links","source extraction;ingredient normalization;food matching;nutrition eligibility","default | processing","Leave and return => persist import job | Cancel import => cancel with confirmation","CURRENT: generic Continue/Back wiring is registry-sequential, not product-semantic | CURRENT: internal cards/fields/options are mostly presentation-only until callbacks/state are added | AI/provider result must remain draft until user confirms","P1","Replace sequential scaffold routing with typed screen actions/ViewModel state; convert visual controls to real Compose inputs/click targets; add repository/use-case calls; add loading/error/offline/idempotency tests."
"RCP_027","RCP","Extracting Recipe Evidence","WIRED: Continue -> next registry route; Back -> previous registry route","PARTIAL_PROTOTYPE","Leave and return | Cancel import","","recipe | import progress | review issues | progress/processing status","","","recipes;food catalog;external source","recipe draft;recipe;recipe ingredient;plan/shop/meal links","source extraction;ingredient normalization;food matching;nutrition eligibility","default | processing","Leave and return => persist import job | Cancel import => cancel with confirmation","CURRENT: generic Continue/Back wiring is registry-sequential, not product-semantic | CURRENT: internal cards/fields/options are mostly presentation-only until callbacks/state are added | AI/provider result must remain draft until user confirms","P1","Replace sequential scaffold routing with typed screen actions/ViewModel state; convert visual controls to real Compose inputs/click targets; add repository/use-case calls; add loading/error/offline/idempotency tests."
"RCP_028","RCP","Normalizing Ingredients","WIRED: Continue -> next registry route; Back -> previous registry route","PARTIAL_PROTOTYPE","Back to recipe","","recipe | import progress | review issues","","","recipes;food catalog;external source","recipe draft;recipe;recipe ingredient;plan/shop/meal links","source extraction;ingredient normalization;food matching;nutrition eligibility","default","Back to recipe => return Recipe Detail","CURRENT: generic Continue/Back wiring is registry-sequential, not product-semantic | CURRENT: internal cards/fields/options are mostly presentation-only until callbacks/state are added | AI/provider result must remain draft until user confirms","P1","Replace sequential scaffold routing with typed screen actions/ViewModel state; convert visual controls to real Compose inputs/click targets; add repository/use-case calls; add loading/error/offline/idempotency tests."
"RCP_029","RCP","Matching Trusted Foods","WIRED: Continue -> next registry route; Back -> previous registry route","PARTIAL_PROTOTYPE","Leave and return | Cancel import","","recipe | import progress | review issues","","","recipes;food catalog;external source","recipe draft;recipe;recipe ingredient;plan/shop/meal links","source extraction;ingredient normalization;food matching;nutrition eligibility","default | processing","Leave and return => persist import job | Cancel import => cancel with confirmation","CURRENT: generic Continue/Back wiring is registry-sequential, not product-semantic | CURRENT: internal cards/fields/options are mostly presentation-only until callbacks/state are added | AI/provider result must remain draft until user confirms","P1","Replace sequential scaffold routing with typed screen actions/ViewModel state; convert visual controls to real Compose inputs/click targets; add repository/use-case calls; add loading/error/offline/idempotency tests."
"RCP_030","RCP","Checking Nutrition Eligibility","WIRED: Continue -> next registry route; Back -> previous registry route","PARTIAL_PROTOTYPE","Back to recipe","","recipe | import progress | review issues","","","recipes;food catalog;external source","recipe draft;recipe;recipe ingredient;plan/shop/meal links","source extraction;ingredient normalization;food matching;nutrition eligibility","default | processing","Back to recipe => return Recipe Detail","CURRENT: generic Continue/Back wiring is registry-sequential, not product-semantic | CURRENT: internal cards/fields/options are mostly presentation-only until callbacks/state are added | AI/provider result must remain draft until user confirms","P1","Replace sequential scaffold routing with typed screen actions/ViewModel state; convert visual controls to real Compose inputs/click targets; add repository/use-case calls; add loading/error/offline/idempotency tests."
"RCP_031","RCP","Import Needs Review","WIRED: Continue -> next registry route; Back -> previous registry route","PARTIAL_PROTOTYPE","Correct issue","correction","recipe | import progress | review issues","","","recipes;food catalog;external source","recipe draft;recipe;recipe ingredient;plan/shop/meal links","source extraction;ingredient normalization;food matching;nutrition eligibility","default","Correct issue => update recipe import draft","CURRENT: generic Continue/Back wiring is registry-sequential, not product-semantic | CURRENT: internal cards/fields/options are mostly presentation-only until callbacks/state are added | AI/provider result must remain draft until user confirms","P1","Replace sequential scaffold routing with typed screen actions/ViewModel state; convert visual controls to real Compose inputs/click targets; add repository/use-case calls; add loading/error/offline/idempotency tests."
"RCP_032","RCP","Unresolved Ingredient","WIRED: Continue -> next registry route; Back -> previous registry route","PARTIAL_PROTOTYPE","Correct issue","correction","recipe | import progress | review issues","","","recipes;food catalog;external source","recipe draft;recipe;recipe ingredient;plan/shop/meal links","source extraction;ingredient normalization;food matching;nutrition eligibility","default","Correct issue => update recipe import draft","CURRENT: generic Continue/Back wiring is registry-sequential, not product-semantic | CURRENT: internal cards/fields/options are mostly presentation-only until callbacks/state are added | AI/provider result must remain draft until user confirms","P1","Replace sequential scaffold routing with typed screen actions/ViewModel state; convert visual controls to real Compose inputs/click targets; add repository/use-case calls; add loading/error/offline/idempotency tests."
"RCP_033","RCP","Missing Quantity","WIRED: Continue -> next registry route; Back -> previous registry route","PARTIAL_PROTOTYPE","Correct issue","correction","recipe | import progress | review issues","","","recipes;food catalog;external source","recipe draft;recipe;recipe ingredient;plan/shop/meal links","source extraction;ingredient normalization;food matching;nutrition eligibility","default","Correct issue => update recipe import draft","CURRENT: generic Continue/Back wiring is registry-sequential, not product-semantic | CURRENT: internal cards/fields/options are mostly presentation-only until callbacks/state are added | AI/provider result must remain draft until user confirms","P1","Replace sequential scaffold routing with typed screen actions/ViewModel state; convert visual controls to real Compose inputs/click targets; add repository/use-case calls; add loading/error/offline/idempotency tests."
"RCP_034","RCP","Missing Servings","WIRED: Continue -> next registry route; Back -> previous registry route","PARTIAL_PROTOTYPE","Correct issue","correction","recipe | import progress | review issues","","","recipes;food catalog;external source","recipe draft;recipe;recipe ingredient;plan/shop/meal links","source extraction;ingredient normalization;food matching;nutrition eligibility","default","Correct issue => update recipe import draft","CURRENT: generic Continue/Back wiring is registry-sequential, not product-semantic | CURRENT: internal cards/fields/options are mostly presentation-only until callbacks/state are added | AI/provider result must remain draft until user confirms","P1","Replace sequential scaffold routing with typed screen actions/ViewModel state; convert visual controls to real Compose inputs/click targets; add repository/use-case calls; add loading/error/offline/idempotency tests."
"RCP_035","RCP","Recipe Import Confirmation","WIRED: Continue -> next registry route; Back -> previous registry route","PARTIAL_PROTOTYPE","Save recipe","","recipe | import progress | review issues","","","recipes;food catalog;external source","recipe draft;recipe;recipe ingredient;plan/shop/meal links","source extraction;ingredient normalization;food matching;nutrition eligibility","default | confirmation","Save recipe => promote reviewed draft to canonical recipe","CURRENT: generic Continue/Back wiring is registry-sequential, not product-semantic | CURRENT: internal cards/fields/options are mostly presentation-only until callbacks/state are added | AI/provider result must remain draft until user confirms | protect against duplicate submission; destructive/payment actions require confirmation/idempotency","P1","Replace sequential scaffold routing with typed screen actions/ViewModel state; convert visual controls to real Compose inputs/click targets; add repository/use-case calls; add loading/error/offline/idempotency tests."
"RCP_036","RCP","Recipe Import Failure","WIRED: Continue -> next registry route; Back -> previous registry route","PARTIAL_PROTOTYPE","Retry | Manual recipe","","recipe | import progress | review issues | recovery/error state","","","recipes;food catalog;external source","recipe draft;recipe;recipe ingredient;plan/shop/meal links","source extraction;ingredient normalization;food matching;nutrition eligibility","default | error/retry","Retry => retry import | Manual recipe => open manual create","CURRENT: generic Continue/Back wiring is registry-sequential, not product-semantic | CURRENT: internal cards/fields/options are mostly presentation-only until callbacks/state are added | AI/provider result must remain draft until user confirms","P1","Replace sequential scaffold routing with typed screen actions/ViewModel state; convert visual controls to real Compose inputs/click targets; add repository/use-case calls; add loading/error/offline/idempotency tests."
"TRS_001","TRS","Train Setup Welcome","WIRED: Continue -> next registry route; Back -> previous registry route","PARTIAL_PROTOTYPE","Continue | Back","","training setup | plan preview","","","profile;limitations;equipment","training preferences;setup draft;program activation","plan generation eligibility","default","Continue => save current setup step and advance | Back => return prior step","CURRENT: generic Continue/Back wiring is registry-sequential, not product-semantic | CURRENT: internal cards/fields/options are mostly presentation-only until callbacks/state are added","P1","Replace sequential scaffold routing with typed screen actions/ViewModel state; convert visual controls to real Compose inputs/click targets; add repository/use-case calls; add loading/error/offline/idempotency tests."
"TRS_002","TRS","Training Experience","WIRED: Continue -> next registry route; Back -> previous registry route","PARTIAL_PROTOTYPE","Continue | Back","experience","training setup | plan preview","","","profile;limitations;equipment","training preferences;setup draft;program activation","plan generation eligibility","default","Continue => save current setup step and advance | Back => return prior step","CURRENT: generic Continue/Back wiring is registry-sequential, not product-semantic | CURRENT: internal cards/fields/options are mostly presentation-only until callbacks/state are added","P1","Replace sequential scaffold routing with typed screen actions/ViewModel state; convert visual controls to real Compose inputs/click targets; add repository/use-case calls; add loading/error/offline/idempotency tests."
"TRS_003","TRS","Activity Experience","WIRED: Continue -> next registry route; Back -> previous registry route","PARTIAL_PROTOTYPE","Continue | Back","experience","training setup | plan preview","","","profile;limitations;equipment","training preferences;setup draft;program activation","plan generation eligibility","default","Continue => save current setup step and advance | Back => return prior step","CURRENT: generic Continue/Back wiring is registry-sequential, not product-semantic | CURRENT: internal cards/fields/options are mostly presentation-only until callbacks/state are added","P1","Replace sequential scaffold routing with typed screen actions/ViewModel state; convert visual controls to real Compose inputs/click targets; add repository/use-case calls; add loading/error/offline/idempotency tests."
"TRS_004","TRS","Training Goal","WIRED: Continue -> next registry route; Back -> previous registry route","PARTIAL_PROTOTYPE","Continue | Back","training goal","training setup | plan preview","","","profile;limitations;equipment","training preferences;setup draft;program activation","plan generation eligibility","default","Continue => save current setup step and advance | Back => return prior step","CURRENT: generic Continue/Back wiring is registry-sequential, not product-semantic | CURRENT: internal cards/fields/options are mostly presentation-only until callbacks/state are added","P1","Replace sequential scaffold routing with typed screen actions/ViewModel state; convert visual controls to real Compose inputs/click targets; add repository/use-case calls; add loading/error/offline/idempotency tests."
"TRS_005","TRS","Preferred Activities","WIRED: Continue -> next registry route; Back -> previous registry route","PARTIAL_PROTOTYPE","Continue | Back","preferred activities","training setup | plan preview","","","profile;limitations;equipment","training preferences;setup draft;program activation","plan generation eligibility","default","Continue => save current setup step and advance | Back => return prior step","CURRENT: generic Continue/Back wiring is registry-sequential, not product-semantic | CURRENT: internal cards/fields/options are mostly presentation-only until callbacks/state are added","P1","Replace sequential scaffold routing with typed screen actions/ViewModel state; convert visual controls to real Compose inputs/click targets; add repository/use-case calls; add loading/error/offline/idempotency tests."
"TRS_006","TRS","Environment","WIRED: Continue -> next registry route; Back -> previous registry route","PARTIAL_PROTOTYPE","Continue | Back","environment","training setup | plan preview","","","profile;limitations;equipment","training preferences;setup draft;program activation","plan generation eligibility","default","Continue => save current setup step and advance | Back => return prior step","CURRENT: generic Continue/Back wiring is registry-sequential, not product-semantic | CURRENT: internal cards/fields/options are mostly presentation-only until callbacks/state are added","P1","Replace sequential scaffold routing with typed screen actions/ViewModel state; convert visual controls to real Compose inputs/click targets; add repository/use-case calls; add loading/error/offline/idempotency tests."
"TRS_007","TRS","Equipment","WIRED: Continue -> next registry route; Back -> previous registry route","PARTIAL_PROTOTYPE","Continue | Back","available equipment","training setup | plan preview","","","profile;limitations;equipment","training preferences;setup draft;program activation","plan generation eligibility","default","Continue => save current setup step and advance | Back => return prior step","CURRENT: generic Continue/Back wiring is registry-sequential, not product-semantic | CURRENT: internal cards/fields/options are mostly presentation-only until callbacks/state are added","P1","Replace sequential scaffold routing with typed screen actions/ViewModel state; convert visual controls to real Compose inputs/click targets; add repository/use-case calls; add loading/error/offline/idempotency tests."
"TRS_008","TRS","Weekly Availability","WIRED: Continue -> next registry route; Back -> previous registry route","PARTIAL_PROTOTYPE","Continue | Back","availability/session time","training setup | plan preview","","","profile;limitations;equipment","training preferences;setup draft;program activation","plan generation eligibility","default","Continue => save current setup step and advance | Back => return prior step","CURRENT: generic Continue/Back wiring is registry-sequential, not product-semantic | CURRENT: internal cards/fields/options are mostly presentation-only until callbacks/state are added","P1","Replace sequential scaffold routing with typed screen actions/ViewModel state; convert visual controls to real Compose inputs/click targets; add repository/use-case calls; add loading/error/offline/idempotency tests."
"TRS_009","TRS","Preferred Days","WIRED: Continue -> next registry route; Back -> previous registry route","PARTIAL_PROTOTYPE","Continue | Back","availability/session time","training setup | plan preview","","","profile;limitations;equipment","training preferences;setup draft;program activation","plan generation eligibility","default","Continue => save current setup step and advance | Back => return prior step","CURRENT: generic Continue/Back wiring is registry-sequential, not product-semantic | CURRENT: internal cards/fields/options are mostly presentation-only until callbacks/state are added","P1","Replace sequential scaffold routing with typed screen actions/ViewModel state; convert visual controls to real Compose inputs/click targets; add repository/use-case calls; add loading/error/offline/idempotency tests."
"TRS_010","TRS","Preferred Time","WIRED: Continue -> next registry route; Back -> previous registry route","PARTIAL_PROTOTYPE","Continue | Back","availability/session time","training setup | plan preview","","","profile;limitations;equipment","training preferences;setup draft;program activation","plan generation eligibility","default","Continue => save current setup step and advance | Back => return prior step","CURRENT: generic Continue/Back wiring is registry-sequential, not product-semantic | CURRENT: internal cards/fields/options are mostly presentation-only until callbacks/state are added","P1","Replace sequential scaffold routing with typed screen actions/ViewModel state; convert visual controls to real Compose inputs/click targets; add repository/use-case calls; add loading/error/offline/idempotency tests."
"TRS_011","TRS","Session Duration","WIRED: Continue -> next registry route; Back -> previous registry route","PARTIAL_PROTOTYPE","Continue | Back","availability/session time","training setup | plan preview","","","profile;limitations;equipment","training preferences;setup draft;program activation","plan generation eligibility","default","Continue => save current setup step and advance | Back => return prior step","CURRENT: generic Continue/Back wiring is registry-sequential, not product-semantic | CURRENT: internal cards/fields/options are mostly presentation-only until callbacks/state are added","P1","Replace sequential scaffold routing with typed screen actions/ViewModel state; convert visual controls to real Compose inputs/click targets; add repository/use-case calls; add loading/error/offline/idempotency tests."
"TRS_012","TRS","Exercise Preferences","WIRED: Continue -> next registry route; Back -> previous registry route","PARTIAL_PROTOTYPE","Continue | Back","exercise preferences","training setup | plan preview","","","profile;limitations;equipment","training preferences;setup draft;program activation","plan generation eligibility","default","Continue => save current setup step and advance | Back => return prior step","CURRENT: generic Continue/Back wiring is registry-sequential, not product-semantic | CURRENT: internal cards/fields/options are mostly presentation-only until callbacks/state are added","P1","Replace sequential scaffold routing with typed screen actions/ViewModel state; convert visual controls to real Compose inputs/click targets; add repository/use-case calls; add loading/error/offline/idempotency tests."
"TRS_013","TRS","Exercise Dislikes","WIRED: Continue -> next registry route; Back -> previous registry route","PARTIAL_PROTOTYPE","Continue | Back","exercise preferences","training setup | plan preview","","","profile;limitations;equipment","training preferences;setup draft;program activation","plan generation eligibility","default","Continue => save current setup step and advance | Back => return prior step","CURRENT: generic Continue/Back wiring is registry-sequential, not product-semantic | CURRENT: internal cards/fields/options are mostly presentation-only until callbacks/state are added","P1","Replace sequential scaffold routing with typed screen actions/ViewModel state; convert visual controls to real Compose inputs/click targets; add repository/use-case calls; add loading/error/offline/idempotency tests."
"TRS_014","TRS","Movement Limitations","WIRED: Continue -> next registry route; Back -> previous registry route","PARTIAL_PROTOTYPE","Continue | Back","limitations/restrictions","training setup | plan preview","","","profile;limitations;equipment","training preferences;setup draft;program activation","plan generation eligibility","default","Continue => save current setup step and advance | Back => return prior step","CURRENT: generic Continue/Back wiring is registry-sequential, not product-semantic | CURRENT: internal cards/fields/options are mostly presentation-only until callbacks/state are added","P1","Replace sequential scaffold routing with typed screen actions/ViewModel state; convert visual controls to real Compose inputs/click targets; add repository/use-case calls; add loading/error/offline/idempotency tests."
"TRS_015","TRS","Long Term Restrictions","WIRED: Continue -> next registry route; Back -> previous registry route","PARTIAL_PROTOTYPE","Continue | Back","limitations/restrictions","training setup | plan preview","","","profile;limitations;equipment","training preferences;setup draft;program activation","plan generation eligibility","default","Continue => save current setup step and advance | Back => return prior step","CURRENT: generic Continue/Back wiring is registry-sequential, not product-semantic | CURRENT: internal cards/fields/options are mostly presentation-only until callbacks/state are added","P1","Replace sequential scaffold routing with typed screen actions/ViewModel state; convert visual controls to real Compose inputs/click targets; add repository/use-case calls; add loading/error/offline/idempotency tests."
"TRS_016","TRS","Pain Safety","WIRED: Continue -> next registry route; Back -> previous registry route","PARTIAL_PROTOTYPE","Continue | Back","","training setup | plan preview","","","profile;limitations;equipment","training preferences;setup draft;program activation","plan generation eligibility","default","Continue => save current setup step and advance | Back => return prior step","CURRENT: generic Continue/Back wiring is registry-sequential, not product-semantic | CURRENT: internal cards/fields/options are mostly presentation-only until callbacks/state are added","P1","Replace sequential scaffold routing with typed screen actions/ViewModel state; convert visual controls to real Compose inputs/click targets; add repository/use-case calls; add loading/error/offline/idempotency tests."
"TRS_017","TRS","Soreness Setup","WIRED: Continue -> next registry route; Back -> previous registry route","PARTIAL_PROTOTYPE","Continue | Back","body region/severity","training setup | plan preview","","","profile;limitations;equipment","training preferences;setup draft;program activation","plan generation eligibility","default","Continue => save current setup step and advance | Back => return prior step","CURRENT: generic Continue/Back wiring is registry-sequential, not product-semantic | CURRENT: internal cards/fields/options are mostly presentation-only until callbacks/state are added","P1","Replace sequential scaffold routing with typed screen actions/ViewModel state; convert visual controls to real Compose inputs/click targets; add repository/use-case calls; add loading/error/offline/idempotency tests."
"TRS_018","TRS","Readiness Setup","WIRED: Continue -> next registry route; Back -> previous registry route","PARTIAL_PROTOTYPE","Continue | Back","readiness baseline","training setup | plan preview","","","profile;limitations;equipment","training preferences;setup draft;program activation","plan generation eligibility","default","Continue => save current setup step and advance | Back => return prior step","CURRENT: generic Continue/Back wiring is registry-sequential, not product-semantic | CURRENT: internal cards/fields/options are mostly presentation-only until callbacks/state are added","P1","Replace sequential scaffold routing with typed screen actions/ViewModel state; convert visual controls to real Compose inputs/click targets; add repository/use-case calls; add loading/error/offline/idempotency tests."
"TRS_019","TRS","Performance Baseline","WIRED: Continue -> next registry route; Back -> previous registry route","PARTIAL_PROTOTYPE","Continue | Back | Skip","optional baseline","training setup | plan preview","","","profile;limitations;equipment","training preferences;setup draft;program activation","plan generation eligibility","default","Continue => save current setup step and advance | Back => return prior step | Skip => save unknown baseline and continue","CURRENT: generic Continue/Back wiring is registry-sequential, not product-semantic | CURRENT: internal cards/fields/options are mostly presentation-only until callbacks/state are added","P1","Replace sequential scaffold routing with typed screen actions/ViewModel state; convert visual controls to real Compose inputs/click targets; add repository/use-case calls; add loading/error/offline/idempotency tests."
"TRS_020","TRS","Plan Preview","WIRED: Continue -> next registry route; Back -> previous registry route","PARTIAL_PROTOTYPE","Continue | Back | Activate plan | Edit setup","","training setup | plan preview","","","profile;limitations;equipment","training preferences;setup draft;program activation","plan generation eligibility","default","Continue => save current setup step and advance | Back => return prior step | Activate plan => activate training program | Edit setup => return setup","CURRENT: generic Continue/Back wiring is registry-sequential, not product-semantic | CURRENT: internal cards/fields/options are mostly presentation-only until callbacks/state are added","P1","Replace sequential scaffold routing with typed screen actions/ViewModel state; convert visual controls to real Compose inputs/click targets; add repository/use-case calls; add loading/error/offline/idempotency tests."
"TRN_001","TRN","Train Now Dashboard","WIRED: Continue -> next registry route; Back -> previous registry route","PARTIAL_PROTOTYPE","Start workout | Readiness | Reschedule | Quick Start | Weekly Plan","","today workout | adaptation explanation","","","program;readiness;soreness;calendar;equipment","program revision;reschedule decision","readiness adaptation;time/equipment adaptation;candidate ranking","default","Start workout => open Pre Workout | Readiness => open Readiness Summary | Reschedule => open Reschedule Workout | Quick Start => open Quick Start | Weekly Plan => open Weekly Plan","CURRENT: generic Continue/Back wiring is registry-sequential, not product-semantic | CURRENT: internal cards/fields/options are mostly presentation-only until callbacks/state are added | planned prescription must remain distinct from performed actuals","P0","Replace sequential scaffold routing with typed screen actions/ViewModel state; convert visual controls to real Compose inputs/click targets; add repository/use-case calls; add loading/error/offline/idempotency tests."
"TRN_002","TRN","Readiness Summary","WIRED: Continue -> next registry route; Back -> previous registry route","PARTIAL_PROTOTYPE","Why adapted","","today workout | adaptation explanation","","","program;readiness;soreness;calendar;equipment","program revision;reschedule decision","readiness adaptation;time/equipment adaptation;candidate ranking","default","Why adapted => open Why Adapted","CURRENT: generic Continue/Back wiring is registry-sequential, not product-semantic | CURRENT: internal cards/fields/options are mostly presentation-only until callbacks/state are added | planned prescription must remain distinct from performed actuals","P0","Replace sequential scaffold routing with typed screen actions/ViewModel state; convert visual controls to real Compose inputs/click targets; add repository/use-case calls; add loading/error/offline/idempotency tests."
"TRN_003","TRN","Readiness Detail","WIRED: Continue -> next registry route; Back -> previous registry route","PARTIAL_PROTOTYPE","Why adapted","","today workout | adaptation explanation","","","program;readiness;soreness;calendar;equipment","program revision;reschedule decision","readiness adaptation;time/equipment adaptation;candidate ranking","default","Why adapted => open Why Adapted","CURRENT: generic Continue/Back wiring is registry-sequential, not product-semantic | CURRENT: internal cards/fields/options are mostly presentation-only until callbacks/state are added | planned prescription must remain distinct from performed actuals","P0","Replace sequential scaffold routing with typed screen actions/ViewModel state; convert visual controls to real Compose inputs/click targets; add repository/use-case calls; add loading/error/offline/idempotency tests."
"TRN_004","TRN","Why Adapted","WIRED: Continue -> next registry route; Back -> previous registry route","PARTIAL_PROTOTYPE","Back to workout","","today workout | adaptation explanation","","","program;readiness;soreness;calendar;equipment","program revision;reschedule decision","readiness adaptation;time/equipment adaptation;candidate ranking","default","Back to workout => return Train Today","CURRENT: generic Continue/Back wiring is registry-sequential, not product-semantic | CURRENT: internal cards/fields/options are mostly presentation-only until callbacks/state are added | planned prescription must remain distinct from performed actuals","P0","Replace sequential scaffold routing with typed screen actions/ViewModel state; convert visual controls to real Compose inputs/click targets; add repository/use-case calls; add loading/error/offline/idempotency tests."
"TRN_005","TRN","Today Workout","WIRED: Continue -> next registry route; Back -> previous registry route","PARTIAL_PROTOTYPE","Start workout","","today workout | adaptation explanation","","","program;readiness;soreness;calendar;equipment","program revision;reschedule decision","readiness adaptation;time/equipment adaptation;candidate ranking","default","Start workout => open Pre Workout","CURRENT: generic Continue/Back wiring is registry-sequential, not product-semantic | CURRENT: internal cards/fields/options are mostly presentation-only until callbacks/state are added | planned prescription must remain distinct from performed actuals","P0","Replace sequential scaffold routing with typed screen actions/ViewModel state; convert visual controls to real Compose inputs/click targets; add repository/use-case calls; add loading/error/offline/idempotency tests."
"TRN_006","TRN","Workout Detail","WIRED: Continue -> next registry route; Back -> previous registry route","PARTIAL_PROTOTYPE","Start workout","","today workout | adaptation explanation","","","program;readiness;soreness;calendar;equipment","program revision;reschedule decision","readiness adaptation;time/equipment adaptation;candidate ranking","default","Start workout => open Pre Workout","CURRENT: generic Continue/Back wiring is registry-sequential, not product-semantic | CURRENT: internal cards/fields/options are mostly presentation-only until callbacks/state are added | planned prescription must remain distinct from performed actuals","P0","Replace sequential scaffold routing with typed screen actions/ViewModel state; convert visual controls to real Compose inputs/click targets; add repository/use-case calls; add loading/error/offline/idempotency tests."
"TRN_007","TRN","Start Workout","WIRED: Continue -> next registry route; Back -> previous registry route","PARTIAL_PROTOTYPE","Start workout","","today workout | adaptation explanation","","","program;readiness;soreness;calendar;equipment","program revision;reschedule decision","readiness adaptation;time/equipment adaptation;candidate ranking","default","Start workout => open Pre Workout","CURRENT: generic Continue/Back wiring is registry-sequential, not product-semantic | CURRENT: internal cards/fields/options are mostly presentation-only until callbacks/state are added | planned prescription must remain distinct from performed actuals","P0","Replace sequential scaffold routing with typed screen actions/ViewModel state; convert visual controls to real Compose inputs/click targets; add repository/use-case calls; add loading/error/offline/idempotency tests."
"TRN_008","TRN","Reschedule Workout","WIRED: Continue -> next registry route; Back -> previous registry route","PARTIAL_PROTOTYPE","Save new time","date/time","today workout | adaptation explanation","","","program;readiness;soreness;calendar;equipment","program revision;reschedule decision","readiness adaptation;time/equipment adaptation;candidate ranking","default","Save new time => update canonical calendar","CURRENT: generic Continue/Back wiring is registry-sequential, not product-semantic | CURRENT: internal cards/fields/options are mostly presentation-only until callbacks/state are added | planned prescription must remain distinct from performed actuals","P0","Replace sequential scaffold routing with typed screen actions/ViewModel state; convert visual controls to real Compose inputs/click targets; add repository/use-case calls; add loading/error/offline/idempotency tests."
"TRN_009","TRN","Quick Start","WIRED: Continue -> next registry route; Back -> previous registry route","PARTIAL_PROTOTYPE","Start selected session","","today workout | adaptation explanation","","","program;readiness;soreness;calendar;equipment","program revision;reschedule decision","readiness adaptation;time/equipment adaptation;candidate ranking","default","Start selected session => create ad-hoc workout session","CURRENT: generic Continue/Back wiring is registry-sequential, not product-semantic | CURRENT: internal cards/fields/options are mostly presentation-only until callbacks/state are added | planned prescription must remain distinct from performed actuals","P0","Replace sequential scaffold routing with typed screen actions/ViewModel state; convert visual controls to real Compose inputs/click targets; add repository/use-case calls; add loading/error/offline/idempotency tests."
"TRN_010","TRN","Weekly Plan","WIRED: Continue -> next registry route; Back -> previous registry route","PARTIAL_PROTOTYPE","Day/workout row","","today workout | adaptation explanation","","","program;readiness;soreness;calendar;equipment","program revision;reschedule decision","readiness adaptation;time/equipment adaptation;candidate ranking","default","Day/workout row => open day/workout detail","CURRENT: generic Continue/Back wiring is registry-sequential, not product-semantic | CURRENT: internal cards/fields/options are mostly presentation-only until callbacks/state are added | planned prescription must remain distinct from performed actuals","P0","Replace sequential scaffold routing with typed screen actions/ViewModel state; convert visual controls to real Compose inputs/click targets; add repository/use-case calls; add loading/error/offline/idempotency tests."
"TRN_011","TRN","Weekly Day Detail","WIRED: Continue -> next registry route; Back -> previous registry route","PARTIAL_PROTOTYPE","Day/workout row","","today workout | adaptation explanation","","","program;readiness;soreness;calendar;equipment","program revision;reschedule decision","readiness adaptation;time/equipment adaptation;candidate ranking","default","Day/workout row => open day/workout detail","CURRENT: generic Continue/Back wiring is registry-sequential, not product-semantic | CURRENT: internal cards/fields/options are mostly presentation-only until callbacks/state are added | planned prescription must remain distinct from performed actuals","P0","Replace sequential scaffold routing with typed screen actions/ViewModel state; convert visual controls to real Compose inputs/click targets; add repository/use-case calls; add loading/error/offline/idempotency tests."
"TRN_012","TRN","Less Time Today","WIRED: Continue -> next registry route; Back -> previous registry route","PARTIAL_PROTOTYPE","Apply adaptation","available time","today workout | adaptation explanation","","","program;readiness;soreness;calendar;equipment","program revision;reschedule decision","readiness adaptation;time/equipment adaptation;candidate ranking","default","Apply adaptation => replace today's prescription with approved shorter candidate","CURRENT: generic Continue/Back wiring is registry-sequential, not product-semantic | CURRENT: internal cards/fields/options are mostly presentation-only until callbacks/state are added | planned prescription must remain distinct from performed actuals","P0","Replace sequential scaffold routing with typed screen actions/ViewModel state; convert visual controls to real Compose inputs/click targets; add repository/use-case calls; add loading/error/offline/idempotency tests."
"TRN_013","TRN","Equipment Unavailable","WIRED: Continue -> next registry route; Back -> previous registry route","PARTIAL_PROTOTYPE","Choose replacement","unavailable equipment","today workout | adaptation explanation | recovery/error state","","","program;readiness;soreness;calendar;equipment","program revision;reschedule decision","readiness adaptation;time/equipment adaptation;candidate ranking","default | error/retry","Choose replacement => update today's workout candidate","CURRENT: generic Continue/Back wiring is registry-sequential, not product-semantic | CURRENT: internal cards/fields/options are mostly presentation-only until callbacks/state are added | planned prescription must remain distinct from performed actuals","P0","Replace sequential scaffold routing with typed screen actions/ViewModel state; convert visual controls to real Compose inputs/click targets; add repository/use-case calls; add loading/error/offline/idempotency tests."
"TRN_014","TRN","Replacement Options","WIRED: Continue -> next registry route; Back -> previous registry route","PARTIAL_PROTOTYPE","Choose replacement","replacement choice","today workout | adaptation explanation","","","program;readiness;soreness;calendar;equipment","program revision;reschedule decision","readiness adaptation;time/equipment adaptation;candidate ranking","default","Choose replacement => update today's workout candidate","CURRENT: generic Continue/Back wiring is registry-sequential, not product-semantic | CURRENT: internal cards/fields/options are mostly presentation-only until callbacks/state are added | planned prescription must remain distinct from performed actuals","P0","Replace sequential scaffold routing with typed screen actions/ViewModel state; convert visual controls to real Compose inputs/click targets; add repository/use-case calls; add loading/error/offline/idempotency tests."
"TRN_015","TRN","Recovery Day","WIRED: Continue -> next registry route; Back -> previous registry route","PARTIAL_PROTOTYPE","Start recovery","","today workout | adaptation explanation","","","program;readiness;soreness;calendar;equipment","program revision;reschedule decision","readiness adaptation;time/equipment adaptation;candidate ranking","default","Start recovery => open recovery activity","CURRENT: generic Continue/Back wiring is registry-sequential, not product-semantic | CURRENT: internal cards/fields/options are mostly presentation-only until callbacks/state are added | planned prescription must remain distinct from performed actuals","P0","Replace sequential scaffold routing with typed screen actions/ViewModel state; convert visual controls to real Compose inputs/click targets; add repository/use-case calls; add loading/error/offline/idempotency tests."
"TRN_016","TRN","Missed Workout","WIRED: Continue -> next registry route; Back -> previous registry route","PARTIAL_PROTOTYPE","Reschedule / Continue / Skip","reschedule/continue/skip choice","today workout | adaptation explanation","","","program;readiness;soreness;calendar;equipment","program revision;reschedule decision","readiness adaptation;time/equipment adaptation;candidate ranking","default","Reschedule / Continue / Skip => record missed-workout resolution","CURRENT: generic Continue/Back wiring is registry-sequential, not product-semantic | CURRENT: internal cards/fields/options are mostly presentation-only until callbacks/state are added | planned prescription must remain distinct from performed actuals","P0","Replace sequential scaffold routing with typed screen actions/ViewModel state; convert visual controls to real Compose inputs/click targets; add repository/use-case calls; add loading/error/offline/idempotency tests."
"TRN_017","TRN","Program Settings","WIRED: Continue -> next registry route; Back -> previous registry route","PARTIAL_PROTOTYPE","Save program settings","","today workout | adaptation explanation","","","program;readiness;soreness;calendar;equipment","program revision;reschedule decision","readiness adaptation;time/equipment adaptation;candidate ranking","default","Save program settings => create future program revision","CURRENT: generic Continue/Back wiring is registry-sequential, not product-semantic | CURRENT: internal cards/fields/options are mostly presentation-only until callbacks/state are added | planned prescription must remain distinct from performed actuals","P0","Replace sequential scaffold routing with typed screen actions/ViewModel state; convert visual controls to real Compose inputs/click targets; add repository/use-case calls; add loading/error/offline/idempotency tests."
"TRN_018","TRN","Program Revision History","WIRED: Continue -> next registry route; Back -> previous registry route","PARTIAL_PROTOTYPE","Open item","","today workout | adaptation explanation","","","program;readiness;soreness;calendar;equipment","program revision;reschedule decision","readiness adaptation;time/equipment adaptation;candidate ranking","default","Open item => view immutable revision/workout","CURRENT: generic Continue/Back wiring is registry-sequential, not product-semantic | CURRENT: internal cards/fields/options are mostly presentation-only until callbacks/state are added | planned prescription must remain distinct from performed actuals","P0","Replace sequential scaffold routing with typed screen actions/ViewModel state; convert visual controls to real Compose inputs/click targets; add repository/use-case calls; add loading/error/offline/idempotency tests."
"TRN_019","TRN","Recent Workouts","WIRED: Continue -> next registry route; Back -> previous registry route","PARTIAL_PROTOTYPE","Open item","","today workout | adaptation explanation","","","program;readiness;soreness;calendar;equipment","program revision;reschedule decision","readiness adaptation;time/equipment adaptation;candidate ranking","default","Open item => view immutable revision/workout","CURRENT: generic Continue/Back wiring is registry-sequential, not product-semantic | CURRENT: internal cards/fields/options are mostly presentation-only until callbacks/state are added | planned prescription must remain distinct from performed actuals","P0","Replace sequential scaffold routing with typed screen actions/ViewModel state; convert visual controls to real Compose inputs/click targets; add repository/use-case calls; add loading/error/offline/idempotency tests."
"TRN_020","TRN","Train Loading","WIRED: Continue -> next registry route; Back -> previous registry route","PARTIAL_PROTOTYPE","Retry/Refresh","","today workout | adaptation explanation | progress/processing status","","","program;readiness;soreness;calendar;equipment","program revision;reschedule decision","readiness adaptation;time/equipment adaptation;candidate ranking","default | processing","Retry/Refresh => recover Train state","CURRENT: generic Continue/Back wiring is registry-sequential, not product-semantic | CURRENT: internal cards/fields/options are mostly presentation-only until callbacks/state are added | planned prescription must remain distinct from performed actuals","P0","Replace sequential scaffold routing with typed screen actions/ViewModel state; convert visual controls to real Compose inputs/click targets; add repository/use-case calls; add loading/error/offline/idempotency tests."
"TRN_021","TRN","Train Empty","WIRED: Continue -> next registry route; Back -> previous registry route","PARTIAL_PROTOTYPE","Retry/Refresh","","today workout | adaptation explanation","","","program;readiness;soreness;calendar;equipment","program revision;reschedule decision","readiness adaptation;time/equipment adaptation;candidate ranking","default","Retry/Refresh => recover Train state","CURRENT: generic Continue/Back wiring is registry-sequential, not product-semantic | CURRENT: internal cards/fields/options are mostly presentation-only until callbacks/state are added | planned prescription must remain distinct from performed actuals","P0","Replace sequential scaffold routing with typed screen actions/ViewModel state; convert visual controls to real Compose inputs/click targets; add repository/use-case calls; add loading/error/offline/idempotency tests."
"TRN_022","TRN","Train Unknown","WIRED: Continue -> next registry route; Back -> previous registry route","PARTIAL_PROTOTYPE","Retry/Refresh","","today workout | adaptation explanation | recovery/error state","","","program;readiness;soreness;calendar;equipment","program revision;reschedule decision","readiness adaptation;time/equipment adaptation;candidate ranking","default | unknown","Retry/Refresh => recover Train state","CURRENT: generic Continue/Back wiring is registry-sequential, not product-semantic | CURRENT: internal cards/fields/options are mostly presentation-only until callbacks/state are added | planned prescription must remain distinct from performed actuals","P0","Replace sequential scaffold routing with typed screen actions/ViewModel state; convert visual controls to real Compose inputs/click targets; add repository/use-case calls; add loading/error/offline/idempotency tests."
"TRN_023","TRN","Train Offline","WIRED: Continue -> next registry route; Back -> previous registry route","PARTIAL_PROTOTYPE","Retry/Refresh","","today workout | adaptation explanation | recovery/error state","","","program;readiness;soreness;calendar;equipment","program revision;reschedule decision","readiness adaptation;time/equipment adaptation;candidate ranking","default | offline","Retry/Refresh => recover Train state","CURRENT: generic Continue/Back wiring is registry-sequential, not product-semantic | CURRENT: internal cards/fields/options are mostly presentation-only until callbacks/state are added | planned prescription must remain distinct from performed actuals","P0","Replace sequential scaffold routing with typed screen actions/ViewModel state; convert visual controls to real Compose inputs/click targets; add repository/use-case calls; add loading/error/offline/idempotency tests."
"TRN_024","TRN","Train Stale","WIRED: Continue -> next registry route; Back -> previous registry route","PARTIAL_PROTOTYPE","Retry/Refresh","","today workout | adaptation explanation | recovery/error state","","","program;readiness;soreness;calendar;equipment","program revision;reschedule decision","readiness adaptation;time/equipment adaptation;candidate ranking","default | stale","Retry/Refresh => recover Train state","CURRENT: generic Continue/Back wiring is registry-sequential, not product-semantic | CURRENT: internal cards/fields/options are mostly presentation-only until callbacks/state are added | planned prescription must remain distinct from performed actuals","P0","Replace sequential scaffold routing with typed screen actions/ViewModel state; convert visual controls to real Compose inputs/click targets; add repository/use-case calls; add loading/error/offline/idempotency tests."
"WRK_001","WRK","Pre Workout","WIRED: Continue -> next registry route; Back -> previous registry route","PARTIAL_PROTOTYPE","Start","","live workout state | actual summary","","","workout prescription;exercise media;approved substitutions","workout session;performed set;actuals;notes;post-workout check","rest timing;safe substitution filter;summary aggregation","default","Start => create/activate workout session","CURRENT: generic Continue/Back wiring is registry-sequential, not product-semantic | CURRENT: internal cards/fields/options are mostly presentation-only until callbacks/state are added | planned prescription must remain distinct from performed actuals | pain must remain separate from soreness and can block normal workout flow","P0","Replace sequential scaffold routing with typed screen actions/ViewModel state; convert visual controls to real Compose inputs/click targets; add repository/use-case calls; add loading/error/offline/idempotency tests."
"WRK_002","WRK","Workout Start","WIRED: Continue -> next registry route; Back -> previous registry route","PARTIAL_PROTOTYPE","Start","","live workout state | actual summary","","","workout prescription;exercise media;approved substitutions","workout session;performed set;actuals;notes;post-workout check","rest timing;safe substitution filter;summary aggregation","default","Start => create/activate workout session","CURRENT: generic Continue/Back wiring is registry-sequential, not product-semantic | CURRENT: internal cards/fields/options are mostly presentation-only until callbacks/state are added | planned prescription must remain distinct from performed actuals | pain must remain separate from soreness and can block normal workout flow","P0","Replace sequential scaffold routing with typed screen actions/ViewModel state; convert visual controls to real Compose inputs/click targets; add repository/use-case calls; add loading/error/offline/idempotency tests."
"WRK_003","WRK","Active Exercise","WIRED: Continue -> next registry route; Back -> previous registry route","PARTIAL_PROTOTYPE","Log set | Instructions | Substitute","","live workout state | actual summary","","","workout prescription;exercise media;approved substitutions","workout session;performed set;actuals;notes;post-workout check","rest timing;safe substitution filter;summary aggregation","default","Log set => open Set Input | Instructions => open Exercise Instructions | Substitute => open Substitute Exercise","CURRENT: generic Continue/Back wiring is registry-sequential, not product-semantic | CURRENT: internal cards/fields/options are mostly presentation-only until callbacks/state are added | planned prescription must remain distinct from performed actuals | pain must remain separate from soreness and can block normal workout flow","P0","Replace sequential scaffold routing with typed screen actions/ViewModel state; convert visual controls to real Compose inputs/click targets; add repository/use-case calls; add loading/error/offline/idempotency tests."
"WRK_004","WRK","Exercise Media Loading","WIRED: Continue -> next registry route; Back -> previous registry route","PARTIAL_PROTOTYPE","Continue without media","","live workout state | actual summary | progress/processing status","","","workout prescription;exercise media;approved substitutions","workout session;performed set;actuals;notes;post-workout check","rest timing;safe substitution filter;summary aggregation","default | processing","Continue without media => return active exercise","CURRENT: generic Continue/Back wiring is registry-sequential, not product-semantic | CURRENT: internal cards/fields/options are mostly presentation-only until callbacks/state are added | planned prescription must remain distinct from performed actuals | pain must remain separate from soreness and can block normal workout flow","P0","Replace sequential scaffold routing with typed screen actions/ViewModel state; convert visual controls to real Compose inputs/click targets; add repository/use-case calls; add loading/error/offline/idempotency tests."
"WRK_005","WRK","Exercise Instructions","WIRED: Continue -> next registry route; Back -> previous registry route","PARTIAL_PROTOTYPE","Back to exercise","","live workout state | actual summary","","","workout prescription;exercise media;approved substitutions","workout session;performed set;actuals;notes;post-workout check","rest timing;safe substitution filter;summary aggregation","default","Back to exercise => return Active Exercise","CURRENT: generic Continue/Back wiring is registry-sequential, not product-semantic | CURRENT: internal cards/fields/options are mostly presentation-only until callbacks/state are added | planned prescription must remain distinct from performed actuals | pain must remain separate from soreness and can block normal workout flow","P0","Replace sequential scaffold routing with typed screen actions/ViewModel state; convert visual controls to real Compose inputs/click targets; add repository/use-case calls; add loading/error/offline/idempotency tests."
"WRK_006","WRK","Set Input","WIRED: Continue -> next registry route; Back -> previous registry route","PARTIAL_PROTOTYPE","Save actual","actual reps","live workout state | actual summary","","","workout prescription;exercise media;approved substitutions","workout session;performed set;actuals;notes;post-workout check","rest timing;safe substitution filter;summary aggregation","default","Save actual => update performed-set draft","CURRENT: generic Continue/Back wiring is registry-sequential, not product-semantic | CURRENT: internal cards/fields/options are mostly presentation-only until callbacks/state are added | planned prescription must remain distinct from performed actuals | pain must remain separate from soreness and can block normal workout flow","P0","Replace sequential scaffold routing with typed screen actions/ViewModel state; convert visual controls to real Compose inputs/click targets; add repository/use-case calls; add loading/error/offline/idempotency tests."
"WRK_007","WRK","Reps Input","WIRED: Continue -> next registry route; Back -> previous registry route","PARTIAL_PROTOTYPE","Save actual","actual reps","live workout state | actual summary","","","workout prescription;exercise media;approved substitutions","workout session;performed set;actuals;notes;post-workout check","rest timing;safe substitution filter;summary aggregation","default","Save actual => update performed-set draft","CURRENT: generic Continue/Back wiring is registry-sequential, not product-semantic | CURRENT: internal cards/fields/options are mostly presentation-only until callbacks/state are added | planned prescription must remain distinct from performed actuals | pain must remain separate from soreness and can block normal workout flow","P0","Replace sequential scaffold routing with typed screen actions/ViewModel state; convert visual controls to real Compose inputs/click targets; add repository/use-case calls; add loading/error/offline/idempotency tests."
"WRK_008","WRK","Load Input","WIRED: Continue -> next registry route; Back -> previous registry route","PARTIAL_PROTOTYPE","Save actual","actual load","live workout state | actual summary","","","workout prescription;exercise media;approved substitutions","workout session;performed set;actuals;notes;post-workout check","rest timing;safe substitution filter;summary aggregation","default","Save actual => update performed-set draft","CURRENT: generic Continue/Back wiring is registry-sequential, not product-semantic | CURRENT: internal cards/fields/options are mostly presentation-only until callbacks/state are added | planned prescription must remain distinct from performed actuals | pain must remain separate from soreness and can block normal workout flow","P0","Replace sequential scaffold routing with typed screen actions/ViewModel state; convert visual controls to real Compose inputs/click targets; add repository/use-case calls; add loading/error/offline/idempotency tests."
"WRK_009","WRK","Time Input","WIRED: Continue -> next registry route; Back -> previous registry route","PARTIAL_PROTOTYPE","Save actual","actual time","live workout state | actual summary","","","workout prescription;exercise media;approved substitutions","workout session;performed set;actuals;notes;post-workout check","rest timing;safe substitution filter;summary aggregation","default","Save actual => update performed-set draft","CURRENT: generic Continue/Back wiring is registry-sequential, not product-semantic | CURRENT: internal cards/fields/options are mostly presentation-only until callbacks/state are added | planned prescription must remain distinct from performed actuals | pain must remain separate from soreness and can block normal workout flow","P0","Replace sequential scaffold routing with typed screen actions/ViewModel state; convert visual controls to real Compose inputs/click targets; add repository/use-case calls; add loading/error/offline/idempotency tests."
"WRK_010","WRK","Distance Input","WIRED: Continue -> next registry route; Back -> previous registry route","PARTIAL_PROTOTYPE","Save actual","actual distance","live workout state | actual summary","","","workout prescription;exercise media;approved substitutions","workout session;performed set;actuals;notes;post-workout check","rest timing;safe substitution filter;summary aggregation","default","Save actual => update performed-set draft","CURRENT: generic Continue/Back wiring is registry-sequential, not product-semantic | CURRENT: internal cards/fields/options are mostly presentation-only until callbacks/state are added | planned prescription must remain distinct from performed actuals | pain must remain separate from soreness and can block normal workout flow","P0","Replace sequential scaffold routing with typed screen actions/ViewModel state; convert visual controls to real Compose inputs/click targets; add repository/use-case calls; add loading/error/offline/idempotency tests."
"WRK_011","WRK","RPE Input","WIRED: Continue -> next registry route; Back -> previous registry route","PARTIAL_PROTOTYPE","Save actual","RPE/effort","live workout state | actual summary","","","workout prescription;exercise media;approved substitutions","workout session;performed set;actuals;notes;post-workout check","rest timing;safe substitution filter;summary aggregation","default","Save actual => update performed-set draft","CURRENT: generic Continue/Back wiring is registry-sequential, not product-semantic | CURRENT: internal cards/fields/options are mostly presentation-only until callbacks/state are added | planned prescription must remain distinct from performed actuals | pain must remain separate from soreness and can block normal workout flow","P0","Replace sequential scaffold routing with typed screen actions/ViewModel state; convert visual controls to real Compose inputs/click targets; add repository/use-case calls; add loading/error/offline/idempotency tests."
"WRK_012","WRK","Review Set","WIRED: Continue -> next registry route; Back -> previous registry route","PARTIAL_PROTOTYPE","Complete set","","live workout state | actual summary","","","workout prescription;exercise media;approved substitutions","workout session;performed set;actuals;notes;post-workout check","rest timing;safe substitution filter;summary aggregation","default","Complete set => commit performed set exactly once","CURRENT: generic Continue/Back wiring is registry-sequential, not product-semantic | CURRENT: internal cards/fields/options are mostly presentation-only until callbacks/state are added | planned prescription must remain distinct from performed actuals | pain must remain separate from soreness and can block normal workout flow","P0","Replace sequential scaffold routing with typed screen actions/ViewModel state; convert visual controls to real Compose inputs/click targets; add repository/use-case calls; add loading/error/offline/idempotency tests."
"WRK_013","WRK","Complete Set","WIRED: Continue -> next registry route; Back -> previous registry route","PARTIAL_PROTOTYPE","Start rest","","live workout state | actual summary","","","workout prescription;exercise media;approved substitutions","workout session;performed set;actuals;notes;post-workout check","rest timing;safe substitution filter;summary aggregation","default","Start rest => open Rest Timer","CURRENT: generic Continue/Back wiring is registry-sequential, not product-semantic | CURRENT: internal cards/fields/options are mostly presentation-only until callbacks/state are added | planned prescription must remain distinct from performed actuals | pain must remain separate from soreness and can block normal workout flow | protect against duplicate submission; destructive/payment actions require confirmation/idempotency","P0","Replace sequential scaffold routing with typed screen actions/ViewModel state; convert visual controls to real Compose inputs/click targets; add repository/use-case calls; add loading/error/offline/idempotency tests."
"WRK_014","WRK","Rest Timer","WIRED: Continue -> next registry route; Back -> previous registry route","PARTIAL_PROTOTYPE","Extend rest | Skip rest","","live workout state | actual summary","","","workout prescription;exercise media;approved substitutions","workout session;performed set;actuals;notes;post-workout check","rest timing;safe substitution filter;summary aggregation","default","Extend rest => extend timer | Skip rest => end rest now","CURRENT: generic Continue/Back wiring is registry-sequential, not product-semantic | CURRENT: internal cards/fields/options are mostly presentation-only until callbacks/state are added | planned prescription must remain distinct from performed actuals | pain must remain separate from soreness and can block normal workout flow","P0","Replace sequential scaffold routing with typed screen actions/ViewModel state; convert visual controls to real Compose inputs/click targets; add repository/use-case calls; add loading/error/offline/idempotency tests."
"WRK_015","WRK","Extend Rest","WIRED: Continue -> next registry route; Back -> previous registry route","PARTIAL_PROTOTYPE","Continue","","live workout state | actual summary","","","workout prescription;exercise media;approved substitutions","workout session;performed set;actuals;notes;post-workout check","rest timing;safe substitution filter;summary aggregation","default","Continue => advance to meaningful next destination","CURRENT: generic Continue/Back wiring is registry-sequential, not product-semantic | CURRENT: internal cards/fields/options are mostly presentation-only until callbacks/state are added | planned prescription must remain distinct from performed actuals | pain must remain separate from soreness and can block normal workout flow","P0","Replace sequential scaffold routing with typed screen actions/ViewModel state; convert visual controls to real Compose inputs/click targets; add repository/use-case calls; add loading/error/offline/idempotency tests."
"WRK_016","WRK","Skip Rest","WIRED: Continue -> next registry route; Back -> previous registry route","PARTIAL_PROTOTYPE","Continue","","live workout state | actual summary","","","workout prescription;exercise media;approved substitutions","workout session;performed set;actuals;notes;post-workout check","rest timing;safe substitution filter;summary aggregation","default","Continue => advance to meaningful next destination","CURRENT: generic Continue/Back wiring is registry-sequential, not product-semantic | CURRENT: internal cards/fields/options are mostly presentation-only until callbacks/state are added | planned prescription must remain distinct from performed actuals | pain must remain separate from soreness and can block normal workout flow","P0","Replace sequential scaffold routing with typed screen actions/ViewModel state; convert visual controls to real Compose inputs/click targets; add repository/use-case calls; add loading/error/offline/idempotency tests."
"WRK_017","WRK","Next Set","WIRED: Continue -> next registry route; Back -> previous registry route","PARTIAL_PROTOTYPE","Continue","","live workout state | actual summary","","","workout prescription;exercise media;approved substitutions","workout session;performed set;actuals;notes;post-workout check","rest timing;safe substitution filter;summary aggregation","default","Continue => advance workout state","CURRENT: generic Continue/Back wiring is registry-sequential, not product-semantic | CURRENT: internal cards/fields/options are mostly presentation-only until callbacks/state are added | planned prescription must remain distinct from performed actuals | pain must remain separate from soreness and can block normal workout flow","P0","Replace sequential scaffold routing with typed screen actions/ViewModel state; convert visual controls to real Compose inputs/click targets; add repository/use-case calls; add loading/error/offline/idempotency tests."
"WRK_018","WRK","Exercise Complete","WIRED: Continue -> next registry route; Back -> previous registry route","PARTIAL_PROTOTYPE","Next exercise","","live workout state | actual summary","","","workout prescription;exercise media;approved substitutions","workout session;performed set;actuals;notes;post-workout check","rest timing;safe substitution filter;summary aggregation","default","Next exercise => advance to next prescribed exercise","CURRENT: generic Continue/Back wiring is registry-sequential, not product-semantic | CURRENT: internal cards/fields/options are mostly presentation-only until callbacks/state are added | planned prescription must remain distinct from performed actuals | pain must remain separate from soreness and can block normal workout flow","P0","Replace sequential scaffold routing with typed screen actions/ViewModel state; convert visual controls to real Compose inputs/click targets; add repository/use-case calls; add loading/error/offline/idempotency tests."
"WRK_019","WRK","Next Exercise","WIRED: Continue -> next registry route; Back -> previous registry route","PARTIAL_PROTOTYPE","Continue","","live workout state | actual summary","","","workout prescription;exercise media;approved substitutions","workout session;performed set;actuals;notes;post-workout check","rest timing;safe substitution filter;summary aggregation","default","Continue => advance workout state","CURRENT: generic Continue/Back wiring is registry-sequential, not product-semantic | CURRENT: internal cards/fields/options are mostly presentation-only until callbacks/state are added | planned prescription must remain distinct from performed actuals | pain must remain separate from soreness and can block normal workout flow","P0","Replace sequential scaffold routing with typed screen actions/ViewModel state; convert visual controls to real Compose inputs/click targets; add repository/use-case calls; add loading/error/offline/idempotency tests."
"WRK_020","WRK","Substitute Exercise","WIRED: Continue -> next registry route; Back -> previous registry route","PARTIAL_PROTOTYPE","Choose/Confirm substitute","substitution choice","live workout state | actual summary","","","workout prescription;exercise media;approved substitutions","workout session;performed set;actuals;notes;post-workout check","rest timing;safe substitution filter;summary aggregation","default","Choose/Confirm substitute => swap current exercise using approved alternative","CURRENT: generic Continue/Back wiring is registry-sequential, not product-semantic | CURRENT: internal cards/fields/options are mostly presentation-only until callbacks/state are added | planned prescription must remain distinct from performed actuals | pain must remain separate from soreness and can block normal workout flow","P0","Replace sequential scaffold routing with typed screen actions/ViewModel state; convert visual controls to real Compose inputs/click targets; add repository/use-case calls; add loading/error/offline/idempotency tests."
"WRK_021","WRK","Substitution Candidates","WIRED: Continue -> next registry route; Back -> previous registry route","PARTIAL_PROTOTYPE","Choose/Confirm substitute","substitution choice","live workout state | actual summary","","","workout prescription;exercise media;approved substitutions","workout session;performed set;actuals;notes;post-workout check","rest timing;safe substitution filter;summary aggregation","default","Choose/Confirm substitute => swap current exercise using approved alternative","CURRENT: generic Continue/Back wiring is registry-sequential, not product-semantic | CURRENT: internal cards/fields/options are mostly presentation-only until callbacks/state are added | planned prescription must remain distinct from performed actuals | pain must remain separate from soreness and can block normal workout flow","P0","Replace sequential scaffold routing with typed screen actions/ViewModel state; convert visual controls to real Compose inputs/click targets; add repository/use-case calls; add loading/error/offline/idempotency tests."
"WRK_022","WRK","Substitution Detail","WIRED: Continue -> next registry route; Back -> previous registry route","PARTIAL_PROTOTYPE","Choose/Confirm substitute","substitution choice","live workout state | actual summary","","","workout prescription;exercise media;approved substitutions","workout session;performed set;actuals;notes;post-workout check","rest timing;safe substitution filter;summary aggregation","default","Choose/Confirm substitute => swap current exercise using approved alternative","CURRENT: generic Continue/Back wiring is registry-sequential, not product-semantic | CURRENT: internal cards/fields/options are mostly presentation-only until callbacks/state are added | planned prescription must remain distinct from performed actuals | pain must remain separate from soreness and can block normal workout flow","P0","Replace sequential scaffold routing with typed screen actions/ViewModel state; convert visual controls to real Compose inputs/click targets; add repository/use-case calls; add loading/error/offline/idempotency tests."
"WRK_023","WRK","Confirm Substitute","WIRED: Continue -> next registry route; Back -> previous registry route","PARTIAL_PROTOTYPE","Choose/Confirm substitute","substitution choice","live workout state | actual summary","","","workout prescription;exercise media;approved substitutions","workout session;performed set;actuals;notes;post-workout check","rest timing;safe substitution filter;summary aggregation","default","Choose/Confirm substitute => swap current exercise using approved alternative","CURRENT: generic Continue/Back wiring is registry-sequential, not product-semantic | CURRENT: internal cards/fields/options are mostly presentation-only until callbacks/state are added | planned prescription must remain distinct from performed actuals | pain must remain separate from soreness and can block normal workout flow | protect against duplicate submission; destructive/payment actions require confirmation/idempotency","P0","Replace sequential scaffold routing with typed screen actions/ViewModel state; convert visual controls to real Compose inputs/click targets; add repository/use-case calls; add loading/error/offline/idempotency tests."
"WRK_024","WRK","Skip Set","WIRED: Continue -> next registry route; Back -> previous registry route","PARTIAL_PROTOTYPE","Confirm skip","","live workout state | actual summary","","","workout prescription;exercise media;approved substitutions","workout session;performed set;actuals;notes;post-workout check","rest timing;safe substitution filter;summary aggregation","default","Confirm skip => record skipped status, not completion","CURRENT: generic Continue/Back wiring is registry-sequential, not product-semantic | CURRENT: internal cards/fields/options are mostly presentation-only until callbacks/state are added | planned prescription must remain distinct from performed actuals | pain must remain separate from soreness and can block normal workout flow","P0","Replace sequential scaffold routing with typed screen actions/ViewModel state; convert visual controls to real Compose inputs/click targets; add repository/use-case calls; add loading/error/offline/idempotency tests."
"WRK_025","WRK","Skip Exercise","WIRED: Continue -> next registry route; Back -> previous registry route","PARTIAL_PROTOTYPE","Confirm skip","","live workout state | actual summary","","","workout prescription;exercise media;approved substitutions","workout session;performed set;actuals;notes;post-workout check","rest timing;safe substitution filter;summary aggregation","default","Confirm skip => record skipped status, not completion","CURRENT: generic Continue/Back wiring is registry-sequential, not product-semantic | CURRENT: internal cards/fields/options are mostly presentation-only until callbacks/state are added | planned prescription must remain distinct from performed actuals | pain must remain separate from soreness and can block normal workout flow","P0","Replace sequential scaffold routing with typed screen actions/ViewModel state; convert visual controls to real Compose inputs/click targets; add repository/use-case calls; add loading/error/offline/idempotency tests."
"WRK_026","WRK","Workout Note","WIRED: Continue -> next registry route; Back -> previous registry route","PARTIAL_PROTOTYPE","Save note","workout note","live workout state | actual summary","","","workout prescription;exercise media;approved substitutions","workout session;performed set;actuals;notes;post-workout check","rest timing;safe substitution filter;summary aggregation","default","Save note => attach note to session","CURRENT: generic Continue/Back wiring is registry-sequential, not product-semantic | CURRENT: internal cards/fields/options are mostly presentation-only until callbacks/state are added | planned prescription must remain distinct from performed actuals | pain must remain separate from soreness and can block normal workout flow","P0","Replace sequential scaffold routing with typed screen actions/ViewModel state; convert visual controls to real Compose inputs/click targets; add repository/use-case calls; add loading/error/offline/idempotency tests."
"WRK_027","WRK","Pause Workout","WIRED: Continue -> next registry route; Back -> previous registry route","PARTIAL_PROTOTYPE","Pause | Resume","","live workout state | actual summary","","","workout prescription;exercise media;approved substitutions","workout session;performed set;actuals;notes;post-workout check","rest timing;safe substitution filter;summary aggregation","default","Pause => persist active session and pause timer | Resume => resume session","CURRENT: generic Continue/Back wiring is registry-sequential, not product-semantic | CURRENT: internal cards/fields/options are mostly presentation-only until callbacks/state are added | planned prescription must remain distinct from performed actuals | pain must remain separate from soreness and can block normal workout flow","P0","Replace sequential scaffold routing with typed screen actions/ViewModel state; convert visual controls to real Compose inputs/click targets; add repository/use-case calls; add loading/error/offline/idempotency tests."
"WRK_028","WRK","Resume Workout","WIRED: Continue -> next registry route; Back -> previous registry route","PARTIAL_PROTOTYPE","Continue","","live workout state | actual summary","","","workout prescription;exercise media;approved substitutions","workout session;performed set;actuals;notes;post-workout check","rest timing;safe substitution filter;summary aggregation","default","Continue => advance to meaningful next destination","CURRENT: generic Continue/Back wiring is registry-sequential, not product-semantic | CURRENT: internal cards/fields/options are mostly presentation-only until callbacks/state are added | planned prescription must remain distinct from performed actuals | pain must remain separate from soreness and can block normal workout flow","P0","Replace sequential scaffold routing with typed screen actions/ViewModel state; convert visual controls to real Compose inputs/click targets; add repository/use-case calls; add loading/error/offline/idempotency tests."
"WRK_029","WRK","Pain Safety Pause","WIRED: Continue -> next registry route; Back -> previous registry route","PARTIAL_PROTOTYPE","Pause | Resume","","live workout state | actual summary","","","workout prescription;exercise media;approved substitutions","workout session;performed set;actuals;notes;post-workout check","rest timing;safe substitution filter;summary aggregation","default","Pause => persist active session and pause timer | Resume => resume session","CURRENT: generic Continue/Back wiring is registry-sequential, not product-semantic | CURRENT: internal cards/fields/options are mostly presentation-only until callbacks/state are added | planned prescription must remain distinct from performed actuals | pain must remain separate from soreness and can block normal workout flow","P0","Replace sequential scaffold routing with typed screen actions/ViewModel state; convert visual controls to real Compose inputs/click targets; add repository/use-case calls; add loading/error/offline/idempotency tests."
"WRK_030","WRK","Finish Early Confirmation","WIRED: Continue -> next registry route; Back -> previous registry route","PARTIAL_PROTOTYPE","Finish early","","live workout state | actual summary","","","workout prescription;exercise media;approved substitutions","workout session;performed set;actuals;notes;post-workout check","rest timing;safe substitution filter;summary aggregation","default | confirmation","Finish early => close session with incomplete items preserved","CURRENT: generic Continue/Back wiring is registry-sequential, not product-semantic | CURRENT: internal cards/fields/options are mostly presentation-only until callbacks/state are added | planned prescription must remain distinct from performed actuals | pain must remain separate from soreness and can block normal workout flow | protect against duplicate submission; destructive/payment actions require confirmation/idempotency","P0","Replace sequential scaffold routing with typed screen actions/ViewModel state; convert visual controls to real Compose inputs/click targets; add repository/use-case calls; add loading/error/offline/idempotency tests."
"WRK_031","WRK","Post Workout Check In","WIRED: Continue -> next registry route; Back -> previous registry route","PARTIAL_PROTOTYPE","Save check-in","RPE/effort | post-workout soreness","live workout state | actual summary","","","workout prescription;exercise media;approved substitutions","workout session;performed set;actuals;notes;post-workout check","rest timing;safe substitution filter;summary aggregation","default","Save check-in => write effort/soreness observation","CURRENT: generic Continue/Back wiring is registry-sequential, not product-semantic | CURRENT: internal cards/fields/options are mostly presentation-only until callbacks/state are added | planned prescription must remain distinct from performed actuals | pain must remain separate from soreness and can block normal workout flow","P0","Replace sequential scaffold routing with typed screen actions/ViewModel state; convert visual controls to real Compose inputs/click targets; add repository/use-case calls; add loading/error/offline/idempotency tests."
"WRK_032","WRK","Workout Summary","WIRED: Continue -> next registry route; Back -> previous registry route","PARTIAL_PROTOTYPE","Done","","live workout state | actual summary","","","workout prescription;exercise media;approved substitutions","workout session;performed set;actuals;notes;post-workout check","rest timing;safe substitution filter;summary aggregation","default","Done => open Progress/Train with actual summary","CURRENT: generic Continue/Back wiring is registry-sequential, not product-semantic | CURRENT: internal cards/fields/options are mostly presentation-only until callbacks/state are added | planned prescription must remain distinct from performed actuals | pain must remain separate from soreness and can block normal workout flow","P0","Replace sequential scaffold routing with typed screen actions/ViewModel state; convert visual controls to real Compose inputs/click targets; add repository/use-case calls; add loading/error/offline/idempotency tests."
"SOR_001","SOR","Soreness Dashboard","WIRED: Continue -> next registry route; Back -> previous registry route","PARTIAL_PROTOTYPE","Select body region","body region","active soreness | history","","","soreness history;body regions","soreness observation;pain route event","effective-window handling;safety routing","default","Select body region => open region/severity","CURRENT: generic Continue/Back wiring is registry-sequential, not product-semantic | CURRENT: internal cards/fields/options are mostly presentation-only until callbacks/state are added | pain must remain separate from soreness and can block normal workout flow","P1","Replace sequential scaffold routing with typed screen actions/ViewModel state; convert visual controls to real Compose inputs/click targets; add repository/use-case calls; add loading/error/offline/idempotency tests."
"SOR_002","SOR","Front Body Map","WIRED: Continue -> next registry route; Back -> previous registry route","PARTIAL_PROTOTYPE","Select body region","body region","active soreness | history","","","soreness history;body regions","soreness observation;pain route event","effective-window handling;safety routing","default","Select body region => open region/severity","CURRENT: generic Continue/Back wiring is registry-sequential, not product-semantic | CURRENT: internal cards/fields/options are mostly presentation-only until callbacks/state are added | pain must remain separate from soreness and can block normal workout flow","P1","Replace sequential scaffold routing with typed screen actions/ViewModel state; convert visual controls to real Compose inputs/click targets; add repository/use-case calls; add loading/error/offline/idempotency tests."
"SOR_003","SOR","Back Body Map","WIRED: Continue -> next registry route; Back -> previous registry route","PARTIAL_PROTOTYPE","Select body region","body region","active soreness | history","","","soreness history;body regions","soreness observation;pain route event","effective-window handling;safety routing","default","Select body region => open region/severity","CURRENT: generic Continue/Back wiring is registry-sequential, not product-semantic | CURRENT: internal cards/fields/options are mostly presentation-only until callbacks/state are added | pain must remain separate from soreness and can block normal workout flow","P1","Replace sequential scaffold routing with typed screen actions/ViewModel state; convert visual controls to real Compose inputs/click targets; add repository/use-case calls; add loading/error/offline/idempotency tests."
"SOR_004","SOR","Select Region","WIRED: Continue -> next registry route; Back -> previous registry route","PARTIAL_PROTOTYPE","Select body region","body region","active soreness | history","","","soreness history;body regions","soreness observation;pain route event","effective-window handling;safety routing","default","Select body region => open region/severity","CURRENT: generic Continue/Back wiring is registry-sequential, not product-semantic | CURRENT: internal cards/fields/options are mostly presentation-only until callbacks/state are added | pain must remain separate from soreness and can block normal workout flow","P1","Replace sequential scaffold routing with typed screen actions/ViewModel state; convert visual controls to real Compose inputs/click targets; add repository/use-case calls; add loading/error/offline/idempotency tests."
"SOR_005","SOR","Soreness Severity","WIRED: Continue -> next registry route; Back -> previous registry route","PARTIAL_PROTOTYPE","Choose severity","severity","active soreness | history","","","soreness history;body regions","soreness observation;pain route event","effective-window handling;safety routing","default","Choose severity => set active soreness draft","CURRENT: generic Continue/Back wiring is registry-sequential, not product-semantic | CURRENT: internal cards/fields/options are mostly presentation-only until callbacks/state are added | pain must remain separate from soreness and can block normal workout flow","P1","Replace sequential scaffold routing with typed screen actions/ViewModel state; convert visual controls to real Compose inputs/click targets; add repository/use-case calls; add loading/error/offline/idempotency tests."
"SOR_006","SOR","Multiple Region Review","WIRED: Continue -> next registry route; Back -> previous registry route","PARTIAL_PROTOTYPE","Edit/Add region","","active soreness | history","","","soreness history;body regions","soreness observation;pain route event","effective-window handling;safety routing","default","Edit/Add region => modify soreness draft","CURRENT: generic Continue/Back wiring is registry-sequential, not product-semantic | CURRENT: internal cards/fields/options are mostly presentation-only until callbacks/state are added | pain must remain separate from soreness and can block normal workout flow","P1","Replace sequential scaffold routing with typed screen actions/ViewModel state; convert visual controls to real Compose inputs/click targets; add repository/use-case calls; add loading/error/offline/idempotency tests."
"SOR_007","SOR","Save Soreness","WIRED: Continue -> next registry route; Back -> previous registry route","PARTIAL_PROTOTYPE","Save","","active soreness | history","","","soreness history;body regions","soreness observation;pain route event","effective-window handling;safety routing","default","Save => write soreness observation then readiness","CURRENT: generic Continue/Back wiring is registry-sequential, not product-semantic | CURRENT: internal cards/fields/options are mostly presentation-only until callbacks/state are added | pain must remain separate from soreness and can block normal workout flow","P1","Replace sequential scaffold routing with typed screen actions/ViewModel state; convert visual controls to real Compose inputs/click targets; add repository/use-case calls; add loading/error/offline/idempotency tests."
"SOR_008","SOR","Current Soreness Summary","WIRED: Continue -> next registry route; Back -> previous registry route","PARTIAL_PROTOTYPE","Open/edit entry","","active soreness | history","","","soreness history;body regions","soreness observation;pain route event","effective-window handling;safety routing","default","Open/edit entry => view soreness detail/history","CURRENT: generic Continue/Back wiring is registry-sequential, not product-semantic | CURRENT: internal cards/fields/options are mostly presentation-only until callbacks/state are added | pain must remain separate from soreness and can block normal workout flow","P1","Replace sequential scaffold routing with typed screen actions/ViewModel state; convert visual controls to real Compose inputs/click targets; add repository/use-case calls; add loading/error/offline/idempotency tests."
"SOR_009","SOR","Soreness History","WIRED: Continue -> next registry route; Back -> previous registry route","PARTIAL_PROTOTYPE","Open/edit entry","","active soreness | history","","","soreness history;body regions","soreness observation;pain route event","effective-window handling;safety routing","default","Open/edit entry => view soreness detail/history","CURRENT: generic Continue/Back wiring is registry-sequential, not product-semantic | CURRENT: internal cards/fields/options are mostly presentation-only until callbacks/state are added | pain must remain separate from soreness and can block normal workout flow","P1","Replace sequential scaffold routing with typed screen actions/ViewModel state; convert visual controls to real Compose inputs/click targets; add repository/use-case calls; add loading/error/offline/idempotency tests."
"SOR_010","SOR","Pain Safety Route","WIRED: Continue -> next registry route; Back -> previous registry route","PARTIAL_PROTOTYPE","Open safety route","","active soreness | history","","","soreness history;body regions","soreness observation;pain route event","effective-window handling;safety routing","default","Open safety route => route to pain handling, not soreness","CURRENT: generic Continue/Back wiring is registry-sequential, not product-semantic | CURRENT: internal cards/fields/options are mostly presentation-only until callbacks/state are added | pain must remain separate from soreness and can block normal workout flow","P1","Replace sequential scaffold routing with typed screen actions/ViewModel state; convert visual controls to real Compose inputs/click targets; add repository/use-case calls; add loading/error/offline/idempotency tests."
"RDY_001","RDY","Readiness Check In","WIRED: Continue -> next registry route; Back -> previous registry route","PARTIAL_PROTOTYPE","Choose response","readiness response","FULL/REDUCED/RECOVERY/STOP","","","energy;fatigue;recovery;soreness;optional health inputs","readiness check/result","safety rules;readiness score;adaptation class","default","Choose response => save readiness input and advance","CURRENT: generic Continue/Back wiring is registry-sequential, not product-semantic | CURRENT: internal cards/fields/options are mostly presentation-only until callbacks/state are added | pain must remain separate from soreness and can block normal workout flow","P0","Replace sequential scaffold routing with typed screen actions/ViewModel state; convert visual controls to real Compose inputs/click targets; add repository/use-case calls; add loading/error/offline/idempotency tests."
"RDY_002","RDY","Energy Check","WIRED: Continue -> next registry route; Back -> previous registry route","PARTIAL_PROTOTYPE","Choose response","readiness response","FULL/REDUCED/RECOVERY/STOP","optional Health Connect/sleep/activity source","Optional Health Connect read permissions if user connects health data","energy;fatigue;recovery;soreness;optional health inputs","readiness check/result","safety rules;readiness score;adaptation class","default","Choose response => save readiness input and advance","CURRENT: generic Continue/Back wiring is registry-sequential, not product-semantic | CURRENT: internal cards/fields/options are mostly presentation-only until callbacks/state are added | pain must remain separate from soreness and can block normal workout flow","P0","Replace sequential scaffold routing with typed screen actions/ViewModel state; convert visual controls to real Compose inputs/click targets; add repository/use-case calls; add loading/error/offline/idempotency tests."
"RDY_003","RDY","Fatigue Check","WIRED: Continue -> next registry route; Back -> previous registry route","PARTIAL_PROTOTYPE","Choose response","readiness response","FULL/REDUCED/RECOVERY/STOP","optional Health Connect/sleep/activity source","Optional Health Connect read permissions if user connects health data","energy;fatigue;recovery;soreness;optional health inputs","readiness check/result","safety rules;readiness score;adaptation class","default","Choose response => save readiness input and advance","CURRENT: generic Continue/Back wiring is registry-sequential, not product-semantic | CURRENT: internal cards/fields/options are mostly presentation-only until callbacks/state are added | pain must remain separate from soreness and can block normal workout flow","P0","Replace sequential scaffold routing with typed screen actions/ViewModel state; convert visual controls to real Compose inputs/click targets; add repository/use-case calls; add loading/error/offline/idempotency tests."
"RDY_004","RDY","Recovery Sleep Check","WIRED: Continue -> next registry route; Back -> previous registry route","PARTIAL_PROTOTYPE","Choose response","readiness response","FULL/REDUCED/RECOVERY/STOP","optional Health Connect/sleep/activity source","Optional Health Connect read permissions if user connects health data","energy;fatigue;recovery;soreness;optional health inputs","readiness check/result","safety rules;readiness score;adaptation class","default","Choose response => save readiness input and advance","CURRENT: generic Continue/Back wiring is registry-sequential, not product-semantic | CURRENT: internal cards/fields/options are mostly presentation-only until callbacks/state are added | pain must remain separate from soreness and can block normal workout flow","P0","Replace sequential scaffold routing with typed screen actions/ViewModel state; convert visual controls to real Compose inputs/click targets; add repository/use-case calls; add loading/error/offline/idempotency tests."
"RDY_005","RDY","Soreness Check","WIRED: Continue -> next registry route; Back -> previous registry route","PARTIAL_PROTOTYPE","Choose response","readiness response","FULL/REDUCED/RECOVERY/STOP","","","energy;fatigue;recovery;soreness;optional health inputs","readiness check/result","safety rules;readiness score;adaptation class","default","Choose response => save readiness input and advance","CURRENT: generic Continue/Back wiring is registry-sequential, not product-semantic | CURRENT: internal cards/fields/options are mostly presentation-only until callbacks/state are added | pain must remain separate from soreness and can block normal workout flow","P0","Replace sequential scaffold routing with typed screen actions/ViewModel state; convert visual controls to real Compose inputs/click targets; add repository/use-case calls; add loading/error/offline/idempotency tests."
"RDY_006","RDY","Evaluating Readiness","WIRED: Continue -> next registry route; Back -> previous registry route","PARTIAL_PROTOTYPE","Leave and return","","FULL/REDUCED/RECOVERY/STOP | progress/processing status","","Optional Health Connect read permissions if user connects health data","energy;fatigue;recovery;soreness;optional health inputs","readiness check/result","safety rules;readiness score;adaptation class","default | processing","Leave and return => persist readiness evaluation","CURRENT: generic Continue/Back wiring is registry-sequential, not product-semantic | CURRENT: internal cards/fields/options are mostly presentation-only until callbacks/state are added | pain must remain separate from soreness and can block normal workout flow","P0","Replace sequential scaffold routing with typed screen actions/ViewModel state; convert visual controls to real Compose inputs/click targets; add repository/use-case calls; add loading/error/offline/idempotency tests."
"RDY_007","RDY","Readiness Full","WIRED: Continue -> next registry route; Back -> previous registry route","PARTIAL_PROTOTYPE","Start normal workout","","FULL/REDUCED/RECOVERY/STOP","","","energy;fatigue;recovery;soreness;optional health inputs","readiness check/result","safety rules;readiness score;adaptation class","default","Start normal workout => open Train workout","CURRENT: generic Continue/Back wiring is registry-sequential, not product-semantic | CURRENT: internal cards/fields/options are mostly presentation-only until callbacks/state are added | pain must remain separate from soreness and can block normal workout flow","P0","Replace sequential scaffold routing with typed screen actions/ViewModel state; convert visual controls to real Compose inputs/click targets; add repository/use-case calls; add loading/error/offline/idempotency tests."
"RDY_008","RDY","Readiness Reduced","WIRED: Continue -> next registry route; Back -> previous registry route","PARTIAL_PROTOTYPE","Open adapted workout","","FULL/REDUCED/RECOVERY/STOP","","","energy;fatigue;recovery;soreness;optional health inputs","readiness check/result","safety rules;readiness score;adaptation class","default","Open adapted workout => open reduced prescription","CURRENT: generic Continue/Back wiring is registry-sequential, not product-semantic | CURRENT: internal cards/fields/options are mostly presentation-only until callbacks/state are added | pain must remain separate from soreness and can block normal workout flow","P0","Replace sequential scaffold routing with typed screen actions/ViewModel state; convert visual controls to real Compose inputs/click targets; add repository/use-case calls; add loading/error/offline/idempotency tests."
"RDY_009","RDY","Readiness Recovery","WIRED: Continue -> next registry route; Back -> previous registry route","PARTIAL_PROTOTYPE","Open recovery options","readiness response","FULL/REDUCED/RECOVERY/STOP","","","energy;fatigue;recovery;soreness;optional health inputs","readiness check/result","safety rules;readiness score;adaptation class","default","Open recovery options => open recovery-day options","CURRENT: generic Continue/Back wiring is registry-sequential, not product-semantic | CURRENT: internal cards/fields/options are mostly presentation-only until callbacks/state are added | pain must remain separate from soreness and can block normal workout flow","P0","Replace sequential scaffold routing with typed screen actions/ViewModel state; convert visual controls to real Compose inputs/click targets; add repository/use-case calls; add loading/error/offline/idempotency tests."
"RDY_010","RDY","Readiness Stop","WIRED: Continue -> next registry route; Back -> previous registry route","PARTIAL_PROTOTYPE","Review safety guidance","","FULL/REDUCED/RECOVERY/STOP","","","energy;fatigue;recovery;soreness;optional health inputs","readiness check/result","safety rules;readiness score;adaptation class","default","Review safety guidance => do not expose normal Start Workout","CURRENT: generic Continue/Back wiring is registry-sequential, not product-semantic | CURRENT: internal cards/fields/options are mostly presentation-only until callbacks/state are added | pain must remain separate from soreness and can block normal workout flow","P0","Replace sequential scaffold routing with typed screen actions/ViewModel state; convert visual controls to real Compose inputs/click targets; add repository/use-case calls; add loading/error/offline/idempotency tests."
"EXR_001","EXR","Exercise Library","WIRED: Continue -> next registry route; Back -> previous registry route","PARTIAL_PROTOTYPE","Search | Exercise row | Filters","","exercise results/detail","","","exercise catalog;media;substitutions","favorite/preferences if enabled","filtering;substitution eligibility","default","Search => filter exercise catalog | Exercise row => open Exercise Detail | Filters => open Exercise Filters","CURRENT: generic Continue/Back wiring is registry-sequential, not product-semantic | CURRENT: internal cards/fields/options are mostly presentation-only until callbacks/state are added","P1","Replace sequential scaffold routing with typed screen actions/ViewModel state; convert visual controls to real Compose inputs/click targets; add repository/use-case calls; add loading/error/offline/idempotency tests."
"EXR_002","EXR","Exercise Search","WIRED: Continue -> next registry route; Back -> previous registry route","PARTIAL_PROTOTYPE","Search | Result","exercise query","exercise results/detail","","","exercise catalog;media;substitutions","favorite/preferences if enabled","filtering;substitution eligibility","default","Search => query exercise catalog | Result => open detail","CURRENT: generic Continue/Back wiring is registry-sequential, not product-semantic | CURRENT: internal cards/fields/options are mostly presentation-only until callbacks/state are added","P1","Replace sequential scaffold routing with typed screen actions/ViewModel state; convert visual controls to real Compose inputs/click targets; add repository/use-case calls; add loading/error/offline/idempotency tests."
"EXR_003","EXR","Exercise Filters","WIRED: Continue -> next registry route; Back -> previous registry route","PARTIAL_PROTOTYPE","Select filter","filter choice","exercise results/detail","","","exercise catalog;media;substitutions","favorite/preferences if enabled","filtering;substitution eligibility","default","Select filter => update result filter and return","CURRENT: generic Continue/Back wiring is registry-sequential, not product-semantic | CURRENT: internal cards/fields/options are mostly presentation-only until callbacks/state are added","P1","Replace sequential scaffold routing with typed screen actions/ViewModel state; convert visual controls to real Compose inputs/click targets; add repository/use-case calls; add loading/error/offline/idempotency tests."
"EXR_004","EXR","Filter Equipment","WIRED: Continue -> next registry route; Back -> previous registry route","PARTIAL_PROTOTYPE","Select filter","filter choice","exercise results/detail","","","exercise catalog;media;substitutions","favorite/preferences if enabled","filtering;substitution eligibility","default","Select filter => update result filter and return","CURRENT: generic Continue/Back wiring is registry-sequential, not product-semantic | CURRENT: internal cards/fields/options are mostly presentation-only until callbacks/state are added","P1","Replace sequential scaffold routing with typed screen actions/ViewModel state; convert visual controls to real Compose inputs/click targets; add repository/use-case calls; add loading/error/offline/idempotency tests."
"EXR_005","EXR","Filter Movement","WIRED: Continue -> next registry route; Back -> previous registry route","PARTIAL_PROTOTYPE","Select filter","filter choice","exercise results/detail","","","exercise catalog;media;substitutions","favorite/preferences if enabled","filtering;substitution eligibility","default","Select filter => update result filter and return","CURRENT: generic Continue/Back wiring is registry-sequential, not product-semantic | CURRENT: internal cards/fields/options are mostly presentation-only until callbacks/state are added","P1","Replace sequential scaffold routing with typed screen actions/ViewModel state; convert visual controls to real Compose inputs/click targets; add repository/use-case calls; add loading/error/offline/idempotency tests."
"EXR_006","EXR","Filter Muscle","WIRED: Continue -> next registry route; Back -> previous registry route","PARTIAL_PROTOTYPE","Select filter","filter choice","exercise results/detail","","","exercise catalog;media;substitutions","favorite/preferences if enabled","filtering;substitution eligibility","default","Select filter => update result filter and return","CURRENT: generic Continue/Back wiring is registry-sequential, not product-semantic | CURRENT: internal cards/fields/options are mostly presentation-only until callbacks/state are added","P1","Replace sequential scaffold routing with typed screen actions/ViewModel state; convert visual controls to real Compose inputs/click targets; add repository/use-case calls; add loading/error/offline/idempotency tests."
"EXR_007","EXR","Filter Environment","WIRED: Continue -> next registry route; Back -> previous registry route","PARTIAL_PROTOTYPE","Select filter","filter choice","exercise results/detail","","","exercise catalog;media;substitutions","favorite/preferences if enabled","filtering;substitution eligibility","default","Select filter => update result filter and return","CURRENT: generic Continue/Back wiring is registry-sequential, not product-semantic | CURRENT: internal cards/fields/options are mostly presentation-only until callbacks/state are added","P1","Replace sequential scaffold routing with typed screen actions/ViewModel state; convert visual controls to real Compose inputs/click targets; add repository/use-case calls; add loading/error/offline/idempotency tests."
"EXR_008","EXR","Filter Difficulty","WIRED: Continue -> next registry route; Back -> previous registry route","PARTIAL_PROTOTYPE","Select filter","filter choice","exercise results/detail","","","exercise catalog;media;substitutions","favorite/preferences if enabled","filtering;substitution eligibility","default","Select filter => update result filter and return","CURRENT: generic Continue/Back wiring is registry-sequential, not product-semantic | CURRENT: internal cards/fields/options are mostly presentation-only until callbacks/state are added","P1","Replace sequential scaffold routing with typed screen actions/ViewModel state; convert visual controls to real Compose inputs/click targets; add repository/use-case calls; add loading/error/offline/idempotency tests."
"EXR_009","EXR","Exercise Results","WIRED: Continue -> next registry route; Back -> previous registry route","PARTIAL_PROTOTYPE","Search | Exercise row | Filters","","exercise results/detail","","","exercise catalog;media;substitutions","favorite/preferences if enabled","filtering;substitution eligibility","default","Search => filter exercise catalog | Exercise row => open Exercise Detail | Filters => open Exercise Filters","CURRENT: generic Continue/Back wiring is registry-sequential, not product-semantic | CURRENT: internal cards/fields/options are mostly presentation-only until callbacks/state are added","P1","Replace sequential scaffold routing with typed screen actions/ViewModel state; convert visual controls to real Compose inputs/click targets; add repository/use-case calls; add loading/error/offline/idempotency tests."
"EXR_010","EXR","Exercise Detail","WIRED: Continue -> next registry route; Back -> previous registry route","PARTIAL_PROTOTYPE","Media | Setup/Execution | Substitutions","","exercise results/detail","","","exercise catalog;media;substitutions","favorite/preferences if enabled","filtering;substitution eligibility","default","Media => open Exercise Media | Setup/Execution => open technique detail | Substitutions => open substitutions","CURRENT: generic Continue/Back wiring is registry-sequential, not product-semantic | CURRENT: internal cards/fields/options are mostly presentation-only until callbacks/state are added","P1","Replace sequential scaffold routing with typed screen actions/ViewModel state; convert visual controls to real Compose inputs/click targets; add repository/use-case calls; add loading/error/offline/idempotency tests."
"EXR_011","EXR","Exercise Media","WIRED: Continue -> next registry route; Back -> previous registry route","PARTIAL_PROTOTYPE","Play/Pause","","exercise results/detail","","","exercise catalog;media;substitutions","favorite/preferences if enabled","filtering;substitution eligibility","default","Play/Pause => control exercise media","CURRENT: generic Continue/Back wiring is registry-sequential, not product-semantic | CURRENT: internal cards/fields/options are mostly presentation-only until callbacks/state are added","P1","Replace sequential scaffold routing with typed screen actions/ViewModel state; convert visual controls to real Compose inputs/click targets; add repository/use-case calls; add loading/error/offline/idempotency tests."
"EXR_012","EXR","Exercise Setup","WIRED: Continue -> next registry route; Back -> previous registry route","PARTIAL_PROTOTYPE","Back to exercise","","exercise results/detail","","","exercise catalog;media;substitutions","favorite/preferences if enabled","filtering;substitution eligibility","default","Back to exercise => return Exercise Detail","CURRENT: generic Continue/Back wiring is registry-sequential, not product-semantic | CURRENT: internal cards/fields/options are mostly presentation-only until callbacks/state are added","P1","Replace sequential scaffold routing with typed screen actions/ViewModel state; convert visual controls to real Compose inputs/click targets; add repository/use-case calls; add loading/error/offline/idempotency tests."
"EXR_013","EXR","Exercise Execution","WIRED: Continue -> next registry route; Back -> previous registry route","PARTIAL_PROTOTYPE","Back to exercise","","exercise results/detail","","","exercise catalog;media;substitutions","favorite/preferences if enabled","filtering;substitution eligibility","default","Back to exercise => return Exercise Detail","CURRENT: generic Continue/Back wiring is registry-sequential, not product-semantic | CURRENT: internal cards/fields/options are mostly presentation-only until callbacks/state are added","P1","Replace sequential scaffold routing with typed screen actions/ViewModel state; convert visual controls to real Compose inputs/click targets; add repository/use-case calls; add loading/error/offline/idempotency tests."
"EXR_014","EXR","Technique Cues","WIRED: Continue -> next registry route; Back -> previous registry route","PARTIAL_PROTOTYPE","Back to exercise","","exercise results/detail","","","exercise catalog;media;substitutions","favorite/preferences if enabled","filtering;substitution eligibility","default","Back to exercise => return Exercise Detail","CURRENT: generic Continue/Back wiring is registry-sequential, not product-semantic | CURRENT: internal cards/fields/options are mostly presentation-only until callbacks/state are added","P1","Replace sequential scaffold routing with typed screen actions/ViewModel state; convert visual controls to real Compose inputs/click targets; add repository/use-case calls; add loading/error/offline/idempotency tests."
"EXR_015","EXR","Common Mistakes","WIRED: Continue -> next registry route; Back -> previous registry route","PARTIAL_PROTOTYPE","Back to exercise","","exercise results/detail","","","exercise catalog;media;substitutions","favorite/preferences if enabled","filtering;substitution eligibility","default","Back to exercise => return Exercise Detail","CURRENT: generic Continue/Back wiring is registry-sequential, not product-semantic | CURRENT: internal cards/fields/options are mostly presentation-only until callbacks/state are added","P1","Replace sequential scaffold routing with typed screen actions/ViewModel state; convert visual controls to real Compose inputs/click targets; add repository/use-case calls; add loading/error/offline/idempotency tests."
"EXR_016","EXR","Exercise Substitutions","WIRED: Continue -> next registry route; Back -> previous registry route","PARTIAL_PROTOTYPE","Open substitute","","exercise results/detail","","","exercise catalog;media;substitutions","favorite/preferences if enabled","filtering;substitution eligibility","default","Open substitute => view substitute detail","CURRENT: generic Continue/Back wiring is registry-sequential, not product-semantic | CURRENT: internal cards/fields/options are mostly presentation-only until callbacks/state are added","P1","Replace sequential scaffold routing with typed screen actions/ViewModel state; convert visual controls to real Compose inputs/click targets; add repository/use-case calls; add loading/error/offline/idempotency tests."
"CAL_001","CAL","Calendar Dashboard","WIRED: Continue -> next registry route; Back -> previous registry route","PARTIAL_PROTOTYPE","Month/Week/Day | Date | Event","","month/week/day schedule | conflicts","","","canonical events;plans;workouts;meals","event/reschedule/missed status","conflict detection;alternative scheduling","default","Month/Week/Day => switch calendar range | Date => open Selected Date | Event => open event detail","CURRENT: generic Continue/Back wiring is registry-sequential, not product-semantic | CURRENT: internal cards/fields/options are mostly presentation-only until callbacks/state are added | planned meal/event changes must not rewrite consumed history","P1","Replace sequential scaffold routing with typed screen actions/ViewModel state; convert visual controls to real Compose inputs/click targets; add repository/use-case calls; add loading/error/offline/idempotency tests."
"CAL_002","CAL","Month View","WIRED: Continue -> next registry route; Back -> previous registry route","PARTIAL_PROTOTYPE","Month/Week/Day | Date | Event","","month/week/day schedule | conflicts","","","canonical events;plans;workouts;meals","event/reschedule/missed status","conflict detection;alternative scheduling","default","Month/Week/Day => switch calendar range | Date => open Selected Date | Event => open event detail","CURRENT: generic Continue/Back wiring is registry-sequential, not product-semantic | CURRENT: internal cards/fields/options are mostly presentation-only until callbacks/state are added | planned meal/event changes must not rewrite consumed history","P1","Replace sequential scaffold routing with typed screen actions/ViewModel state; convert visual controls to real Compose inputs/click targets; add repository/use-case calls; add loading/error/offline/idempotency tests."
"CAL_003","CAL","Week View","WIRED: Continue -> next registry route; Back -> previous registry route","PARTIAL_PROTOTYPE","Month/Week/Day | Date | Event","","month/week/day schedule | conflicts","","","canonical events;plans;workouts;meals","event/reschedule/missed status","conflict detection;alternative scheduling","default","Month/Week/Day => switch calendar range | Date => open Selected Date | Event => open event detail","CURRENT: generic Continue/Back wiring is registry-sequential, not product-semantic | CURRENT: internal cards/fields/options are mostly presentation-only until callbacks/state are added | planned meal/event changes must not rewrite consumed history","P1","Replace sequential scaffold routing with typed screen actions/ViewModel state; convert visual controls to real Compose inputs/click targets; add repository/use-case calls; add loading/error/offline/idempotency tests."
"CAL_004","CAL","Day View","WIRED: Continue -> next registry route; Back -> previous registry route","PARTIAL_PROTOTYPE","Month/Week/Day | Date | Event","","month/week/day schedule | conflicts","","","canonical events;plans;workouts;meals","event/reschedule/missed status","conflict detection;alternative scheduling","default","Month/Week/Day => switch calendar range | Date => open Selected Date | Event => open event detail","CURRENT: generic Continue/Back wiring is registry-sequential, not product-semantic | CURRENT: internal cards/fields/options are mostly presentation-only until callbacks/state are added | planned meal/event changes must not rewrite consumed history","P1","Replace sequential scaffold routing with typed screen actions/ViewModel state; convert visual controls to real Compose inputs/click targets; add repository/use-case calls; add loading/error/offline/idempotency tests."
"CAL_005","CAL","Selected Date","WIRED: Continue -> next registry route; Back -> previous registry route","PARTIAL_PROTOTYPE","Event row","date","month/week/day schedule | conflicts","","","canonical events;plans;workouts;meals","event/reschedule/missed status","conflict detection;alternative scheduling","default","Event row => open Workout/Meal/Recovery event","CURRENT: generic Continue/Back wiring is registry-sequential, not product-semantic | CURRENT: internal cards/fields/options are mostly presentation-only until callbacks/state are added | planned meal/event changes must not rewrite consumed history","P1","Replace sequential scaffold routing with typed screen actions/ViewModel state; convert visual controls to real Compose inputs/click targets; add repository/use-case calls; add loading/error/offline/idempotency tests."
"CAL_006","CAL","Workout Event","WIRED: Continue -> next registry route; Back -> previous registry route","PARTIAL_PROTOTYPE","Reschedule | Open source","time","month/week/day schedule | conflicts","","","canonical events;plans;workouts;meals","event/reschedule/missed status","conflict detection;alternative scheduling","default","Reschedule => open Reschedule Event | Open source => open Train/Fuel detail","CURRENT: generic Continue/Back wiring is registry-sequential, not product-semantic | CURRENT: internal cards/fields/options are mostly presentation-only until callbacks/state are added | planned meal/event changes must not rewrite consumed history","P1","Replace sequential scaffold routing with typed screen actions/ViewModel state; convert visual controls to real Compose inputs/click targets; add repository/use-case calls; add loading/error/offline/idempotency tests."
"CAL_007","CAL","Meal Event","WIRED: Continue -> next registry route; Back -> previous registry route","PARTIAL_PROTOTYPE","Reschedule | Open source","time","month/week/day schedule | conflicts","","","canonical events;plans;workouts;meals","event/reschedule/missed status","conflict detection;alternative scheduling","default","Reschedule => open Reschedule Event | Open source => open Train/Fuel detail","CURRENT: generic Continue/Back wiring is registry-sequential, not product-semantic | CURRENT: internal cards/fields/options are mostly presentation-only until callbacks/state are added | planned meal/event changes must not rewrite consumed history","P1","Replace sequential scaffold routing with typed screen actions/ViewModel state; convert visual controls to real Compose inputs/click targets; add repository/use-case calls; add loading/error/offline/idempotency tests."
"CAL_008","CAL","Recovery Event","WIRED: Continue -> next registry route; Back -> previous registry route","PARTIAL_PROTOTYPE","Reschedule | Open source","time","month/week/day schedule | conflicts","","","canonical events;plans;workouts;meals","event/reschedule/missed status","conflict detection;alternative scheduling","default","Reschedule => open Reschedule Event | Open source => open Train/Fuel detail","CURRENT: generic Continue/Back wiring is registry-sequential, not product-semantic | CURRENT: internal cards/fields/options are mostly presentation-only until callbacks/state are added | planned meal/event changes must not rewrite consumed history","P1","Replace sequential scaffold routing with typed screen actions/ViewModel state; convert visual controls to real Compose inputs/click targets; add repository/use-case calls; add loading/error/offline/idempotency tests."
"CAL_009","CAL","Reschedule Event","WIRED: Continue -> next registry route; Back -> previous registry route","PARTIAL_PROTOTYPE","Reschedule | Open source","date | time","month/week/day schedule | conflicts","","","canonical events;plans;workouts;meals","event/reschedule/missed status","conflict detection;alternative scheduling","default","Reschedule => open Reschedule Event | Open source => open Train/Fuel detail","CURRENT: generic Continue/Back wiring is registry-sequential, not product-semantic | CURRENT: internal cards/fields/options are mostly presentation-only until callbacks/state are added | planned meal/event changes must not rewrite consumed history","P1","Replace sequential scaffold routing with typed screen actions/ViewModel state; convert visual controls to real Compose inputs/click targets; add repository/use-case calls; add loading/error/offline/idempotency tests."
"CAL_010","CAL","Choose Date","WIRED: Continue -> next registry route; Back -> previous registry route","PARTIAL_PROTOTYPE","Save selection","date","month/week/day schedule | conflicts","","","canonical events;plans;workouts;meals","event/reschedule/missed status","conflict detection;alternative scheduling","default","Save selection => check conflict then update event","CURRENT: generic Continue/Back wiring is registry-sequential, not product-semantic | CURRENT: internal cards/fields/options are mostly presentation-only until callbacks/state are added | planned meal/event changes must not rewrite consumed history","P1","Replace sequential scaffold routing with typed screen actions/ViewModel state; convert visual controls to real Compose inputs/click targets; add repository/use-case calls; add loading/error/offline/idempotency tests."
"CAL_011","CAL","Choose Time","WIRED: Continue -> next registry route; Back -> previous registry route","PARTIAL_PROTOTYPE","Save selection","time","month/week/day schedule | conflicts","","","canonical events;plans;workouts;meals","event/reschedule/missed status","conflict detection;alternative scheduling","default","Save selection => check conflict then update event","CURRENT: generic Continue/Back wiring is registry-sequential, not product-semantic | CURRENT: internal cards/fields/options are mostly presentation-only until callbacks/state are added | planned meal/event changes must not rewrite consumed history","P1","Replace sequential scaffold routing with typed screen actions/ViewModel state; convert visual controls to real Compose inputs/click targets; add repository/use-case calls; add loading/error/offline/idempotency tests."
"CAL_012","CAL","Calendar Conflict","WIRED: Continue -> next registry route; Back -> previous registry route","PARTIAL_PROTOTYPE","See alternatives","","month/week/day schedule | conflicts","","","canonical events;plans;workouts;meals","event/reschedule/missed status","conflict detection;alternative scheduling","default","See alternatives => open Suggested Alternatives","CURRENT: generic Continue/Back wiring is registry-sequential, not product-semantic | CURRENT: internal cards/fields/options are mostly presentation-only until callbacks/state are added | planned meal/event changes must not rewrite consumed history","P1","Replace sequential scaffold routing with typed screen actions/ViewModel state; convert visual controls to real Compose inputs/click targets; add repository/use-case calls; add loading/error/offline/idempotency tests."
"CAL_013","CAL","Conflict Explanation","WIRED: Continue -> next registry route; Back -> previous registry route","PARTIAL_PROTOTYPE","See alternatives","","month/week/day schedule | conflicts","","","canonical events;plans;workouts;meals","event/reschedule/missed status","conflict detection;alternative scheduling","default","See alternatives => open Suggested Alternatives","CURRENT: generic Continue/Back wiring is registry-sequential, not product-semantic | CURRENT: internal cards/fields/options are mostly presentation-only until callbacks/state are added | planned meal/event changes must not rewrite consumed history","P1","Replace sequential scaffold routing with typed screen actions/ViewModel state; convert visual controls to real Compose inputs/click targets; add repository/use-case calls; add loading/error/offline/idempotency tests."
"CAL_014","CAL","Suggested Alternatives","WIRED: Continue -> next registry route; Back -> previous registry route","PARTIAL_PROTOTYPE","Choose alternative","resolution choice","month/week/day schedule | conflicts","","","canonical events;plans;workouts;meals","event/reschedule/missed status","conflict detection;alternative scheduling","default","Choose alternative => select proposed schedule","CURRENT: generic Continue/Back wiring is registry-sequential, not product-semantic | CURRENT: internal cards/fields/options are mostly presentation-only until callbacks/state are added | planned meal/event changes must not rewrite consumed history","P1","Replace sequential scaffold routing with typed screen actions/ViewModel state; convert visual controls to real Compose inputs/click targets; add repository/use-case calls; add loading/error/offline/idempotency tests."
"CAL_015","CAL","Confirm Reschedule","WIRED: Continue -> next registry route; Back -> previous registry route","PARTIAL_PROTOTYPE","Save selection","date | time","month/week/day schedule | conflicts","","","canonical events;plans;workouts;meals","event/reschedule/missed status","conflict detection;alternative scheduling","default","Save selection => check conflict then update event","CURRENT: generic Continue/Back wiring is registry-sequential, not product-semantic | CURRENT: internal cards/fields/options are mostly presentation-only until callbacks/state are added | planned meal/event changes must not rewrite consumed history | protect against duplicate submission; destructive/payment actions require confirmation/idempotency","P1","Replace sequential scaffold routing with typed screen actions/ViewModel state; convert visual controls to real Compose inputs/click targets; add repository/use-case calls; add loading/error/offline/idempotency tests."
"CAL_016","CAL","Missed Workout","WIRED: Continue -> next registry route; Back -> previous registry route","PARTIAL_PROTOTYPE","Reschedule / Continue / Skip","resolution choice","month/week/day schedule | conflicts","","","canonical events;plans;workouts;meals","event/reschedule/missed status","conflict detection;alternative scheduling","default","Reschedule / Continue / Skip => record missed-event resolution","CURRENT: generic Continue/Back wiring is registry-sequential, not product-semantic | CURRENT: internal cards/fields/options are mostly presentation-only until callbacks/state are added | planned meal/event changes must not rewrite consumed history","P1","Replace sequential scaffold routing with typed screen actions/ViewModel state; convert visual controls to real Compose inputs/click targets; add repository/use-case calls; add loading/error/offline/idempotency tests."
"CAL_017","CAL","Missed Meal","WIRED: Continue -> next registry route; Back -> previous registry route","PARTIAL_PROTOTYPE","Reschedule / Continue / Skip","resolution choice","month/week/day schedule | conflicts","","","canonical events;plans;workouts;meals","event/reschedule/missed status","conflict detection;alternative scheduling","default","Reschedule / Continue / Skip => record missed-event resolution","CURRENT: generic Continue/Back wiring is registry-sequential, not product-semantic | CURRENT: internal cards/fields/options are mostly presentation-only until callbacks/state are added | planned meal/event changes must not rewrite consumed history","P1","Replace sequential scaffold routing with typed screen actions/ViewModel state; convert visual controls to real Compose inputs/click targets; add repository/use-case calls; add loading/error/offline/idempotency tests."
"CAL_018","CAL","Calendar Offline","WIRED: Continue -> next registry route; Back -> previous registry route","PARTIAL_PROTOTYPE","Retry sync","","month/week/day schedule | conflicts | recovery/error state","","","canonical events;plans;workouts;meals","event/reschedule/missed status","conflict detection;alternative scheduling","default | offline","Retry sync => refresh calendar","CURRENT: generic Continue/Back wiring is registry-sequential, not product-semantic | CURRENT: internal cards/fields/options are mostly presentation-only until callbacks/state are added | planned meal/event changes must not rewrite consumed history","P1","Replace sequential scaffold routing with typed screen actions/ViewModel state; convert visual controls to real Compose inputs/click targets; add repository/use-case calls; add loading/error/offline/idempotency tests."
"PRG_001","PRG","Progress Dashboard","WIRED: Continue -> next registry route; Back -> previous registry route","PARTIAL_PROTOTYPE","Metric | Range | Graph point | Report | Milestone","","graphs | reports | milestones | coverage","","Optional Health Connect read permissions only for connected data types","actual workouts;confirmed nutrition;activity;observations;target history","manual observation if supported","aggregation;coverage;trend/milestone detection","default","Metric => open Metric Selector | Range => switch time range | Graph point => open Exact Data Point | Report => open report | Milestone => open milestone detail","CURRENT: generic Continue/Back wiring is registry-sequential, not product-semantic | CURRENT: internal cards/fields/options are mostly presentation-only until callbacks/state are added | missing observations must remain gaps; no fake interpolation","P1","Replace sequential scaffold routing with typed screen actions/ViewModel state; convert visual controls to real Compose inputs/click targets; add repository/use-case calls; add loading/error/offline/idempotency tests."
"PRG_002","PRG","Metric Selector","WIRED: Continue -> next registry route; Back -> previous registry route","PARTIAL_PROTOTYPE","Choose metric","metric","graphs | reports | milestones | coverage","","","actual workouts;confirmed nutrition;activity;observations;target history","manual observation if supported","aggregation;coverage;trend/milestone detection","default","Choose metric => reload graph metric","CURRENT: generic Continue/Back wiring is registry-sequential, not product-semantic | CURRENT: internal cards/fields/options are mostly presentation-only until callbacks/state are added | missing observations must remain gaps; no fake interpolation","P1","Replace sequential scaffold routing with typed screen actions/ViewModel state; convert visual controls to real Compose inputs/click targets; add repository/use-case calls; add loading/error/offline/idempotency tests."
"PRG_003","PRG","Range 7 Days","WIRED: Continue -> next registry route; Back -> previous registry route","PARTIAL_PROTOTYPE","Choose range","range","graphs | reports | milestones | coverage","","","actual workouts;confirmed nutrition;activity;observations;target history","manual observation if supported","aggregation;coverage;trend/milestone detection","default","Choose range => reload selected time window","CURRENT: generic Continue/Back wiring is registry-sequential, not product-semantic | CURRENT: internal cards/fields/options are mostly presentation-only until callbacks/state are added | missing observations must remain gaps; no fake interpolation","P1","Replace sequential scaffold routing with typed screen actions/ViewModel state; convert visual controls to real Compose inputs/click targets; add repository/use-case calls; add loading/error/offline/idempotency tests."
"PRG_004","PRG","Range 30 Days","WIRED: Continue -> next registry route; Back -> previous registry route","PARTIAL_PROTOTYPE","Choose range","range","graphs | reports | milestones | coverage","","","actual workouts;confirmed nutrition;activity;observations;target history","manual observation if supported","aggregation;coverage;trend/milestone detection","default","Choose range => reload selected time window","CURRENT: generic Continue/Back wiring is registry-sequential, not product-semantic | CURRENT: internal cards/fields/options are mostly presentation-only until callbacks/state are added | missing observations must remain gaps; no fake interpolation","P1","Replace sequential scaffold routing with typed screen actions/ViewModel state; convert visual controls to real Compose inputs/click targets; add repository/use-case calls; add loading/error/offline/idempotency tests."
"PRG_005","PRG","Range 3 Months","WIRED: Continue -> next registry route; Back -> previous registry route","PARTIAL_PROTOTYPE","Choose range","range","graphs | reports | milestones | coverage","","","actual workouts;confirmed nutrition;activity;observations;target history","manual observation if supported","aggregation;coverage;trend/milestone detection","default","Choose range => reload selected time window","CURRENT: generic Continue/Back wiring is registry-sequential, not product-semantic | CURRENT: internal cards/fields/options are mostly presentation-only until callbacks/state are added | missing observations must remain gaps; no fake interpolation","P1","Replace sequential scaffold routing with typed screen actions/ViewModel state; convert visual controls to real Compose inputs/click targets; add repository/use-case calls; add loading/error/offline/idempotency tests."
"PRG_006","PRG","Range 6 Months","WIRED: Continue -> next registry route; Back -> previous registry route","PARTIAL_PROTOTYPE","Choose range","range","graphs | reports | milestones | coverage","","","actual workouts;confirmed nutrition;activity;observations;target history","manual observation if supported","aggregation;coverage;trend/milestone detection","default","Choose range => reload selected time window","CURRENT: generic Continue/Back wiring is registry-sequential, not product-semantic | CURRENT: internal cards/fields/options are mostly presentation-only until callbacks/state are added | missing observations must remain gaps; no fake interpolation","P1","Replace sequential scaffold routing with typed screen actions/ViewModel state; convert visual controls to real Compose inputs/click targets; add repository/use-case calls; add loading/error/offline/idempotency tests."
"PRG_007","PRG","Range 1 Year","WIRED: Continue -> next registry route; Back -> previous registry route","PARTIAL_PROTOTYPE","Choose range","range","graphs | reports | milestones | coverage","","","actual workouts;confirmed nutrition;activity;observations;target history","manual observation if supported","aggregation;coverage;trend/milestone detection","default","Choose range => reload selected time window","CURRENT: generic Continue/Back wiring is registry-sequential, not product-semantic | CURRENT: internal cards/fields/options are mostly presentation-only until callbacks/state are added | missing observations must remain gaps; no fake interpolation","P1","Replace sequential scaffold routing with typed screen actions/ViewModel state; convert visual controls to real Compose inputs/click targets; add repository/use-case calls; add loading/error/offline/idempotency tests."
"PRG_008","PRG","Range All","WIRED: Continue -> next registry route; Back -> previous registry route","PARTIAL_PROTOTYPE","Choose range","range","graphs | reports | milestones | coverage","","","actual workouts;confirmed nutrition;activity;observations;target history","manual observation if supported","aggregation;coverage;trend/milestone detection","default","Choose range => reload selected time window","CURRENT: generic Continue/Back wiring is registry-sequential, not product-semantic | CURRENT: internal cards/fields/options are mostly presentation-only until callbacks/state are added | missing observations must remain gaps; no fake interpolation","P1","Replace sequential scaffold routing with typed screen actions/ViewModel state; convert visual controls to real Compose inputs/click targets; add repository/use-case calls; add loading/error/offline/idempotency tests."
"PRG_009","PRG","Expanded Graph","WIRED: Continue -> next registry route; Back -> previous registry route","PARTIAL_PROTOTYPE","Tap point","","graphs | reports | milestones | coverage","","","actual workouts;confirmed nutrition;activity;observations;target history","manual observation if supported","aggregation;coverage;trend/milestone detection","default","Tap point => open exact observation","CURRENT: generic Continue/Back wiring is registry-sequential, not product-semantic | CURRENT: internal cards/fields/options are mostly presentation-only until callbacks/state are added | missing observations must remain gaps; no fake interpolation","P1","Replace sequential scaffold routing with typed screen actions/ViewModel state; convert visual controls to real Compose inputs/click targets; add repository/use-case calls; add loading/error/offline/idempotency tests."
"PRG_010","PRG","Exact Data Point","WIRED: Continue -> next registry route; Back -> previous registry route","PARTIAL_PROTOTYPE","Open source/edit if manual","","graphs | reports | milestones | coverage","","","actual workouts;confirmed nutrition;activity;observations;target history","manual observation if supported","aggregation;coverage;trend/milestone detection","default","Open source/edit if manual => open source observation","CURRENT: generic Continue/Back wiring is registry-sequential, not product-semantic | CURRENT: internal cards/fields/options are mostly presentation-only until callbacks/state are added | missing observations must remain gaps; no fake interpolation","P1","Replace sequential scaffold routing with typed screen actions/ViewModel state; convert visual controls to real Compose inputs/click targets; add repository/use-case calls; add loading/error/offline/idempotency tests."
"PRG_011","PRG","Missing Data Period","WIRED: Continue -> next registry route; Back -> previous registry route","PARTIAL_PROTOTYPE","Data source detail","","graphs | reports | milestones | coverage","","","actual workouts;confirmed nutrition;activity;observations;target history","manual observation if supported","aggregation;coverage;trend/milestone detection","default","Data source detail => open coverage/source explanation","CURRENT: generic Continue/Back wiring is registry-sequential, not product-semantic | CURRENT: internal cards/fields/options are mostly presentation-only until callbacks/state are added | missing observations must remain gaps; no fake interpolation","P1","Replace sequential scaffold routing with typed screen actions/ViewModel state; convert visual controls to real Compose inputs/click targets; add repository/use-case calls; add loading/error/offline/idempotency tests."
"PRG_012","PRG","Data Coverage","WIRED: Continue -> next registry route; Back -> previous registry route","PARTIAL_PROTOTYPE","Data source detail","","graphs | reports | milestones | coverage","","","actual workouts;confirmed nutrition;activity;observations;target history","manual observation if supported","aggregation;coverage;trend/milestone detection","default","Data source detail => open coverage/source explanation","CURRENT: generic Continue/Back wiring is registry-sequential, not product-semantic | CURRENT: internal cards/fields/options are mostly presentation-only until callbacks/state are added | missing observations must remain gaps; no fake interpolation","P1","Replace sequential scaffold routing with typed screen actions/ViewModel state; convert visual controls to real Compose inputs/click targets; add repository/use-case calls; add loading/error/offline/idempotency tests."
"PRG_013","PRG","Goal Progress","WIRED: Continue -> next registry route; Back -> previous registry route","PARTIAL_PROTOTYPE","Open target revision","","graphs | reports | milestones | coverage","","Optional Health Connect read permissions only for connected data types","actual workouts;confirmed nutrition;activity;observations;target history","manual observation if supported","aggregation;coverage;trend/milestone detection","default","Open target revision => view historical target detail","CURRENT: generic Continue/Back wiring is registry-sequential, not product-semantic | CURRENT: internal cards/fields/options are mostly presentation-only until callbacks/state are added | missing observations must remain gaps; no fake interpolation","P1","Replace sequential scaffold routing with typed screen actions/ViewModel state; convert visual controls to real Compose inputs/click targets; add repository/use-case calls; add loading/error/offline/idempotency tests."
"PRG_014","PRG","Target Revision Marker","WIRED: Continue -> next registry route; Back -> previous registry route","PARTIAL_PROTOTYPE","Open target revision","","graphs | reports | milestones | coverage","","","actual workouts;confirmed nutrition;activity;observations;target history","manual observation if supported","aggregation;coverage;trend/milestone detection","default","Open target revision => view historical target detail","CURRENT: generic Continue/Back wiring is registry-sequential, not product-semantic | CURRENT: internal cards/fields/options are mostly presentation-only until callbacks/state are added | missing observations must remain gaps; no fake interpolation","P1","Replace sequential scaffold routing with typed screen actions/ViewModel state; convert visual controls to real Compose inputs/click targets; add repository/use-case calls; add loading/error/offline/idempotency tests."
"PRG_015","PRG","Milestone Detail","WIRED: Continue -> next registry route; Back -> previous registry route","PARTIAL_PROTOTYPE","Open item","","graphs | reports | milestones | coverage","","","actual workouts;confirmed nutrition;activity;observations;target history","manual observation if supported","aggregation;coverage;trend/milestone detection","default","Open item => view milestone/PR detail","CURRENT: generic Continue/Back wiring is registry-sequential, not product-semantic | CURRENT: internal cards/fields/options are mostly presentation-only until callbacks/state are added | missing observations must remain gaps; no fake interpolation","P1","Replace sequential scaffold routing with typed screen actions/ViewModel state; convert visual controls to real Compose inputs/click targets; add repository/use-case calls; add loading/error/offline/idempotency tests."
"PRG_016","PRG","Personal Records","WIRED: Continue -> next registry route; Back -> previous registry route","PARTIAL_PROTOTYPE","Open item","","graphs | reports | milestones | coverage","","","actual workouts;confirmed nutrition;activity;observations;target history","manual observation if supported","aggregation;coverage;trend/milestone detection","default","Open item => view milestone/PR detail","CURRENT: generic Continue/Back wiring is registry-sequential, not product-semantic | CURRENT: internal cards/fields/options are mostly presentation-only until callbacks/state are added | missing observations must remain gaps; no fake interpolation","P1","Replace sequential scaffold routing with typed screen actions/ViewModel state; convert visual controls to real Compose inputs/click targets; add repository/use-case calls; add loading/error/offline/idempotency tests."
"PRG_017","PRG","Training Progress","WIRED: Continue -> next registry route; Back -> previous registry route","PARTIAL_PROTOTYPE","Graph interaction","","graphs | reports | milestones | coverage","","Optional Health Connect read permissions only for connected data types","actual workouts;confirmed nutrition;activity;observations;target history","manual observation if supported","aggregation;coverage;trend/milestone detection","default","Graph interaction => inspect exact observations","CURRENT: generic Continue/Back wiring is registry-sequential, not product-semantic | CURRENT: internal cards/fields/options are mostly presentation-only until callbacks/state are added | missing observations must remain gaps; no fake interpolation","P1","Replace sequential scaffold routing with typed screen actions/ViewModel state; convert visual controls to real Compose inputs/click targets; add repository/use-case calls; add loading/error/offline/idempotency tests."
"PRG_018","PRG","Strength Progress","WIRED: Continue -> next registry route; Back -> previous registry route","PARTIAL_PROTOTYPE","Graph interaction","","graphs | reports | milestones | coverage","","Optional Health Connect read permissions only for connected data types","actual workouts;confirmed nutrition;activity;observations;target history","manual observation if supported","aggregation;coverage;trend/milestone detection","default","Graph interaction => inspect exact observations","CURRENT: generic Continue/Back wiring is registry-sequential, not product-semantic | CURRENT: internal cards/fields/options are mostly presentation-only until callbacks/state are added | missing observations must remain gaps; no fake interpolation","P1","Replace sequential scaffold routing with typed screen actions/ViewModel state; convert visual controls to real Compose inputs/click targets; add repository/use-case calls; add loading/error/offline/idempotency tests."
"PRG_019","PRG","Training Volume","WIRED: Continue -> next registry route; Back -> previous registry route","PARTIAL_PROTOTYPE","Graph interaction","","graphs | reports | milestones | coverage","","","actual workouts;confirmed nutrition;activity;observations;target history","manual observation if supported","aggregation;coverage;trend/milestone detection","default","Graph interaction => inspect exact observations","CURRENT: generic Continue/Back wiring is registry-sequential, not product-semantic | CURRENT: internal cards/fields/options are mostly presentation-only until callbacks/state are added | missing observations must remain gaps; no fake interpolation","P1","Replace sequential scaffold routing with typed screen actions/ViewModel state; convert visual controls to real Compose inputs/click targets; add repository/use-case calls; add loading/error/offline/idempotency tests."
"PRG_020","PRG","Workout Consistency","WIRED: Continue -> next registry route; Back -> previous registry route","PARTIAL_PROTOTYPE","Graph interaction","","graphs | reports | milestones | coverage","","","actual workouts;confirmed nutrition;activity;observations;target history","manual observation if supported","aggregation;coverage;trend/milestone detection","default","Graph interaction => inspect exact observations","CURRENT: generic Continue/Back wiring is registry-sequential, not product-semantic | CURRENT: internal cards/fields/options are mostly presentation-only until callbacks/state are added | missing observations must remain gaps; no fake interpolation","P1","Replace sequential scaffold routing with typed screen actions/ViewModel state; convert visual controls to real Compose inputs/click targets; add repository/use-case calls; add loading/error/offline/idempotency tests."
"PRG_021","PRG","Workout Duration","WIRED: Continue -> next registry route; Back -> previous registry route","PARTIAL_PROTOTYPE","Graph interaction","","graphs | reports | milestones | coverage","","","actual workouts;confirmed nutrition;activity;observations;target history","manual observation if supported","aggregation;coverage;trend/milestone detection","default","Graph interaction => inspect exact observations","CURRENT: generic Continue/Back wiring is registry-sequential, not product-semantic | CURRENT: internal cards/fields/options are mostly presentation-only until callbacks/state are added | missing observations must remain gaps; no fake interpolation","P1","Replace sequential scaffold routing with typed screen actions/ViewModel state; convert visual controls to real Compose inputs/click targets; add repository/use-case calls; add loading/error/offline/idempotency tests."
"PRG_022","PRG","Nutrition Progress","WIRED: Continue -> next registry route; Back -> previous registry route","PARTIAL_PROTOTYPE","Graph interaction","","graphs | reports | milestones | coverage","","Optional Health Connect read permissions only for connected data types","actual workouts;confirmed nutrition;activity;observations;target history","manual observation if supported","aggregation;coverage;trend/milestone detection","default","Graph interaction => inspect exact observations","CURRENT: generic Continue/Back wiring is registry-sequential, not product-semantic | CURRENT: internal cards/fields/options are mostly presentation-only until callbacks/state are added | missing observations must remain gaps; no fake interpolation","P1","Replace sequential scaffold routing with typed screen actions/ViewModel state; convert visual controls to real Compose inputs/click targets; add repository/use-case calls; add loading/error/offline/idempotency tests."
"PRG_023","PRG","Nutrition Averages","WIRED: Continue -> next registry route; Back -> previous registry route","PARTIAL_PROTOTYPE","Graph interaction","","graphs | reports | milestones | coverage","","Optional Health Connect read permissions only for connected data types","actual workouts;confirmed nutrition;activity;observations;target history","manual observation if supported","aggregation;coverage;trend/milestone detection","default","Graph interaction => inspect exact observations","CURRENT: generic Continue/Back wiring is registry-sequential, not product-semantic | CURRENT: internal cards/fields/options are mostly presentation-only until callbacks/state are added | missing observations must remain gaps; no fake interpolation","P1","Replace sequential scaffold routing with typed screen actions/ViewModel state; convert visual controls to real Compose inputs/click targets; add repository/use-case calls; add loading/error/offline/idempotency tests."
"PRG_024","PRG","Protein Trend","WIRED: Continue -> next registry route; Back -> previous registry route","PARTIAL_PROTOTYPE","Graph interaction","","graphs | reports | milestones | coverage","","","actual workouts;confirmed nutrition;activity;observations;target history","manual observation if supported","aggregation;coverage;trend/milestone detection","default","Graph interaction => inspect exact observations","CURRENT: generic Continue/Back wiring is registry-sequential, not product-semantic | CURRENT: internal cards/fields/options are mostly presentation-only until callbacks/state are added | missing observations must remain gaps; no fake interpolation","P1","Replace sequential scaffold routing with typed screen actions/ViewModel state; convert visual controls to real Compose inputs/click targets; add repository/use-case calls; add loading/error/offline/idempotency tests."
"PRG_025","PRG","Fiber Trend","WIRED: Continue -> next registry route; Back -> previous registry route","PARTIAL_PROTOTYPE","Graph interaction","","graphs | reports | milestones | coverage","","","actual workouts;confirmed nutrition;activity;observations;target history","manual observation if supported","aggregation;coverage;trend/milestone detection","default","Graph interaction => inspect exact observations","CURRENT: generic Continue/Back wiring is registry-sequential, not product-semantic | CURRENT: internal cards/fields/options are mostly presentation-only until callbacks/state are added | missing observations must remain gaps; no fake interpolation","P1","Replace sequential scaffold routing with typed screen actions/ViewModel state; convert visual controls to real Compose inputs/click targets; add repository/use-case calls; add loading/error/offline/idempotency tests."
"PRG_026","PRG","Activity Progress","WIRED: Continue -> next registry route; Back -> previous registry route","PARTIAL_PROTOTYPE","Graph interaction","","graphs | reports | milestones | coverage","optional Health Connect/activity source","Optional Health Connect read permissions only for connected data types","actual workouts;confirmed nutrition;activity;observations;target history","manual observation if supported","aggregation;coverage;trend/milestone detection","default","Graph interaction => inspect exact observations","CURRENT: generic Continue/Back wiring is registry-sequential, not product-semantic | CURRENT: internal cards/fields/options are mostly presentation-only until callbacks/state are added | missing observations must remain gaps; no fake interpolation","P1","Replace sequential scaffold routing with typed screen actions/ViewModel state; convert visual controls to real Compose inputs/click targets; add repository/use-case calls; add loading/error/offline/idempotency tests."
"PRG_027","PRG","Running Progress","WIRED: Continue -> next registry route; Back -> previous registry route","PARTIAL_PROTOTYPE","Graph interaction","","graphs | reports | milestones | coverage","optional Health Connect/activity source","Optional Health Connect read permissions only for connected data types","actual workouts;confirmed nutrition;activity;observations;target history","manual observation if supported","aggregation;coverage;trend/milestone detection","default","Graph interaction => inspect exact observations","CURRENT: generic Continue/Back wiring is registry-sequential, not product-semantic | CURRENT: internal cards/fields/options are mostly presentation-only until callbacks/state are added | missing observations must remain gaps; no fake interpolation","P1","Replace sequential scaffold routing with typed screen actions/ViewModel state; convert visual controls to real Compose inputs/click targets; add repository/use-case calls; add loading/error/offline/idempotency tests."
"PRG_028","PRG","Swimming Progress","WIRED: Continue -> next registry route; Back -> previous registry route","PARTIAL_PROTOTYPE","Graph interaction","","graphs | reports | milestones | coverage","optional Health Connect/activity source","Optional Health Connect read permissions only for connected data types","actual workouts;confirmed nutrition;activity;observations;target history","manual observation if supported","aggregation;coverage;trend/milestone detection","default","Graph interaction => inspect exact observations","CURRENT: generic Continue/Back wiring is registry-sequential, not product-semantic | CURRENT: internal cards/fields/options are mostly presentation-only until callbacks/state are added | missing observations must remain gaps; no fake interpolation","P1","Replace sequential scaffold routing with typed screen actions/ViewModel state; convert visual controls to real Compose inputs/click targets; add repository/use-case calls; add loading/error/offline/idempotency tests."
"PRG_029","PRG","Weekly Report","WIRED: Continue -> next registry route; Back -> previous registry route","PARTIAL_PROTOTYPE","Open section","","graphs | reports | milestones | coverage","","","actual workouts;confirmed nutrition;activity;observations;target history","manual observation if supported","aggregation;coverage;trend/milestone detection","default","Open section => drill into training/nutrition/activity report","CURRENT: generic Continue/Back wiring is registry-sequential, not product-semantic | CURRENT: internal cards/fields/options are mostly presentation-only until callbacks/state are added | missing observations must remain gaps; no fake interpolation","P1","Replace sequential scaffold routing with typed screen actions/ViewModel state; convert visual controls to real Compose inputs/click targets; add repository/use-case calls; add loading/error/offline/idempotency tests."
"PRG_030","PRG","Monthly Report","WIRED: Continue -> next registry route; Back -> previous registry route","PARTIAL_PROTOTYPE","Open section","","graphs | reports | milestones | coverage","","","actual workouts;confirmed nutrition;activity;observations;target history","manual observation if supported","aggregation;coverage;trend/milestone detection","default","Open section => drill into training/nutrition/activity report","CURRENT: generic Continue/Back wiring is registry-sequential, not product-semantic | CURRENT: internal cards/fields/options are mostly presentation-only until callbacks/state are added | missing observations must remain gaps; no fake interpolation","P1","Replace sequential scaffold routing with typed screen actions/ViewModel state; convert visual controls to real Compose inputs/click targets; add repository/use-case calls; add loading/error/offline/idempotency tests."
"PRO_001","PRO","Profile Dashboard","WIRED: Continue -> next registry route; Back -> previous registry route","PARTIAL_PROTOTYPE","Setting row","","settings | revision history | privacy/export status","","","profile;targets;preferences;privacy;permissions","profile;target revision;preferences;export/delete requests","target recalculation preview;privacy policy gates","default","Setting row => open selected Profile section","CURRENT: generic Continue/Back wiring is registry-sequential, not product-semantic | CURRENT: internal cards/fields/options are mostly presentation-only until callbacks/state are added","P1","Replace sequential scaffold routing with typed screen actions/ViewModel state; convert visual controls to real Compose inputs/click targets; add repository/use-case calls; add loading/error/offline/idempotency tests."
"PRO_002","PRO","Personal Details","WIRED: Continue -> next registry route; Back -> previous registry route","PARTIAL_PROTOTYPE","Edit/Save","personal details","settings | revision history | privacy/export status","","","profile;targets;preferences;privacy;permissions","profile;target revision;preferences;export/delete requests","target recalculation preview;privacy policy gates","default","Edit/Save => update profile fields","CURRENT: generic Continue/Back wiring is registry-sequential, not product-semantic | CURRENT: internal cards/fields/options are mostly presentation-only until callbacks/state are added","P1","Replace sequential scaffold routing with typed screen actions/ViewModel state; convert visual controls to real Compose inputs/click targets; add repository/use-case calls; add loading/error/offline/idempotency tests."
"PRO_003","PRO","Targets and Goals","WIRED: Continue -> next registry route; Back -> previous registry route","PARTIAL_PROTOTYPE","Edit target | Revision history","","settings | revision history | privacy/export status","","","profile;targets;preferences;privacy;permissions","profile;target revision;preferences;export/delete requests","target recalculation preview;privacy policy gates","default","Edit target => open Edit Target | Revision history => open history","CURRENT: generic Continue/Back wiring is registry-sequential, not product-semantic | CURRENT: internal cards/fields/options are mostly presentation-only until callbacks/state are added","P1","Replace sequential scaffold routing with typed screen actions/ViewModel state; convert visual controls to real Compose inputs/click targets; add repository/use-case calls; add loading/error/offline/idempotency tests."
"PRO_004","PRO","Edit Target","WIRED: Continue -> next registry route; Back -> previous registry route","PARTIAL_PROTOTYPE","Preview change","target revision","settings | revision history | privacy/export status","","","profile;targets;preferences;privacy;permissions","profile;target revision;preferences;export/delete requests","target recalculation preview;privacy policy gates","default","Preview change => calculate future target preview","CURRENT: generic Continue/Back wiring is registry-sequential, not product-semantic | CURRENT: internal cards/fields/options are mostly presentation-only until callbacks/state are added","P1","Replace sequential scaffold routing with typed screen actions/ViewModel state; convert visual controls to real Compose inputs/click targets; add repository/use-case calls; add loading/error/offline/idempotency tests."
"PRO_005","PRO","Target Preview","WIRED: Continue -> next registry route; Back -> previous registry route","PARTIAL_PROTOTYPE","Confirm revision","","settings | revision history | privacy/export status","","","profile;targets;preferences;privacy;permissions","profile;target revision;preferences;export/delete requests","target recalculation preview;privacy policy gates","default","Confirm revision => write target revision effective in future","CURRENT: generic Continue/Back wiring is registry-sequential, not product-semantic | CURRENT: internal cards/fields/options are mostly presentation-only until callbacks/state are added","P1","Replace sequential scaffold routing with typed screen actions/ViewModel state; convert visual controls to real Compose inputs/click targets; add repository/use-case calls; add loading/error/offline/idempotency tests."
"PRO_006","PRO","Target Revision History","WIRED: Continue -> next registry route; Back -> previous registry route","PARTIAL_PROTOTYPE","Open revision","","settings | revision history | privacy/export status","","","profile;targets;preferences;privacy;permissions","profile;target revision;preferences;export/delete requests","target recalculation preview;privacy policy gates","default","Open revision => view immutable target revision","CURRENT: generic Continue/Back wiring is registry-sequential, not product-semantic | CURRENT: internal cards/fields/options are mostly presentation-only until callbacks/state are added","P1","Replace sequential scaffold routing with typed screen actions/ViewModel state; convert visual controls to real Compose inputs/click targets; add repository/use-case calls; add loading/error/offline/idempotency tests."
"PRO_007","PRO","Units","WIRED: Continue -> next registry route; Back -> previous registry route","PARTIAL_PROTOTYPE","Select option","unit system","settings | revision history | privacy/export status","","","profile;targets;preferences;privacy;permissions","profile;target revision;preferences;export/delete requests","target recalculation preview;privacy policy gates","default","Select option => save preference","CURRENT: generic Continue/Back wiring is registry-sequential, not product-semantic | CURRENT: internal cards/fields/options are mostly presentation-only until callbacks/state are added","P1","Replace sequential scaffold routing with typed screen actions/ViewModel state; convert visual controls to real Compose inputs/click targets; add repository/use-case calls; add loading/error/offline/idempotency tests."
"PRO_008","PRO","Language and Region","WIRED: Continue -> next registry route; Back -> previous registry route","PARTIAL_PROTOTYPE","Select option","language/region","settings | revision history | privacy/export status","","","profile;targets;preferences;privacy;permissions","profile;target revision;preferences;export/delete requests","target recalculation preview;privacy policy gates","default","Select option => save preference","CURRENT: generic Continue/Back wiring is registry-sequential, not product-semantic | CURRENT: internal cards/fields/options are mostly presentation-only until callbacks/state are added","P1","Replace sequential scaffold routing with typed screen actions/ViewModel state; convert visual controls to real Compose inputs/click targets; add repository/use-case calls; add loading/error/offline/idempotency tests."
"PRO_009","PRO","Appearance","WIRED: Continue -> next registry route; Back -> previous registry route","PARTIAL_PROTOTYPE","Select option","theme","settings | revision history | privacy/export status","","","profile;targets;preferences;privacy;permissions","profile;target revision;preferences;export/delete requests","target recalculation preview;privacy policy gates","default","Select option => save preference","CURRENT: generic Continue/Back wiring is registry-sequential, not product-semantic | CURRENT: internal cards/fields/options are mostly presentation-only until callbacks/state are added","P1","Replace sequential scaffold routing with typed screen actions/ViewModel state; convert visual controls to real Compose inputs/click targets; add repository/use-case calls; add loading/error/offline/idempotency tests."
"PRO_010","PRO","Sound and Haptics","WIRED: Continue -> next registry route; Back -> previous registry route","PARTIAL_PROTOTYPE","Toggle preference","preference toggles","settings | revision history | privacy/export status","","","profile;targets;preferences;privacy;permissions","profile;target revision;preferences;export/delete requests","target recalculation preview;privacy policy gates","default","Toggle preference => save preference/permission state","CURRENT: generic Continue/Back wiring is registry-sequential, not product-semantic | CURRENT: internal cards/fields/options are mostly presentation-only until callbacks/state are added","P1","Replace sequential scaffold routing with typed screen actions/ViewModel state; convert visual controls to real Compose inputs/click targets; add repository/use-case calls; add loading/error/offline/idempotency tests."
"PRO_011","PRO","Notifications","WIRED: Continue -> next registry route; Back -> previous registry route","PARTIAL_PROTOTYPE","Toggle preference","preference toggles","settings | revision history | privacy/export status","","POST_NOTIFICATIONS(API33+)","profile;targets;preferences;privacy;permissions","profile;target revision;preferences;export/delete requests","target recalculation preview;privacy policy gates","default","Toggle preference => save preference/permission state","CURRENT: generic Continue/Back wiring is registry-sequential, not product-semantic | CURRENT: internal cards/fields/options are mostly presentation-only until callbacks/state are added","P1","Replace sequential scaffold routing with typed screen actions/ViewModel state; convert visual controls to real Compose inputs/click targets; add repository/use-case calls; add loading/error/offline/idempotency tests."
"PRO_012","PRO","Privacy and Data","WIRED: Continue -> next registry route; Back -> previous registry route","PARTIAL_PROTOTYPE","Open data control","","settings | revision history | privacy/export status","","","profile;targets;preferences;privacy;permissions","profile;target revision;preferences;export/delete requests","target recalculation preview;privacy policy gates","default","Open data control => open export/delete/permission detail","CURRENT: generic Continue/Back wiring is registry-sequential, not product-semantic | CURRENT: internal cards/fields/options are mostly presentation-only until callbacks/state are added","P1","Replace sequential scaffold routing with typed screen actions/ViewModel state; convert visual controls to real Compose inputs/click targets; add repository/use-case calls; add loading/error/offline/idempotency tests."
"PRO_013","PRO","Export Data","WIRED: Continue -> next registry route; Back -> previous registry route","PARTIAL_PROTOTYPE","Request export","","settings | revision history | privacy/export status","","","profile;targets;preferences;privacy;permissions","profile;target revision;preferences;export/delete requests","target recalculation preview;privacy policy gates","default","Request export => create export job","CURRENT: generic Continue/Back wiring is registry-sequential, not product-semantic | CURRENT: internal cards/fields/options are mostly presentation-only until callbacks/state are added","P1","Replace sequential scaffold routing with typed screen actions/ViewModel state; convert visual controls to real Compose inputs/click targets; add repository/use-case calls; add loading/error/offline/idempotency tests."
"PRO_014","PRO","Delete Account","WIRED: Continue -> next registry route; Back -> previous registry route","PARTIAL_PROTOTYPE","Request deletion","destructive confirmation","settings | revision history | privacy/export status","","","profile;targets;preferences;privacy;permissions","profile;target revision;preferences;export/delete requests","target recalculation preview;privacy policy gates","default | confirmation","Request deletion => create deliberate deletion request","CURRENT: generic Continue/Back wiring is registry-sequential, not product-semantic | CURRENT: internal cards/fields/options are mostly presentation-only until callbacks/state are added | protect against duplicate submission; destructive/payment actions require confirmation/idempotency","P1","Replace sequential scaffold routing with typed screen actions/ViewModel state; convert visual controls to real Compose inputs/click targets; add repository/use-case calls; add loading/error/offline/idempotency tests."
"PRO_015","PRO","Terms and Privacy","WIRED: Continue -> next registry route; Back -> previous registry route","PARTIAL_PROTOTYPE","Open data control","","settings | revision history | privacy/export status","","","profile;targets;preferences;privacy;permissions","profile;target revision;preferences;export/delete requests","target recalculation preview;privacy policy gates","default","Open data control => open export/delete/permission detail","CURRENT: generic Continue/Back wiring is registry-sequential, not product-semantic | CURRENT: internal cards/fields/options are mostly presentation-only until callbacks/state are added","P1","Replace sequential scaffold routing with typed screen actions/ViewModel state; convert visual controls to real Compose inputs/click targets; add repository/use-case calls; add loading/error/offline/idempotency tests."
"PRO_016","PRO","Help Center","WIRED: Continue -> next registry route; Back -> previous registry route","PARTIAL_PROTOTYPE","Search help | Article","help query","settings | revision history | privacy/export status","","","profile;targets;preferences;privacy;permissions","profile;target revision;preferences;export/delete requests","target recalculation preview;privacy policy gates","default","Search help => search help | Article => open help article","CURRENT: generic Continue/Back wiring is registry-sequential, not product-semantic | CURRENT: internal cards/fields/options are mostly presentation-only until callbacks/state are added","P1","Replace sequential scaffold routing with typed screen actions/ViewModel state; convert visual controls to real Compose inputs/click targets; add repository/use-case calls; add loading/error/offline/idempotency tests."
"PRO_017","PRO","Finish Personalization","WIRED: Continue -> next registry route; Back -> previous registry route","PARTIAL_PROTOTYPE","Continue setup","","settings | revision history | privacy/export status","","","profile;targets;preferences;privacy;permissions","profile;target revision;preferences;export/delete requests","target recalculation preview;privacy policy gates","default","Continue setup => resume onboarding/setup","CURRENT: generic Continue/Back wiring is registry-sequential, not product-semantic | CURRENT: internal cards/fields/options are mostly presentation-only until callbacks/state are added","P1","Replace sequential scaffold routing with typed screen actions/ViewModel state; convert visual controls to real Compose inputs/click targets; add repository/use-case calls; add loading/error/offline/idempotency tests."
"PRO_018","PRO","Profile Offline","WIRED: Continue -> next registry route; Back -> previous registry route","PARTIAL_PROTOTYPE","Retry sync","","settings | revision history | privacy/export status | recovery/error state","","","profile;targets;preferences;privacy;permissions","profile;target revision;preferences;export/delete requests","target recalculation preview;privacy policy gates","default | offline","Retry sync => refresh profile","CURRENT: generic Continue/Back wiring is registry-sequential, not product-semantic | CURRENT: internal cards/fields/options are mostly presentation-only until callbacks/state are added","P1","Replace sequential scaffold routing with typed screen actions/ViewModel state; convert visual controls to real Compose inputs/click targets; add repository/use-case calls; add loading/error/offline/idempotency tests."
"DEV_001","DEV","Devices Dashboard","WIRED: Continue -> next registry route; Back -> previous registry route","PARTIAL_PROTOTYPE","Device row | Sync now | Manage permissions | Disconnect","","device connection | last sync | capabilities","Wear OS peer connection","","device registry;sync receipts;permissions","pairing;device permission grants;sync state;disconnect","peer verification;freshness;idempotent sync","default","Device row => open Device Detail | Sync now => start sync | Manage permissions => open Device Permissions | Disconnect => open confirmation","CURRENT: generic Continue/Back wiring is registry-sequential, not product-semantic | CURRENT: internal cards/fields/options are mostly presentation-only until callbacks/state are added | local/watch events must be idempotent and retained until acknowledgment","P1","Replace sequential scaffold routing with typed screen actions/ViewModel state; convert visual controls to real Compose inputs/click targets; add repository/use-case calls; add loading/error/offline/idempotency tests."
"DEV_002","DEV","Connect Wear OS","WIRED: Continue -> next registry route; Back -> previous registry route","PARTIAL_PROTOTYPE","Start discovery","","device connection | last sync | capabilities","Wear OS peer connection","Wear Data Layer preferred; raw BLE only if needed: BLUETOOTH_SCAN/BLUETOOTH_CONNECT","device registry;sync receipts;permissions","pairing;device permission grants;sync state;disconnect","peer verification;freshness;idempotent sync","default","Start discovery => open Device Discovery","CURRENT: generic Continue/Back wiring is registry-sequential, not product-semantic | CURRENT: internal cards/fields/options are mostly presentation-only until callbacks/state are added | local/watch events must be idempotent and retained until acknowledgment","P1","Replace sequential scaffold routing with typed screen actions/ViewModel state; convert visual controls to real Compose inputs/click targets; add repository/use-case calls; add loading/error/offline/idempotency tests."
"DEV_003","DEV","Device Discovery","WIRED: Continue -> next registry route; Back -> previous registry route","PARTIAL_PROTOTYPE","Device result","","device connection | last sync | capabilities","Wear OS peer connection","Wear Data Layer preferred; raw BLE only if needed: BLUETOOTH_SCAN/BLUETOOTH_CONNECT","device registry;sync receipts;permissions","pairing;device permission grants;sync state;disconnect","peer verification;freshness;idempotent sync","default","Device result => open Device Found","CURRENT: generic Continue/Back wiring is registry-sequential, not product-semantic | CURRENT: internal cards/fields/options are mostly presentation-only until callbacks/state are added | local/watch events must be idempotent and retained until acknowledgment","P1","Replace sequential scaffold routing with typed screen actions/ViewModel state; convert visual controls to real Compose inputs/click targets; add repository/use-case calls; add loading/error/offline/idempotency tests."
"DEV_004","DEV","Device Found","WIRED: Continue -> next registry route; Back -> previous registry route","PARTIAL_PROTOTYPE","Pair","","device connection | last sync | capabilities","Wear OS peer connection","","device registry;sync receipts;permissions","pairing;device permission grants;sync state;disconnect","peer verification;freshness;idempotent sync","default","Pair => start pairing","CURRENT: generic Continue/Back wiring is registry-sequential, not product-semantic | CURRENT: internal cards/fields/options are mostly presentation-only until callbacks/state are added | local/watch events must be idempotent and retained until acknowledgment","P1","Replace sequential scaffold routing with typed screen actions/ViewModel state; convert visual controls to real Compose inputs/click targets; add repository/use-case calls; add loading/error/offline/idempotency tests."
"DEV_005","DEV","Pairing","WIRED: Continue -> next registry route; Back -> previous registry route","PARTIAL_PROTOTYPE","Cancel","","device connection | last sync | capabilities","Wear OS peer connection","Wear Data Layer preferred; raw BLE only if needed: BLUETOOTH_SCAN/BLUETOOTH_CONNECT","device registry;sync receipts;permissions","pairing;device permission grants;sync state;disconnect","peer verification;freshness;idempotent sync","default","Cancel => cancel pairing safely","CURRENT: generic Continue/Back wiring is registry-sequential, not product-semantic | CURRENT: internal cards/fields/options are mostly presentation-only until callbacks/state are added | local/watch events must be idempotent and retained until acknowledgment","P1","Replace sequential scaffold routing with typed screen actions/ViewModel state; convert visual controls to real Compose inputs/click targets; add repository/use-case calls; add loading/error/offline/idempotency tests."
"DEV_006","DEV","Connected Device","WIRED: Continue -> next registry route; Back -> previous registry route","PARTIAL_PROTOTYPE","Device row | Sync now | Manage permissions | Disconnect","","device connection | last sync | capabilities","Wear OS peer connection","Wear Data Layer preferred; raw BLE only if needed: BLUETOOTH_SCAN/BLUETOOTH_CONNECT","device registry;sync receipts;permissions","pairing;device permission grants;sync state;disconnect","peer verification;freshness;idempotent sync","default","Device row => open Device Detail | Sync now => start sync | Manage permissions => open Device Permissions | Disconnect => open confirmation","CURRENT: generic Continue/Back wiring is registry-sequential, not product-semantic | CURRENT: internal cards/fields/options are mostly presentation-only until callbacks/state are added | local/watch events must be idempotent and retained until acknowledgment","P1","Replace sequential scaffold routing with typed screen actions/ViewModel state; convert visual controls to real Compose inputs/click targets; add repository/use-case calls; add loading/error/offline/idempotency tests."
"DEV_007","DEV","Device Detail","WIRED: Continue -> next registry route; Back -> previous registry route","PARTIAL_PROTOTYPE","Device row | Sync now | Manage permissions | Disconnect","","device connection | last sync | capabilities","Wear OS peer connection","","device registry;sync receipts;permissions","pairing;device permission grants;sync state;disconnect","peer verification;freshness;idempotent sync","default","Device row => open Device Detail | Sync now => start sync | Manage permissions => open Device Permissions | Disconnect => open confirmation","CURRENT: generic Continue/Back wiring is registry-sequential, not product-semantic | CURRENT: internal cards/fields/options are mostly presentation-only until callbacks/state are added | local/watch events must be idempotent and retained until acknowledgment","P1","Replace sequential scaffold routing with typed screen actions/ViewModel state; convert visual controls to real Compose inputs/click targets; add repository/use-case calls; add loading/error/offline/idempotency tests."
"DEV_008","DEV","Device Permissions","WIRED: Continue -> next registry route; Back -> previous registry route","PARTIAL_PROTOTYPE","Toggle grant/revoke","device permission choices","device connection | last sync | capabilities","Wear OS peer connection","","device registry;sync receipts;permissions","pairing;device permission grants;sync state;disconnect","peer verification;freshness;idempotent sync","default | permission","Toggle grant/revoke => update permission state","CURRENT: generic Continue/Back wiring is registry-sequential, not product-semantic | CURRENT: internal cards/fields/options are mostly presentation-only until callbacks/state are added | local/watch events must be idempotent and retained until acknowledgment","P1","Replace sequential scaffold routing with typed screen actions/ViewModel state; convert visual controls to real Compose inputs/click targets; add repository/use-case calls; add loading/error/offline/idempotency tests."
"DEV_009","DEV","Manual Sync","WIRED: Continue -> next registry route; Back -> previous registry route","PARTIAL_PROTOTYPE","Sync now","","device connection | last sync | capabilities","Wear OS peer connection","","device registry;sync receipts;permissions","pairing;device permission grants;sync state;disconnect","peer verification;freshness;idempotent sync","default","Sync now => start idempotent sync","CURRENT: generic Continue/Back wiring is registry-sequential, not product-semantic | CURRENT: internal cards/fields/options are mostly presentation-only until callbacks/state are added | local/watch events must be idempotent and retained until acknowledgment","P1","Replace sequential scaffold routing with typed screen actions/ViewModel state; convert visual controls to real Compose inputs/click targets; add repository/use-case calls; add loading/error/offline/idempotency tests."
"DEV_010","DEV","Stale Device","WIRED: Continue -> next registry route; Back -> previous registry route","PARTIAL_PROTOTYPE","Reconnect","","device connection | last sync | capabilities | recovery/error state","Wear OS peer connection","","device registry;sync receipts;permissions","pairing;device permission grants;sync state;disconnect","peer verification;freshness;idempotent sync","default | stale","Reconnect => restore peer/session","CURRENT: generic Continue/Back wiring is registry-sequential, not product-semantic | CURRENT: internal cards/fields/options are mostly presentation-only until callbacks/state are added | local/watch events must be idempotent and retained until acknowledgment","P1","Replace sequential scaffold routing with typed screen actions/ViewModel state; convert visual controls to real Compose inputs/click targets; add repository/use-case calls; add loading/error/offline/idempotency tests."
"DEV_011","DEV","Reconnect Device","WIRED: Continue -> next registry route; Back -> previous registry route","PARTIAL_PROTOTYPE","Reconnect","","device connection | last sync | capabilities","Wear OS peer connection","Wear Data Layer preferred; raw BLE only if needed: BLUETOOTH_SCAN/BLUETOOTH_CONNECT","device registry;sync receipts;permissions","pairing;device permission grants;sync state;disconnect","peer verification;freshness;idempotent sync","default","Reconnect => restore peer/session","CURRENT: generic Continue/Back wiring is registry-sequential, not product-semantic | CURRENT: internal cards/fields/options are mostly presentation-only until callbacks/state are added | local/watch events must be idempotent and retained until acknowledgment","P1","Replace sequential scaffold routing with typed screen actions/ViewModel state; convert visual controls to real Compose inputs/click targets; add repository/use-case calls; add loading/error/offline/idempotency tests."
"DEV_012","DEV","Disconnect Device","WIRED: Continue -> next registry route; Back -> previous registry route","PARTIAL_PROTOTYPE","Disconnect","","device connection | last sync | capabilities","Wear OS peer connection","Wear Data Layer preferred; raw BLE only if needed: BLUETOOTH_SCAN/BLUETOOTH_CONNECT","device registry;sync receipts;permissions","pairing;device permission grants;sync state;disconnect","peer verification;freshness;idempotent sync","default | confirmation","Disconnect => remove active connection after pending-event check","CURRENT: generic Continue/Back wiring is registry-sequential, not product-semantic | CURRENT: internal cards/fields/options are mostly presentation-only until callbacks/state are added | local/watch events must be idempotent and retained until acknowledgment","P1","Replace sequential scaffold routing with typed screen actions/ViewModel state; convert visual controls to real Compose inputs/click targets; add repository/use-case calls; add loading/error/offline/idempotency tests."
"BIL_001","BIL","Billing Dashboard","WIRED: Continue -> next registry route; Back -> previous registry route","PARTIAL_PROTOTYPE","Compare plans | Manage subscription | Restore purchase","","plan | purchase state | restore state","","","entitlements;store state","purchase/restore intent;entitlement refresh","store verification only","default","Compare plans => open Compare Plans | Manage subscription => platform management handoff | Restore purchase => open Restore Purchase","CURRENT: generic Continue/Back wiring is registry-sequential, not product-semantic | CURRENT: internal cards/fields/options are mostly presentation-only until callbacks/state are added","P1","Replace sequential scaffold routing with typed screen actions/ViewModel state; convert visual controls to real Compose inputs/click targets; add repository/use-case calls; add loading/error/offline/idempotency tests."
"BIL_002","BIL","Current Plan","WIRED: Continue -> next registry route; Back -> previous registry route","PARTIAL_PROTOTYPE","Compare plans | Manage subscription | Restore purchase","","plan | purchase state | restore state","","","entitlements;store state","purchase/restore intent;entitlement refresh","store verification only","default","Compare plans => open Compare Plans | Manage subscription => platform management handoff | Restore purchase => open Restore Purchase","CURRENT: generic Continue/Back wiring is registry-sequential, not product-semantic | CURRENT: internal cards/fields/options are mostly presentation-only until callbacks/state are added","P1","Replace sequential scaffold routing with typed screen actions/ViewModel state; convert visual controls to real Compose inputs/click targets; add repository/use-case calls; add loading/error/offline/idempotency tests."
"BIL_003","BIL","Compare Plans","WIRED: Continue -> next registry route; Back -> previous registry route","PARTIAL_PROTOTYPE","Choose plan","plan choice","plan | purchase state | restore state","","","entitlements;store state","purchase/restore intent;entitlement refresh","store verification only","default","Choose plan => open Plan Detail","CURRENT: generic Continue/Back wiring is registry-sequential, not product-semantic | CURRENT: internal cards/fields/options are mostly presentation-only until callbacks/state are added","P1","Replace sequential scaffold routing with typed screen actions/ViewModel state; convert visual controls to real Compose inputs/click targets; add repository/use-case calls; add loading/error/offline/idempotency tests."
"BIL_004","BIL","Plan Detail","WIRED: Continue -> next registry route; Back -> previous registry route","PARTIAL_PROTOTYPE","Upgrade/Change","plan choice","plan | purchase state | restore state","","","entitlements;store state","purchase/restore intent;entitlement refresh","store verification only","default","Upgrade/Change => open Purchase Confirmation","CURRENT: generic Continue/Back wiring is registry-sequential, not product-semantic | CURRENT: internal cards/fields/options are mostly presentation-only until callbacks/state are added","P1","Replace sequential scaffold routing with typed screen actions/ViewModel state; convert visual controls to real Compose inputs/click targets; add repository/use-case calls; add loading/error/offline/idempotency tests."
"BIL_005","BIL","Purchase Confirmation","WIRED: Continue -> next registry route; Back -> previous registry route","PARTIAL_PROTOTYPE","Confirm purchase","","plan | purchase state | restore state","","","entitlements;store state","purchase/restore intent;entitlement refresh","store verification only","default | confirmation","Confirm purchase => invoke platform purchase sheet","CURRENT: generic Continue/Back wiring is registry-sequential, not product-semantic | CURRENT: internal cards/fields/options are mostly presentation-only until callbacks/state are added | protect against duplicate submission; destructive/payment actions require confirmation/idempotency","P1","Replace sequential scaffold routing with typed screen actions/ViewModel state; convert visual controls to real Compose inputs/click targets; add repository/use-case calls; add loading/error/offline/idempotency tests."
"BIL_006","BIL","Purchase Processing","WIRED: Continue -> next registry route; Back -> previous registry route","PARTIAL_PROTOTYPE","Leave safely","","plan | purchase state | restore state | progress/processing status","","","entitlements;store state","purchase/restore intent;entitlement refresh","store verification only","default | processing","Leave safely => preserve pending purchase state","CURRENT: generic Continue/Back wiring is registry-sequential, not product-semantic | CURRENT: internal cards/fields/options are mostly presentation-only until callbacks/state are added | protect against duplicate submission; destructive/payment actions require confirmation/idempotency","P1","Replace sequential scaffold routing with typed screen actions/ViewModel state; convert visual controls to real Compose inputs/click targets; add repository/use-case calls; add loading/error/offline/idempotency tests."
"BIL_007","BIL","Purchase Result","WIRED: Continue -> next registry route; Back -> previous registry route","PARTIAL_PROTOTYPE","Continue/Retry","","plan | purchase state | restore state","","","entitlements;store state","purchase/restore intent;entitlement refresh","store verification only","default","Continue/Retry => refresh entitlement or retry","CURRENT: generic Continue/Back wiring is registry-sequential, not product-semantic | CURRENT: internal cards/fields/options are mostly presentation-only until callbacks/state are added | protect against duplicate submission; destructive/payment actions require confirmation/idempotency","P1","Replace sequential scaffold routing with typed screen actions/ViewModel state; convert visual controls to real Compose inputs/click targets; add repository/use-case calls; add loading/error/offline/idempotency tests."
"BIL_008","BIL","Restore Purchase","WIRED: Continue -> next registry route; Back -> previous registry route","PARTIAL_PROTOTYPE","Restore","","plan | purchase state | restore state","","","entitlements;store state","purchase/restore intent;entitlement refresh","store verification only","default","Restore => query platform purchases and verify entitlement","CURRENT: generic Continue/Back wiring is registry-sequential, not product-semantic | CURRENT: internal cards/fields/options are mostly presentation-only until callbacks/state are added | protect against duplicate submission; destructive/payment actions require confirmation/idempotency","P1","Replace sequential scaffold routing with typed screen actions/ViewModel state; convert visual controls to real Compose inputs/click targets; add repository/use-case calls; add loading/error/offline/idempotency tests."
"WAR_001","WAR","Wear Today","WIRED: Continue -> next registry route; Back -> previous registry route","PARTIAL_PROTOTYPE","Start workout | Readiness","","glance | active workout | pending/synced state","optional heart-rate/Health Services","Optional health sensor permission at point of use; API36+ granular health permission for HR","cached workout;readiness;sync state","performed facts on watch;sync queue","local workout execution;approved substitution;sync reconciliation","default","Start workout => open Wear Workout Preview | Readiness => open Wear Readiness","CURRENT: generic Continue/Back wiring is registry-sequential, not product-semantic | CURRENT: internal cards/fields/options are mostly presentation-only until callbacks/state are added | planned prescription must remain distinct from performed actuals | local/watch events must be idempotent and retained until acknowledgment","P1","Replace sequential scaffold routing with typed screen actions/ViewModel state; convert visual controls to real Compose inputs/click targets; add repository/use-case calls; add loading/error/offline/idempotency tests."
"WAR_002","WAR","Wear Readiness","WIRED: Continue -> next registry route; Back -> previous registry route","PARTIAL_PROTOTYPE","Continue","","glance | active workout | pending/synced state","optional heart-rate/Health Services","Optional health sensor permission at point of use; API36+ granular health permission for HR","cached workout;readiness;sync state","performed facts on watch;sync queue","local workout execution;approved substitution;sync reconciliation","default","Continue => return Today/workout with readiness","CURRENT: generic Continue/Back wiring is registry-sequential, not product-semantic | CURRENT: internal cards/fields/options are mostly presentation-only until callbacks/state are added | planned prescription must remain distinct from performed actuals | local/watch events must be idempotent and retained until acknowledgment","P1","Replace sequential scaffold routing with typed screen actions/ViewModel state; convert visual controls to real Compose inputs/click targets; add repository/use-case calls; add loading/error/offline/idempotency tests."
"WAR_003","WAR","Wear Workout Preview","WIRED: Continue -> next registry route; Back -> previous registry route","PARTIAL_PROTOTYPE","Start","","glance | active workout | pending/synced state","","Optional health sensor permission at point of use; API36+ granular health permission for HR","cached workout;readiness;sync state","performed facts on watch;sync queue","local workout execution;approved substitution;sync reconciliation","default","Start => activate cached workout","CURRENT: generic Continue/Back wiring is registry-sequential, not product-semantic | CURRENT: internal cards/fields/options are mostly presentation-only until callbacks/state are added | planned prescription must remain distinct from performed actuals | local/watch events must be idempotent and retained until acknowledgment","P1","Replace sequential scaffold routing with typed screen actions/ViewModel state; convert visual controls to real Compose inputs/click targets; add repository/use-case calls; add loading/error/offline/idempotency tests."
"WAR_004","WAR","Wear Active Exercise","WIRED: Continue -> next registry route; Back -> previous registry route","PARTIAL_PROTOTYPE","Log set | Substitute | Pause","","glance | active workout | pending/synced state","optional heart-rate/Health Services","Optional health sensor permission at point of use; API36+ granular health permission for HR","cached workout;readiness;sync state","performed facts on watch;sync queue","local workout execution;approved substitution;sync reconciliation","default","Log set => open Wear Set Input | Substitute => open approved alternatives | Pause => pause session","CURRENT: generic Continue/Back wiring is registry-sequential, not product-semantic | CURRENT: internal cards/fields/options are mostly presentation-only until callbacks/state are added | planned prescription must remain distinct from performed actuals | local/watch events must be idempotent and retained until acknowledgment","P1","Replace sequential scaffold routing with typed screen actions/ViewModel state; convert visual controls to real Compose inputs/click targets; add repository/use-case calls; add loading/error/offline/idempotency tests."
"WAR_005","WAR","Wear Set Input","WIRED: Continue -> next registry route; Back -> previous registry route","PARTIAL_PROTOTYPE","Complete set","actual reps/load/RPE","glance | active workout | pending/synced state","","","cached workout;readiness;sync state","performed facts on watch;sync queue","local workout execution;approved substitution;sync reconciliation","default","Complete set => write performed facts locally","CURRENT: generic Continue/Back wiring is registry-sequential, not product-semantic | CURRENT: internal cards/fields/options are mostly presentation-only until callbacks/state are added | planned prescription must remain distinct from performed actuals | local/watch events must be idempotent and retained until acknowledgment","P1","Replace sequential scaffold routing with typed screen actions/ViewModel state; convert visual controls to real Compose inputs/click targets; add repository/use-case calls; add loading/error/offline/idempotency tests."
"WAR_006","WAR","Wear Complete Set","WIRED: Continue -> next registry route; Back -> previous registry route","PARTIAL_PROTOTYPE","Rest","","glance | active workout | pending/synced state","","","cached workout;readiness;sync state","performed facts on watch;sync queue","local workout execution;approved substitution;sync reconciliation","default","Rest => open Rest Timer","CURRENT: generic Continue/Back wiring is registry-sequential, not product-semantic | CURRENT: internal cards/fields/options are mostly presentation-only until callbacks/state are added | planned prescription must remain distinct from performed actuals | local/watch events must be idempotent and retained until acknowledgment | protect against duplicate submission; destructive/payment actions require confirmation/idempotency","P1","Replace sequential scaffold routing with typed screen actions/ViewModel state; convert visual controls to real Compose inputs/click targets; add repository/use-case calls; add loading/error/offline/idempotency tests."
"WAR_007","WAR","Wear Rest Timer","WIRED: Continue -> next registry route; Back -> previous registry route","PARTIAL_PROTOTYPE","Extend | Skip","","glance | active workout | pending/synced state","","","cached workout;readiness;sync state","performed facts on watch;sync queue","local workout execution;approved substitution;sync reconciliation","default","Extend => extend rest | Skip => finish rest","CURRENT: generic Continue/Back wiring is registry-sequential, not product-semantic | CURRENT: internal cards/fields/options are mostly presentation-only until callbacks/state are added | planned prescription must remain distinct from performed actuals | local/watch events must be idempotent and retained until acknowledgment","P1","Replace sequential scaffold routing with typed screen actions/ViewModel state; convert visual controls to real Compose inputs/click targets; add repository/use-case calls; add loading/error/offline/idempotency tests."
"WAR_008","WAR","Wear Substitute","WIRED: Continue -> next registry route; Back -> previous registry route","PARTIAL_PROTOTYPE","Choose substitute","substitution choice","glance | active workout | pending/synced state","","","cached workout;readiness;sync state","performed facts on watch;sync queue","local workout execution;approved substitution;sync reconciliation","default","Choose substitute => swap to cached approved alternative","CURRENT: generic Continue/Back wiring is registry-sequential, not product-semantic | CURRENT: internal cards/fields/options are mostly presentation-only until callbacks/state are added | planned prescription must remain distinct from performed actuals | local/watch events must be idempotent and retained until acknowledgment","P1","Replace sequential scaffold routing with typed screen actions/ViewModel state; convert visual controls to real Compose inputs/click targets; add repository/use-case calls; add loading/error/offline/idempotency tests."
"WAR_009","WAR","Wear Pause","WIRED: Continue -> next registry route; Back -> previous registry route","PARTIAL_PROTOTYPE","Resume","","glance | active workout | pending/synced state","","","cached workout;readiness;sync state","performed facts on watch;sync queue","local workout execution;approved substitution;sync reconciliation","default","Resume => resume active workout","CURRENT: generic Continue/Back wiring is registry-sequential, not product-semantic | CURRENT: internal cards/fields/options are mostly presentation-only until callbacks/state are added | planned prescription must remain distinct from performed actuals | local/watch events must be idempotent and retained until acknowledgment","P1","Replace sequential scaffold routing with typed screen actions/ViewModel state; convert visual controls to real Compose inputs/click targets; add repository/use-case calls; add loading/error/offline/idempotency tests."
"WAR_010","WAR","Wear Finish","WIRED: Continue -> next registry route; Back -> previous registry route","PARTIAL_PROTOTYPE","Finish","","glance | active workout | pending/synced state","","","cached workout;readiness;sync state","performed facts on watch;sync queue","local workout execution;approved substitution;sync reconciliation","default","Finish => close workout and queue sync","CURRENT: generic Continue/Back wiring is registry-sequential, not product-semantic | CURRENT: internal cards/fields/options are mostly presentation-only until callbacks/state are added | planned prescription must remain distinct from performed actuals | local/watch events must be idempotent and retained until acknowledgment","P1","Replace sequential scaffold routing with typed screen actions/ViewModel state; convert visual controls to real Compose inputs/click targets; add repository/use-case calls; add loading/error/offline/idempotency tests."
"WAR_011","WAR","Wear Summary","WIRED: Continue -> next registry route; Back -> previous registry route","PARTIAL_PROTOTYPE","Done","","glance | active workout | pending/synced state","","","cached workout;readiness;sync state","performed facts on watch;sync queue","local workout execution;approved substitution;sync reconciliation","default","Done => return Wear Today","CURRENT: generic Continue/Back wiring is registry-sequential, not product-semantic | CURRENT: internal cards/fields/options are mostly presentation-only until callbacks/state are added | planned prescription must remain distinct from performed actuals | local/watch events must be idempotent and retained until acknowledgment","P1","Replace sequential scaffold routing with typed screen actions/ViewModel state; convert visual controls to real Compose inputs/click targets; add repository/use-case calls; add loading/error/offline/idempotency tests."
"WAR_012","WAR","Wear Sync Pending","WIRED: Continue -> next registry route; Back -> previous registry route","PARTIAL_PROTOTYPE","Retry sync","","glance | active workout | pending/synced state","","","cached workout;readiness;sync state","performed facts on watch;sync queue","local workout execution;approved substitution;sync reconciliation","default","Retry sync => retry phone acknowledgment without duplicating events","CURRENT: generic Continue/Back wiring is registry-sequential, not product-semantic | CURRENT: internal cards/fields/options are mostly presentation-only until callbacks/state are added | planned prescription must remain distinct from performed actuals | local/watch events must be idempotent and retained until acknowledgment","P1","Replace sequential scaffold routing with typed screen actions/ViewModel state; convert visual controls to real Compose inputs/click targets; add repository/use-case calls; add loading/error/offline/idempotency tests."
"SYS_001","SYS","System Loading","WIRED: Continue -> next registry route; Back -> previous registry route","PARTIAL_PROTOTYPE","Cancel if safe","","loading/error/offline/permission/sync states | progress/processing status","","","system/runtime state","draft/pending/sync recovery state","state recovery;conflict resolution policy","default | processing","Cancel if safe => leave only if operation is resumable","CURRENT: generic Continue/Back wiring is registry-sequential, not product-semantic | CURRENT: internal cards/fields/options are mostly presentation-only until callbacks/state are added","P0","Replace sequential scaffold routing with typed screen actions/ViewModel state; convert visual controls to real Compose inputs/click targets; add repository/use-case calls; add loading/error/offline/idempotency tests."
"SYS_002","SYS","System Empty","WIRED: Continue -> next registry route; Back -> previous registry route","PARTIAL_PROTOTYPE","Create/Add","","loading/error/offline/permission/sync states","","","system/runtime state","draft/pending/sync recovery state","state recovery;conflict resolution policy","default","Create/Add => open first-item flow","CURRENT: generic Continue/Back wiring is registry-sequential, not product-semantic | CURRENT: internal cards/fields/options are mostly presentation-only until callbacks/state are added","P0","Replace sequential scaffold routing with typed screen actions/ViewModel state; convert visual controls to real Compose inputs/click targets; add repository/use-case calls; add loading/error/offline/idempotency tests."
"SYS_003","SYS","System Unknown","WIRED: Continue -> next registry route; Back -> previous registry route","PARTIAL_PROTOTYPE","Refresh/Source detail","","loading/error/offline/permission/sync states | recovery/error state","","","system/runtime state","draft/pending/sync recovery state","state recovery;conflict resolution policy","default | unknown","Refresh/Source detail => refresh or explain unavailable data","CURRENT: generic Continue/Back wiring is registry-sequential, not product-semantic | CURRENT: internal cards/fields/options are mostly presentation-only until callbacks/state are added","P0","Replace sequential scaffold routing with typed screen actions/ViewModel state; convert visual controls to real Compose inputs/click targets; add repository/use-case calls; add loading/error/offline/idempotency tests."
"SYS_004","SYS","System Partial Data","WIRED: Continue -> next registry route; Back -> previous registry route","PARTIAL_PROTOTYPE","Refresh/Source detail","","loading/error/offline/permission/sync states","","","system/runtime state","draft/pending/sync recovery state","state recovery;conflict resolution policy","default","Refresh/Source detail => refresh or explain unavailable data","CURRENT: generic Continue/Back wiring is registry-sequential, not product-semantic | CURRENT: internal cards/fields/options are mostly presentation-only until callbacks/state are added","P0","Replace sequential scaffold routing with typed screen actions/ViewModel state; convert visual controls to real Compose inputs/click targets; add repository/use-case calls; add loading/error/offline/idempotency tests."
"SYS_005","SYS","System Offline","WIRED: Continue -> next registry route; Back -> previous registry route","PARTIAL_PROTOTYPE","Retry","","loading/error/offline/permission/sync states | recovery/error state","","","system/runtime state","draft/pending/sync recovery state","state recovery;conflict resolution policy","default | offline","Retry => recheck connection and pending work","CURRENT: generic Continue/Back wiring is registry-sequential, not product-semantic | CURRENT: internal cards/fields/options are mostly presentation-only until callbacks/state are added","P0","Replace sequential scaffold routing with typed screen actions/ViewModel state; convert visual controls to real Compose inputs/click targets; add repository/use-case calls; add loading/error/offline/idempotency tests."
"SYS_006","SYS","System Saved Offline","WIRED: Continue -> next registry route; Back -> previous registry route","PARTIAL_PROTOTYPE","Retry","","loading/error/offline/permission/sync states | recovery/error state","","","system/runtime state","draft/pending/sync recovery state","state recovery;conflict resolution policy","default | offline","Retry => recheck connection and pending work","CURRENT: generic Continue/Back wiring is registry-sequential, not product-semantic | CURRENT: internal cards/fields/options are mostly presentation-only until callbacks/state are added","P0","Replace sequential scaffold routing with typed screen actions/ViewModel state; convert visual controls to real Compose inputs/click targets; add repository/use-case calls; add loading/error/offline/idempotency tests."
"SYS_007","SYS","System Stale","WIRED: Continue -> next registry route; Back -> previous registry route","PARTIAL_PROTOTYPE","Refresh/Source detail","","loading/error/offline/permission/sync states | recovery/error state","","","system/runtime state","draft/pending/sync recovery state","state recovery;conflict resolution policy","default | stale","Refresh/Source detail => refresh or explain unavailable data","CURRENT: generic Continue/Back wiring is registry-sequential, not product-semantic | CURRENT: internal cards/fields/options are mostly presentation-only until callbacks/state are added","P0","Replace sequential scaffold routing with typed screen actions/ViewModel state; convert visual controls to real Compose inputs/click targets; add repository/use-case calls; add loading/error/offline/idempotency tests."
"SYS_008","SYS","Retryable Error","WIRED: Continue -> next registry route; Back -> previous registry route","PARTIAL_PROTOTYPE","Retry","","loading/error/offline/permission/sync states | recovery/error state","","","system/runtime state","draft/pending/sync recovery state","state recovery;conflict resolution policy","default | error/retry","Retry => retry operation","CURRENT: generic Continue/Back wiring is registry-sequential, not product-semantic | CURRENT: internal cards/fields/options are mostly presentation-only until callbacks/state are added","P0","Replace sequential scaffold routing with typed screen actions/ViewModel state; convert visual controls to real Compose inputs/click targets; add repository/use-case calls; add loading/error/offline/idempotency tests."
"SYS_009","SYS","Unavailable State","WIRED: Continue -> next registry route; Back -> previous registry route","PARTIAL_PROTOTYPE","Retry","","loading/error/offline/permission/sync states | recovery/error state","","","system/runtime state","draft/pending/sync recovery state","state recovery;conflict resolution policy","default | error/retry","Retry => retry operation","CURRENT: generic Continue/Back wiring is registry-sequential, not product-semantic | CURRENT: internal cards/fields/options are mostly presentation-only until callbacks/state are added","P0","Replace sequential scaffold routing with typed screen actions/ViewModel state; convert visual controls to real Compose inputs/click targets; add repository/use-case calls; add loading/error/offline/idempotency tests."
"SYS_010","SYS","Permission Required","WIRED: Continue -> next registry route; Back -> previous registry route","PARTIAL_PROTOTYPE","Continue to permission","","loading/error/offline/permission/sync states","","","system/runtime state","draft/pending/sync recovery state","state recovery;conflict resolution policy","default | permission","Continue to permission => launch point-of-use permission request","CURRENT: generic Continue/Back wiring is registry-sequential, not product-semantic | CURRENT: internal cards/fields/options are mostly presentation-only until callbacks/state are added","P0","Replace sequential scaffold routing with typed screen actions/ViewModel state; convert visual controls to real Compose inputs/click targets; add repository/use-case calls; add loading/error/offline/idempotency tests."
"SYS_011","SYS","Permission Denied","WIRED: Continue -> next registry route; Back -> previous registry route","PARTIAL_PROTOTYPE","Open settings","","loading/error/offline/permission/sync states","","","system/runtime state","draft/pending/sync recovery state","state recovery;conflict resolution policy","default | permission","Open settings => open app/system settings","CURRENT: generic Continue/Back wiring is registry-sequential, not product-semantic | CURRENT: internal cards/fields/options are mostly presentation-only until callbacks/state are added","P0","Replace sequential scaffold routing with typed screen actions/ViewModel state; convert visual controls to real Compose inputs/click targets; add repository/use-case calls; add loading/error/offline/idempotency tests."
"SYS_012","SYS","Unsaved Changes","WIRED: Continue -> next registry route; Back -> previous registry route","PARTIAL_PROTOTYPE","Keep editing | Discard","resolution/confirmation choice","loading/error/offline/permission/sync states","","","system/runtime state","draft/pending/sync recovery state","state recovery;conflict resolution policy","default","Keep editing => return to draft | Discard => discard draft","CURRENT: generic Continue/Back wiring is registry-sequential, not product-semantic | CURRENT: internal cards/fields/options are mostly presentation-only until callbacks/state are added","P0","Replace sequential scaffold routing with typed screen actions/ViewModel state; convert visual controls to real Compose inputs/click targets; add repository/use-case calls; add loading/error/offline/idempotency tests."
"SYS_013","SYS","Destructive Confirmation","WIRED: Continue -> next registry route; Back -> previous registry route","PARTIAL_PROTOTYPE","Confirm","resolution/confirmation choice","loading/error/offline/permission/sync states","","","system/runtime state","draft/pending/sync recovery state","state recovery;conflict resolution policy","default | confirmation","Confirm => perform requested destructive action","CURRENT: generic Continue/Back wiring is registry-sequential, not product-semantic | CURRENT: internal cards/fields/options are mostly presentation-only until callbacks/state are added | protect against duplicate submission; destructive/payment actions require confirmation/idempotency","P0","Replace sequential scaffold routing with typed screen actions/ViewModel state; convert visual controls to real Compose inputs/click targets; add repository/use-case calls; add loading/error/offline/idempotency tests."
"SYS_014","SYS","Success State","WIRED: Continue -> next registry route; Back -> previous registry route","PARTIAL_PROTOTYPE","Done","","loading/error/offline/permission/sync states","","","system/runtime state","draft/pending/sync recovery state","state recovery;conflict resolution policy","default","Done => return to success destination","CURRENT: generic Continue/Back wiring is registry-sequential, not product-semantic | CURRENT: internal cards/fields/options are mostly presentation-only until callbacks/state are added","P0","Replace sequential scaffold routing with typed screen actions/ViewModel state; convert visual controls to real Compose inputs/click targets; add repository/use-case calls; add loading/error/offline/idempotency tests."
"SYS_015","SYS","Syncing","WIRED: Continue -> next registry route; Back -> previous registry route","PARTIAL_PROTOTYPE","Retry/Leave safely","","loading/error/offline/permission/sync states | progress/processing status","","","system/runtime state","draft/pending/sync recovery state","state recovery;conflict resolution policy","default | processing","Retry/Leave safely => preserve local data while sync resolves","CURRENT: generic Continue/Back wiring is registry-sequential, not product-semantic | CURRENT: internal cards/fields/options are mostly presentation-only until callbacks/state are added","P0","Replace sequential scaffold routing with typed screen actions/ViewModel state; convert visual controls to real Compose inputs/click targets; add repository/use-case calls; add loading/error/offline/idempotency tests."
"SYS_016","SYS","Sync Pending","WIRED: Continue -> next registry route; Back -> previous registry route","PARTIAL_PROTOTYPE","Retry/Leave safely","","loading/error/offline/permission/sync states","","","system/runtime state","draft/pending/sync recovery state","state recovery;conflict resolution policy","default","Retry/Leave safely => preserve local data while sync resolves","CURRENT: generic Continue/Back wiring is registry-sequential, not product-semantic | CURRENT: internal cards/fields/options are mostly presentation-only until callbacks/state are added","P0","Replace sequential scaffold routing with typed screen actions/ViewModel state; convert visual controls to real Compose inputs/click targets; add repository/use-case calls; add loading/error/offline/idempotency tests."
"SYS_017","SYS","Sync Failed","WIRED: Continue -> next registry route; Back -> previous registry route","PARTIAL_PROTOTYPE","Retry/Leave safely","","loading/error/offline/permission/sync states","","","system/runtime state","draft/pending/sync recovery state","state recovery;conflict resolution policy","default","Retry/Leave safely => preserve local data while sync resolves","CURRENT: generic Continue/Back wiring is registry-sequential, not product-semantic | CURRENT: internal cards/fields/options are mostly presentation-only until callbacks/state are added","P0","Replace sequential scaffold routing with typed screen actions/ViewModel state; convert visual controls to real Compose inputs/click targets; add repository/use-case calls; add loading/error/offline/idempotency tests."
"SYS_018","SYS","Conflict Review","WIRED: Continue -> next registry route; Back -> previous registry route","PARTIAL_PROTOTYPE","Review versions","resolution/confirmation choice","loading/error/offline/permission/sync states","","","system/runtime state","draft/pending/sync recovery state","state recovery;conflict resolution policy","default","Review versions => open conflict resolution","CURRENT: generic Continue/Back wiring is registry-sequential, not product-semantic | CURRENT: internal cards/fields/options are mostly presentation-only until callbacks/state are added","P0","Replace sequential scaffold routing with typed screen actions/ViewModel state; convert visual controls to real Compose inputs/click targets; add repository/use-case calls; add loading/error/offline/idempotency tests."
"SYS_019","SYS","Interrupted Flow","WIRED: Continue -> next registry route; Back -> previous registry route","PARTIAL_PROTOTYPE","Resume | Discard","","loading/error/offline/permission/sync states","","","system/runtime state","draft/pending/sync recovery state","state recovery;conflict resolution policy","default","Resume => restore draft/session | Discard => discard interrupted state","CURRENT: generic Continue/Back wiring is registry-sequential, not product-semantic | CURRENT: internal cards/fields/options are mostly presentation-only until callbacks/state are added","P0","Replace sequential scaffold routing with typed screen actions/ViewModel state; convert visual controls to real Compose inputs/click targets; add repository/use-case calls; add loading/error/offline/idempotency tests."
"SYS_020","SYS","Restored Flow","WIRED: Continue -> next registry route; Back -> previous registry route","PARTIAL_PROTOTYPE","Continue","","loading/error/offline/permission/sync states","","","system/runtime state","draft/pending/sync recovery state","state recovery;conflict resolution policy","default","Continue => resume restored flow","CURRENT: generic Continue/Back wiring is registry-sequential, not product-semantic | CURRENT: internal cards/fields/options are mostly presentation-only until callbacks/state are added","P0","Replace sequential scaffold routing with typed screen actions/ViewModel state; convert visual controls to real Compose inputs/click targets; add repository/use-case calls; add loading/error/offline/idempotency tests."